Emitter_id,Node_id,AidRES_site_id,NUTS0,NUTS3,Lat,Lon,Sector_id,Sector_name,Product_route_id,Product_route_name,Product_cap_ktpa,Config_id_1,Config_id_2,Config_id_noCC,Route_name_1,Route_name_2,Route_name_noCC,Base_emissions_tot_tCO2ptpa,Base_emissions_direct_tCO2ptpa,Captured_CO2_1_tCO2ptpa,Captured_CO2_2_tCO2ptpa,Capture_ofwhich_bio_1_tCO2ptpa,Capture_ofwhich_bio_2_tCO2ptpa,Totex_1_EURptpa,Totex_2_EURptpa,Totex_noCC_EURptpa,Capex_1_EURptpa,Capex_2_EURptpa,Capex_noCC_EURptpa,Opex_noTandS_1_EURptpa,Opex_noTandS_2_EURptpa,Opex_noTandS_noCC_EURptpa,CO2_allowance_cost_1_EURpt,direct_emission_1_tco2_t,direct_emission_2_tco2_t,direct_emission_noCC_tco2_t,total_emission_1_tco2_t,total_emission_2_tco2_t,total_emission_noCC_tco2_t,Cluster_julia
E2026,C2,2,AT,AT121,48.2068240999999,15.21864,3,Glass,11,glass-container,191.9708029,140,146,145,(NG)-CC,(EL)-CC,(EL),0.44358809,0.338,0.097,0.021,0.0,0.0,251.80920304444447,260.61025659999996,267.09275660000003,68.483,53.919,50.0,183.32620304444447,206.6912566,217.09275660000003,1.6499999999999997,0.011,0.002,0.073,0.08259808833333333,0.1719824,0.2425564,C1
E2025,C3,3,AT,AT314,48.0562712999999,14.1409959,3,Glass,11,glass-container,218.5456454,140,146,145,(NG)-CC,(EL)-CC,(EL),0.44358809,0.338,0.097,0.021,0.0,0.0,251.80920304444447,260.61025659999996,267.09275660000003,68.483,53.919,50.0,183.32620304444447,206.6912566,217.09275660000003,1.6499999999999997,0.011,0.002,0.073,0.08259808833333333,0.1719824,0.2425564,C2
E2533,C4,4,AT,AT127,48.1386927,16.5085711999999,6,Chemical,21,chemical-PE,47.165769,65,68,68,(NG)PE-MEA,(EL)PE,(EL)PE,0.050040025,0.016,0.015,0.0,0.0,0.0,1000.7329960451451,1001.8245000000001,1001.8245000000001,37.033860045145,37.0,37.0,963.6991360000001,964.8245000000001,964.8245000000001,0.3,0.002,0.0,0.0,0.02090579,0.024953999999999997,0.024953999999999997,C3
E569,C5,5,AT,AT223,47.3797904999999,15.0597356,1,Steel,1,steel-primary,1281.095112,204,203,203,(NG)DRI-EAF-MEA,(NG)DRI-EAF,(NG)DRI-EAF,2.36399401,2.002,0.586,0.0,0.0,0.0,435.4523586444444,502.38245864444445,502.38245864444445,46.0,32.0,32.0,389.4523586444444,470.38245864444445,470.38245864444445,9.75,0.065,0.651,0.651,0.20736103233333333,0.7814126323333334,0.7814126323333334,C4
E570,C6,6,AT,AT223,47.4451296,15.2828595,1,Steel,2,steel-secondary,150.816568,214,218,214,Scraps EAF,EU-mix-2050,Scraps EAF,0.143477203,0.04,0.0,0.0,0.0,0.0,531.9477585,531.9477585,531.9477585,18.0,18.0,18.0,513.9477585,513.9477585,513.9477585,6.0,0.04,0.04,0.04,0.0973878205,0.0973878205,0.0973878205,C5
E571,C7,7,AT,AT221,47.0655495999999,15.4187042,1,Steel,2,steel-secondary,305.8224852,214,218,214,Scraps EAF,EU-mix-2050,Scraps EAF,0.143477203,0.04,0.0,0.0,0.0,0.0,531.9477585,531.9477585,531.9477585,18.0,18.0,18.0,513.9477585,513.9477585,513.9477585,6.0,0.04,0.04,0.04,0.0973878205,0.0973878205,0.0973878205,C6
E1392,C8,8,AT,AT331,47.5518373,10.6374967999999,2,Cement,8,cement,270.7007624,34,63,36,CEM2-(Afm)Oxy-MEA,EU-mix-2050,CEM2-(BMW),0.536074117,0.49818,0.485,0.501418443,0.0,0.0,69.07946884110001,69.18344591111111,104.71368770000001,18.088320381099997,12.345486,3.0,50.991148460000005,56.83795991111111,101.71368770000001,13.799999999999999,0.092,0.033971836,0.342,0.11191325199999999,0.05687816046263333,0.3516348,C7
E1395,C8,8,AT,AT331,47.5518373,10.6374967999999,2,Cement,8,cement,59.35199335,34,63,36,CEM2-(Afm)Oxy-MEA,EU-mix-2050,CEM2-(BMW),0.536074117,0.49818,0.485,0.501418443,0.0,0.0,69.07946884110001,69.18344591111111,104.71368770000001,18.088320381099997,12.345486,3.0,50.991148460000005,56.83795991111111,101.71368770000001,13.799999999999999,0.092,0.033971836,0.342,0.11191325199999999,0.05687816046263333,0.3516348,C7
E1393,C9,9,AT,AT323,47.7271635999999,13.0418909,2,Cement,8,cement,478.2881936,34,63,36,CEM2-(Afm)Oxy-MEA,EU-mix-2050,CEM2-(BMW),0.536074117,0.49818,0.485,0.501418443,0.0,0.0,69.07946884110001,69.18344591111111,104.71368770000001,18.088320381099997,12.345486,3.0,50.991148460000005,56.83795991111111,101.71368770000001,13.799999999999999,0.092,0.033971836,0.342,0.11191325199999999,0.05687816046263333,0.3516348,C8
E572,C10,10,AT,AT312,48.2786072999999,14.3197919,1,Steel,1,steel-primary,4895.904888,204,203,203,(NG)DRI-EAF-MEA,(NG)DRI-EAF,(NG)DRI-EAF,2.36399401,2.002,0.586,0.0,0.0,0.0,435.4523586444444,502.38245864444445,502.38245864444445,46.0,32.0,32.0,389.4523586444444,470.38245864444445,470.38245864444445,9.75,0.065,0.651,0.651,0.20736103233333333,0.7814126323333334,0.7814126323333334,C9
E2079,C12,12,AT,AT225,47.0670355,15.07815,3,Glass,11,glass-container,166.7466587,140,146,145,(NG)-CC,(EL)-CC,(EL),0.44358809,0.338,0.097,0.021,0.0,0.0,251.80920304444447,260.61025659999996,267.09275660000003,68.483,53.919,50.0,183.32620304444447,206.6912566,217.09275660000003,1.6499999999999997,0.011,0.002,0.073,0.08259808833333333,0.1719824,0.2425564,C10
E573,C14,14,AT,AT223,47.5345013,15.502833,1,Steel,2,steel-secondary,251.3609467,214,218,214,Scraps EAF,EU-mix-2050,Scraps EAF,0.143477203,0.04,0.0,0.0,0.0,0.0,531.9477585,531.9477585,531.9477585,18.0,18.0,18.0,513.9477585,513.9477585,513.9477585,6.0,0.04,0.04,0.04,0.0973878205,0.0973878205,0.0973878205,C11
E2236,C20,20,AT,AT312,48.2883392999999,14.3255301999999,5,Fertilisers,18,fertiliser-ammonia,382.81199999999995,105,107,107,(NG)NH3-MVR-DEA,(BM)NH3,(BM)NH3,2.07811468,1.742,1.42,0.0,0.0,0.0,482.6432713651555,490.9891,490.9891,120.3508298096,170.0,170.0,362.2924415555555,320.9891,320.9891,30.3,0.202,0.0,0.0,0.46096393166666666,0.1487316,0.1487316,C9
E2395,C21,21,AT,AT127,48.1398599999999,16.4893959999999,6,Chemical,20,chemical-PEA,43.406178,74,77,77,(NG)PEA-MEA,(EL)PEA,(EL)PEA,0.600555118,0.459,0.443,0.0,0.0,0.0,1250.9949502544825,1272.57565,1272.57565,120.499307810038,111.0,111.0,1130.4956424444445,1161.57565,1161.57565,7.35,0.049,0.0,0.0,0.16401245333333336,0.284634,0.284634,C3
E2396,C24,24,AT,AT312,48.2882891,14.3268901999999,6,Chemical,20,chemical-PEA,43.406178,74,77,77,(NG)PEA-MEA,(EL)PEA,(EL)PEA,0.600555118,0.459,0.443,0.0,0.0,0.0,1250.9949502544825,1272.57565,1272.57565,120.499307810038,111.0,111.0,1130.4956424444445,1161.57565,1161.57565,7.35,0.049,0.0,0.0,0.16401245333333336,0.284634,0.284634,C9
E1402,C26,26,AT,AT122,47.8736795,16.085401,2,Cement,8,cement,449.0229585,34,63,36,CEM2-(Afm)Oxy-MEA,EU-mix-2050,CEM2-(BMW),0.536074117,0.49818,0.485,0.501418443,0.0,0.0,69.07946884110001,69.18344591111111,104.71368770000001,18.088320381099997,12.345486,3.0,50.991148460000005,56.83795991111111,101.71368770000001,13.799999999999999,0.092,0.033971836,0.342,0.11191325199999999,0.05687816046263333,0.3516348,C12
E1,C27,27,AT,AT127,48.1480748,16.4947953,4,Refineries,15,refineries-light-liquid-fuel,2836.2799999999997,178,177,175,REF-SMR-MEA,REF(H2)-MEA,REF-SMR,0.622573543,0.231,0.208,0.17,0.0,0.0,678.4894344371378,682.5657872661224,704.4289424577778,47.98003797936,46.4356079639,44.0,630.5093964577778,636.1301793022224,660.4289424577778,3.4499999999999997,0.023,0.019,0.231,0.4144009225333334,0.4040080408666667,0.6181601225333334,C3
E2,C27,27,AT,AT127,48.1480748,16.4947953,6,Chemical,19,chemical-olefins,500.0,83,82,82,(LN)O-MEA,(LN)O,(LN)O,1.348312693,0.967,1.002,0.0,0.0,0.0,730.4031431035622,746.908569,746.908569,106.49401988134,55.0,55.0,623.9091232222222,691.908569,691.908569,16.65,0.111,0.967,0.967,0.5322865194666667,1.3156651228,1.3156651228,C3
E3,C27,27,AT,AT127,48.1480748,16.4947953,6,Chemical,19,chemical-olefins,257.5757576,83,82,82,(LN)O-MEA,(LN)O,(LN)O,1.348312693,0.967,1.002,0.0,0.0,0.0,730.4031431035622,746.908569,746.908569,106.49401988134,55.0,55.0,623.9091232222222,691.908569,691.908569,16.65,0.111,0.967,0.967,0.5322865194666667,1.3156651228,1.3156651228,C3
E4,C27,27,AT,AT127,48.1480748,16.4947953,6,Chemical,19,chemical-olefins,757.5757576,83,82,82,(LN)O-MEA,(LN)O,(LN)O,1.348312693,0.967,1.002,0.0,0.0,0.0,730.4031431035622,746.908569,746.908569,106.49401988134,55.0,55.0,623.9091232222222,691.908569,691.908569,16.65,0.111,0.967,0.967,0.5322865194666667,1.3156651228,1.3156651228,C3
E1403,C28,28,AT,AT315,47.9204319999999,13.77487,2,Cement,8,cement,505.0912255,34,63,36,CEM2-(Afm)Oxy-MEA,EU-mix-2050,CEM2-(BMW),0.536074117,0.49818,0.485,0.501418443,0.0,0.0,69.07946884110001,69.18344591111111,104.71368770000001,18.088320381099997,12.345486,3.0,50.991148460000005,56.83795991111111,101.71368770000001,13.799999999999999,0.092,0.033971836,0.342,0.11191325199999999,0.05687816046263333,0.3516348,C13
E2397,C30,30,AT,AT124,48.4056264999999,15.638469,6,Chemical,20,chemical-PEA,43.406178,74,77,77,(NG)PEA-MEA,(EL)PEA,(EL)PEA,0.600555118,0.459,0.443,0.0,0.0,0.0,1250.9949502544825,1272.57565,1272.57565,120.499307810038,111.0,111.0,1130.4956424444445,1161.57565,1161.57565,7.35,0.049,0.0,0.0,0.16401245333333336,0.284634,0.284634,C14
E2534,C30,30,AT,AT124,48.4056264999999,15.638469,6,Chemical,21,chemical-PE,47.165769,65,68,68,(NG)PE-MEA,(EL)PE,(EL)PE,0.050040025,0.016,0.015,0.0,0.0,0.0,1000.7329960451451,1001.8245000000001,1001.8245000000001,37.033860045145,37.0,37.0,963.6991360000001,964.8245000000001,964.8245000000001,0.3,0.002,0.0,0.0,0.02090579,0.024953999999999997,0.024953999999999997,C14
E1405,C31,31,AT,AT213,46.8478071999999,14.533187,2,Cement,8,cement,673.7515518,34,63,36,CEM2-(Afm)Oxy-MEA,EU-mix-2050,CEM2-(BMW),0.536074117,0.49818,0.485,0.501418443,0.0,0.0,69.07946884110001,69.18344591111111,104.71368770000001,18.088320381099997,12.345486,3.0,50.991148460000005,56.83795991111111,101.71368770000001,13.799999999999999,0.092,0.033971836,0.342,0.11191325199999999,0.05687816046263333,0.3516348,C15
E1408,C34,34,AT,AT225,46.735433,15.5725231,2,Cement,8,cement,499.8248793,34,63,36,CEM2-(Afm)Oxy-MEA,EU-mix-2050,CEM2-(BMW),0.536074117,0.49818,0.485,0.501418443,0.0,0.0,69.07946884110001,69.18344591111111,104.71368770000001,18.088320381099997,12.345486,3.0,50.991148460000005,56.83795991111111,101.71368770000001,13.799999999999999,0.092,0.033971836,0.342,0.11191325199999999,0.05687816046263333,0.3516348,C16
E1409,C35,35,AT,AT127,47.9821117999999,16.6026807,2,Cement,8,cement,931.584808,34,63,36,CEM2-(Afm)Oxy-MEA,EU-mix-2050,CEM2-(BMW),0.536074117,0.49818,0.485,0.501418443,0.0,0.0,69.07946884110001,69.18344591111111,104.71368770000001,18.088320381099997,12.345486,3.0,50.991148460000005,56.83795991111111,101.71368770000001,13.799999999999999,0.092,0.033971836,0.342,0.11191325199999999,0.05687816046263333,0.3516348,C3
E1412,C39,39,AT,AT314,47.9073314999999,14.1171761,2,Cement,8,cement,346.038737,34,63,36,CEM2-(Afm)Oxy-MEA,EU-mix-2050,CEM2-(BMW),0.536074117,0.49818,0.485,0.501418443,0.0,0.0,69.07946884110001,69.18344591111111,104.71368770000001,18.088320381099997,12.345486,3.0,50.991148460000005,56.83795991111111,101.71368770000001,13.799999999999999,0.092,0.033971836,0.342,0.11191325199999999,0.05687816046263333,0.3516348,C2
E578,C40,40,BE,BE32B,50.4115644,4.5257201,1,Steel,2,steel-secondary,791.1764706,214,218,214,Scraps EAF,EU-mix-2050,Scraps EAF,0.143477203,0.04,0.0,0.0,0.0,0.0,531.9477585,531.9477585,531.9477585,18.0,18.0,18.0,513.9477585,513.9477585,513.9477585,6.0,0.04,0.04,0.04,0.0973878205,0.0973878205,0.0973878205,C17
E1901,C46,46,BE,BE213,51.1131902999999,5.0012637,6,Chemical,21,chemical-PE,845.0,65,68,68,(NG)PE-MEA,(EL)PE,(EL)PE,0.050040025,0.016,0.015,0.0,0.0,0.0,1000.7329960451451,1001.8245000000001,1001.8245000000001,37.033860045145,37.0,37.0,963.6991360000001,964.8245000000001,964.8245000000001,0.3,0.002,0.0,0.0,0.02090579,0.024953999999999997,0.024953999999999997,C18
E1902,C46,46,BE,BE213,51.1131902999999,5.0012637,6,Chemical,20,chemical-PEA,1490.0,74,77,77,(NG)PEA-MEA,(EL)PEA,(EL)PEA,0.600555118,0.459,0.443,0.0,0.0,0.0,1250.9949502544825,1272.57565,1272.57565,120.499307810038,111.0,111.0,1130.4956424444445,1161.57565,1161.57565,7.35,0.049,0.0,0.0,0.16401245333333336,0.284634,0.284634,C18
E1919,C47,47,BE,BE32C,50.5607357,4.2166518,6,Chemical,20,chemical-PEA,425.0,74,77,77,(NG)PEA-MEA,(EL)PEA,(EL)PEA,0.600555118,0.459,0.443,0.0,0.0,0.0,1250.9949502544825,1272.57565,1272.57565,120.499307810038,111.0,111.0,1130.4956424444445,1161.57565,1161.57565,7.35,0.049,0.0,0.0,0.16401245333333336,0.284634,0.284634,C19
E5,C48,48,BE,BE211,51.3316862,4.2867486,4,Refineries,15,refineries-light-liquid-fuel,1578.96,178,177,175,REF-SMR-MEA,REF(H2)-MEA,REF-SMR,0.622573543,0.231,0.208,0.17,0.0,0.0,678.4894344371378,682.5657872661224,704.4289424577778,47.98003797936,46.4356079639,44.0,630.5093964577778,636.1301793022224,660.4289424577778,3.4499999999999997,0.023,0.019,0.231,0.4144009225333334,0.4040080408666667,0.6181601225333334,C20
E6,C49,49,BE,BE211,51.2721974,4.3193865,4,Refineries,15,refineries-light-liquid-fuel,4941.5599999999995,178,177,175,REF-SMR-MEA,REF(H2)-MEA,REF-SMR,0.622573543,0.231,0.208,0.17,0.0,0.0,678.4894344371378,682.5657872661224,704.4289424577778,47.98003797936,46.4356079639,44.0,630.5093964577778,636.1301793022224,660.4289424577778,3.4499999999999997,0.023,0.019,0.231,0.4144009225333334,0.4040080408666667,0.6181601225333334,C20
E1892,C52,52,BE,BE211,51.3056723999999,4.3041462,6,Chemical,21,chemical-PE,83.0,65,68,68,(NG)PE-MEA,(EL)PE,(EL)PE,0.050040025,0.016,0.015,0.0,0.0,0.0,1000.7329960451451,1001.8245000000001,1001.8245000000001,37.033860045145,37.0,37.0,963.6991360000001,964.8245000000001,964.8245000000001,0.3,0.002,0.0,0.0,0.02090579,0.024953999999999997,0.024953999999999997,C20
E2535,C53,53,BE,BE213,51.1390613,4.9201721,6,Chemical,21,chemical-PE,47.165769,65,68,68,(NG)PE-MEA,(EL)PE,(EL)PE,0.050040025,0.016,0.015,0.0,0.0,0.0,1000.7329960451451,1001.8245000000001,1001.8245000000001,37.033860045145,37.0,37.0,963.6991360000001,964.8245000000001,964.8245000000001,0.3,0.002,0.0,0.0,0.02090579,0.024953999999999997,0.024953999999999997,C18
E2148,C54,54,BE,BE213,51.1929562999999,5.1632051,3,Glass,12,glass-float,168.7504912,164,170,169,(NG)-CC,(EL)-CC,(EL),0.580169919,0.487,0.14,0.052,0.0,0.0,250.42840994222226,260.07431572,277.62331572,83.46000000000001,66.228,58.0,166.96840994222225,193.84631572000004,219.62331572,2.4,0.016,0.006,0.182,0.08442004666666666,0.1873836,0.36231559999999996,C18
E2149,C55,55,BE,BE352,50.4480630999999,4.6882422,3,Glass,12,glass-float,756.7568762,164,170,169,(NG)-CC,(EL)-CC,(EL),0.580169919,0.487,0.14,0.052,0.0,0.0,250.42840994222226,260.07431572,277.62331572,83.46000000000001,66.228,58.0,166.96840994222225,193.84631572000004,219.62331572,2.4,0.016,0.006,0.182,0.08442004666666666,0.1873836,0.36231559999999996,C17
E2398,C56,56,BE,BE224,51.0616356,5.0939353,6,Chemical,20,chemical-PEA,43.406178,74,77,77,(NG)PEA-MEA,(EL)PEA,(EL)PEA,0.600555118,0.459,0.443,0.0,0.0,0.0,1250.9949502544825,1272.57565,1272.57565,120.499307810038,111.0,111.0,1130.4956424444445,1161.57565,1161.57565,7.35,0.049,0.0,0.0,0.16401245333333336,0.284634,0.284634,C18
E2536,C57,57,BE,BE211,51.2366283,4.3298371,6,Chemical,21,chemical-PE,47.165769,65,68,68,(NG)PE-MEA,(EL)PE,(EL)PE,0.050040025,0.016,0.015,0.0,0.0,0.0,1000.7329960451451,1001.8245000000001,1001.8245000000001,37.033860045145,37.0,37.0,963.6991360000001,964.8245000000001,964.8245000000001,0.3,0.002,0.0,0.0,0.02090579,0.024953999999999997,0.024953999999999997,C20
E10,C58,58,BE,BE211,51.2528276,4.3483751,4,Refineries,15,refineries-light-liquid-fuel,4502.96,178,177,175,REF-SMR-MEA,REF(H2)-MEA,REF-SMR,0.622573543,0.231,0.208,0.17,0.0,0.0,678.4894344371378,682.5657872661224,704.4289424577778,47.98003797936,46.4356079639,44.0,630.5093964577778,636.1301793022224,660.4289424577778,3.4499999999999997,0.023,0.019,0.231,0.4144009225333334,0.4040080408666667,0.6181601225333334,C20
E2537,C59,59,BE,BE213,51.1047195,5.0542331,6,Chemical,21,chemical-PE,47.165769,65,68,68,(NG)PE-MEA,(EL)PE,(EL)PE,0.050040025,0.016,0.015,0.0,0.0,0.0,1000.7329960451451,1001.8245000000001,1001.8245000000001,37.033860045145,37.0,37.0,963.6991360000001,964.8245000000001,964.8245000000001,0.3,0.002,0.0,0.0,0.02090579,0.024953999999999997,0.024953999999999997,C18
E1414,C61,61,BE,BE328,50.5985762999999,3.4920674,2,Cement,8,cement,1859.937161,34,63,36,CEM2-(Afm)Oxy-MEA,EU-mix-2050,CEM2-(BMW),0.536074117,0.49818,0.485,0.501418443,0.0,0.0,69.07946884110001,69.18344591111111,104.71368770000001,18.088320381099997,12.345486,3.0,50.991148460000005,56.83795991111111,101.71368770000001,13.799999999999999,0.092,0.033971836,0.342,0.11191325199999999,0.05687816046263333,0.3516348,C21
E586,C62,62,BE,BE32B,50.4080676999999,4.4183667,1,Steel,2,steel-secondary,672.5,214,218,214,Scraps EAF,EU-mix-2050,Scraps EAF,0.143477203,0.04,0.0,0.0,0.0,0.0,531.9477585,531.9477585,531.9477585,18.0,18.0,18.0,513.9477585,513.9477585,513.9477585,6.0,0.04,0.04,0.04,0.0973878205,0.0973878205,0.0973878205,C17
E1851,C65,65,BE,BE211,51.3547859,4.2726976,6,Chemical,19,chemical-olefins,1100.0,83,82,82,(LN)O-MEA,(LN)O,(LN)O,1.348312693,0.967,1.002,0.0,0.0,0.0,730.4031431035622,746.908569,746.908569,106.49401988134,55.0,55.0,623.9091232222222,691.908569,691.908569,16.65,0.111,0.967,0.967,0.5322865194666667,1.3156651228,1.3156651228,C20
E1852,C65,65,BE,BE211,51.3547859,4.2726976,6,Chemical,20,chemical-PEA,3635.0,74,77,77,(NG)PEA-MEA,(EL)PEA,(EL)PEA,0.600555118,0.459,0.443,0.0,0.0,0.0,1250.9949502544825,1272.57565,1272.57565,120.499307810038,111.0,111.0,1130.4956424444445,1161.57565,1161.57565,7.35,0.049,0.0,0.0,0.16401245333333336,0.284634,0.284634,C20
E1853,C65,65,BE,BE211,51.3547859,4.2726976,6,Chemical,21,chemical-PE,2975.0,65,68,68,(NG)PE-MEA,(EL)PE,(EL)PE,0.050040025,0.016,0.015,0.0,0.0,0.0,1000.7329960451451,1001.8245000000001,1001.8245000000001,37.033860045145,37.0,37.0,963.6991360000001,964.8245000000001,964.8245000000001,0.3,0.002,0.0,0.0,0.02090579,0.024953999999999997,0.024953999999999997,C20
E1855,C65,65,BE,BE211,51.3547859,4.2726976,5,Fertilisers,18,fertiliser-ammonia,552.0,105,107,107,(NG)NH3-MVR-DEA,(BM)NH3,(BM)NH3,2.07811468,1.742,1.42,0.0,0.0,0.0,482.6432713651555,490.9891,490.9891,120.3508298096,170.0,170.0,362.2924415555555,320.9891,320.9891,30.3,0.202,0.0,0.0,0.46096393166666666,0.1487316,0.1487316,C20
E1856,C65,65,BE,BE211,51.3547859,4.2726976,5,Fertilisers,18,fertiliser-nitric-acid,332.58,117,118,117,(BM)HNO3,(BM)HNO3-DEA,(BM)HNO3,0.455609314,0.409,0.0,0.736,0.0,0.736,97.43214512,105.90694141568,97.43214512,30.0,38.47479629568,30.0,67.43214512,67.43214512,67.43214512,0.0,0.0,-0.736,0.0,0.0,-0.736,0.0,C20
E2297,C65,65,BE,BE211,51.3547859,4.2726976,6,Chemical,19,chemical-olefins,260.0,83,82,82,(LN)O-MEA,(LN)O,(LN)O,1.348312693,0.967,1.002,0.0,0.0,0.0,730.4031431035622,746.908569,746.908569,106.49401988134,55.0,55.0,623.9091232222222,691.908569,691.908569,16.65,0.111,0.967,0.967,0.5322865194666667,1.3156651228,1.3156651228,C20
E2538,C66,66,BE,BE211,51.2830631,4.3319372,6,Chemical,21,chemical-PE,47.165769,65,68,68,(NG)PE-MEA,(EL)PE,(EL)PE,0.050040025,0.016,0.015,0.0,0.0,0.0,1000.7329960451451,1001.8245000000001,1001.8245000000001,37.033860045145,37.0,37.0,963.6991360000001,964.8245000000001,964.8245000000001,0.3,0.002,0.0,0.0,0.02090579,0.024953999999999997,0.024953999999999997,C20
E589,C67,67,BE,BE234,51.1824099,3.8220332,1,Steel,1,steel-primary,5300.0,204,203,203,(NG)DRI-EAF-MEA,(NG)DRI-EAF,(NG)DRI-EAF,2.36399401,2.002,0.586,0.0,0.0,0.0,435.4523586444444,502.38245864444445,502.38245864444445,46.0,32.0,32.0,389.4523586444444,470.38245864444445,470.38245864444445,9.75,0.065,0.651,0.651,0.20736103233333333,0.7814126323333334,0.7814126323333334,C22
E1909,C69,69,BE,BE211,51.3603735,4.2621625,6,Chemical,20,chemical-PEA,886.6038,74,77,77,(NG)PEA-MEA,(EL)PEA,(EL)PEA,0.600555118,0.459,0.443,0.0,0.0,0.0,1250.9949502544825,1272.57565,1272.57565,120.499307810038,111.0,111.0,1130.4956424444445,1161.57565,1161.57565,7.35,0.049,0.0,0.0,0.16401245333333336,0.284634,0.284634,C20
E3011,C69,69,BE,BE211,51.3603735,4.2621625,6,Chemical,21,chemical-PE,963.3962,65,68,68,(NG)PE-MEA,(EL)PE,(EL)PE,0.050040025,0.016,0.015,0.0,0.0,0.0,1000.7329960451451,1001.8245000000001,1001.8245000000001,37.033860045145,37.0,37.0,963.6991360000001,964.8245000000001,964.8245000000001,0.3,0.002,0.0,0.0,0.02090579,0.024953999999999997,0.024953999999999997,C20
E1910,C70,70,BE,BE211,51.3547859,4.2726976,6,Chemical,20,chemical-PEA,630.0,74,77,77,(NG)PEA-MEA,(EL)PEA,(EL)PEA,0.600555118,0.459,0.443,0.0,0.0,0.0,1250.9949502544825,1272.57565,1272.57565,120.499307810038,111.0,111.0,1130.4956424444445,1161.57565,1161.57565,7.35,0.049,0.0,0.0,0.16401245333333336,0.284634,0.284634,C20
E2539,C71,71,BE,BE211,51.2408148999999,4.314137,6,Chemical,21,chemical-PE,47.165769,65,68,68,(NG)PE-MEA,(EL)PE,(EL)PE,0.050040025,0.016,0.015,0.0,0.0,0.0,1000.7329960451451,1001.8245000000001,1001.8245000000001,37.033860045145,37.0,37.0,963.6991360000001,964.8245000000001,964.8245000000001,0.3,0.002,0.0,0.0,0.02090579,0.024953999999999997,0.024953999999999997,C20
E2540,C72,72,BE,BE211,51.240243,4.3122917,6,Chemical,21,chemical-PE,47.165769,65,68,68,(NG)PE-MEA,(EL)PE,(EL)PE,0.050040025,0.016,0.015,0.0,0.0,0.0,1000.7329960451451,1001.8245000000001,1001.8245000000001,37.033860045145,37.0,37.0,963.6991360000001,964.8245000000001,964.8245000000001,0.3,0.002,0.0,0.0,0.02090579,0.024953999999999997,0.024953999999999997,C20
E1916,C74,74,BE,BE224,51.0677339,5.1622156,6,Chemical,21,chemical-PE,280.0,65,68,68,(NG)PE-MEA,(EL)PE,(EL)PE,0.050040025,0.016,0.015,0.0,0.0,0.0,1000.7329960451451,1001.8245000000001,1001.8245000000001,37.033860045145,37.0,37.0,963.6991360000001,964.8245000000001,964.8245000000001,0.3,0.002,0.0,0.0,0.02090579,0.024953999999999997,0.024953999999999997,C18
E1917,C75,75,BE,BE234,51.1384771,3.7862576,6,Chemical,20,chemical-PEA,100.0,74,77,77,(NG)PEA-MEA,(EL)PEA,(EL)PEA,0.600555118,0.459,0.443,0.0,0.0,0.0,1250.9949502544825,1272.57565,1272.57565,120.499307810038,111.0,111.0,1130.4956424444445,1161.57565,1161.57565,7.35,0.049,0.0,0.0,0.16401245333333336,0.284634,0.284634,C22
E2399,C76,76,BE,BE211,51.3234903,4.2905314,6,Chemical,20,chemical-PEA,43.406178,74,77,77,(NG)PEA-MEA,(EL)PEA,(EL)PEA,0.600555118,0.459,0.443,0.0,0.0,0.0,1250.9949502544825,1272.57565,1272.57565,120.499307810038,111.0,111.0,1130.4956424444445,1161.57565,1161.57565,7.35,0.049,0.0,0.0,0.16401245333333336,0.284634,0.284634,C20
E2400,C77,77,BE,BE224,50.9328240999999,5.4773605,6,Chemical,20,chemical-PEA,43.406178,74,77,77,(NG)PEA-MEA,(EL)PEA,(EL)PEA,0.600555118,0.459,0.443,0.0,0.0,0.0,1250.9949502544825,1272.57565,1272.57565,120.499307810038,111.0,111.0,1130.4956424444445,1161.57565,1161.57565,7.35,0.049,0.0,0.0,0.16401245333333336,0.284634,0.284634,C23
E2266,C79,79,BE,BE211,51.35522,4.285118,5,Fertilisers,18,fertiliser-nitric-acid,732.78,117,118,117,(BM)HNO3,(BM)HNO3-DEA,(BM)HNO3,0.455609314,0.409,0.0,0.736,0.0,0.736,97.43214512,105.90694141568,97.43214512,30.0,38.47479629568,30.0,67.43214512,67.43214512,67.43214512,0.0,0.0,-0.736,0.0,0.0,-0.736,0.0,C20
E2111,C81,81,BE,BE32D,50.0269282,4.1534544,3,Glass,11,glass-container,75.2149785,140,146,145,(NG)-CC,(EL)-CC,(EL),0.44358809,0.338,0.097,0.021,0.0,0.0,251.80920304444447,260.61025659999996,267.09275660000003,68.483,53.919,50.0,183.32620304444447,206.6912566,217.09275660000003,1.6499999999999997,0.011,0.002,0.073,0.08259808833333333,0.1719824,0.2425564,C24
E11,C82,82,BE,BE211,51.2498290999999,4.368393,4,Refineries,15,refineries-light-liquid-fuel,350.88,178,177,175,REF-SMR-MEA,REF(H2)-MEA,REF-SMR,0.622573543,0.231,0.208,0.17,0.0,0.0,678.4894344371378,682.5657872661224,704.4289424577778,47.98003797936,46.4356079639,44.0,630.5093964577778,636.1301793022224,660.4289424577778,3.4499999999999997,0.023,0.019,0.231,0.4144009225333334,0.4040080408666667,0.6181601225333334,C20
E2295,C83,83,BE,BE323,50.4795749999999,3.781464,6,Chemical,19,chemical-olefins,43.56271,83,82,82,(LN)O-MEA,(LN)O,(LN)O,1.348312693,0.967,1.002,0.0,0.0,0.0,730.4031431035622,746.908569,746.908569,106.49401988134,55.0,55.0,623.9091232222222,691.908569,691.908569,16.65,0.111,0.967,0.967,0.5322865194666667,1.3156651228,1.3156651228,C19
E2439,C83,83,BE,BE323,50.4795749999999,3.781464,6,Chemical,20,chemical-PEA,43.406178,74,77,77,(NG)PEA-MEA,(EL)PEA,(EL)PEA,0.600555118,0.459,0.443,0.0,0.0,0.0,1250.9949502544825,1272.57565,1272.57565,120.499307810038,111.0,111.0,1130.4956424444445,1161.57565,1161.57565,7.35,0.049,0.0,0.0,0.16401245333333336,0.284634,0.284634,C19
E2566,C83,83,BE,BE323,50.4795749999999,3.781464,6,Chemical,21,chemical-PE,47.165769,65,68,68,(NG)PE-MEA,(EL)PE,(EL)PE,0.050040025,0.016,0.015,0.0,0.0,0.0,1000.7329960451451,1001.8245000000001,1001.8245000000001,37.033860045145,37.0,37.0,963.6991360000001,964.8245000000001,964.8245000000001,0.3,0.002,0.0,0.0,0.02090579,0.024953999999999997,0.024953999999999997,C19
E2541,C88,88,BE,BE236,51.2686156999999,4.2705475,6,Chemical,21,chemical-PE,47.165769,65,68,68,(NG)PE-MEA,(EL)PE,(EL)PE,0.050040025,0.016,0.015,0.0,0.0,0.0,1000.7329960451451,1001.8245000000001,1001.8245000000001,37.033860045145,37.0,37.0,963.6991360000001,964.8245000000001,964.8245000000001,0.3,0.002,0.0,0.0,0.02090579,0.024953999999999997,0.024953999999999997,C20
E1888,C89,89,BE,BE211,51.2547166,4.3319456,6,Chemical,19,chemical-olefins,786.0,83,82,82,(LN)O-MEA,(LN)O,(LN)O,1.348312693,0.967,1.002,0.0,0.0,0.0,730.4031431035622,746.908569,746.908569,106.49401988134,55.0,55.0,623.9091232222222,691.908569,691.908569,16.65,0.111,0.967,0.967,0.5322865194666667,1.3156651228,1.3156651228,C20
E2301,C89,89,BE,BE211,51.2547166,4.3319456,6,Chemical,19,chemical-olefins,260.0,83,82,82,(LN)O-MEA,(LN)O,(LN)O,1.348312693,0.967,1.002,0.0,0.0,0.0,730.4031431035622,746.908569,746.908569,106.49401988134,55.0,55.0,623.9091232222222,691.908569,691.908569,16.65,0.111,0.967,0.967,0.5322865194666667,1.3156651228,1.3156651228,C20
E2304,C89,89,BE,BE211,51.2547166,4.3319456,6,Chemical,19,chemical-olefins,405.0,83,82,82,(LN)O-MEA,(LN)O,(LN)O,1.348312693,0.967,1.002,0.0,0.0,0.0,730.4031431035622,746.908569,746.908569,106.49401988134,55.0,55.0,623.9091232222222,691.908569,691.908569,16.65,0.111,0.967,0.967,0.5322865194666667,1.3156651228,1.3156651228,C20
E2542,C90,90,BE,BE211,51.2418643,4.3756912,6,Chemical,21,chemical-PE,47.165769,65,68,68,(NG)PE-MEA,(EL)PE,(EL)PE,0.050040025,0.016,0.015,0.0,0.0,0.0,1000.7329960451451,1001.8245000000001,1001.8245000000001,37.033860045145,37.0,37.0,963.6991360000001,964.8245000000001,964.8245000000001,0.3,0.002,0.0,0.0,0.02090579,0.024953999999999997,0.024953999999999997,C20
E592,C91,91,BE,BE32B,50.4095263,4.4342085,1,Steel,2,steel-secondary,276.9117647,214,218,214,Scraps EAF,EU-mix-2050,Scraps EAF,0.143477203,0.04,0.0,0.0,0.0,0.0,531.9477585,531.9477585,531.9477585,18.0,18.0,18.0,513.9477585,513.9477585,513.9477585,6.0,0.04,0.04,0.04,0.0973878205,0.0973878205,0.0973878205,C17
E1419,C92,92,BE,BE323,50.4734000999999,3.9929199,2,Cement,8,cement,1374.354646,34,63,36,CEM2-(Afm)Oxy-MEA,EU-mix-2050,CEM2-(BMW),0.536074117,0.49818,0.485,0.501418443,0.0,0.0,69.07946884110001,69.18344591111111,104.71368770000001,18.088320381099997,12.345486,3.0,50.991148460000005,56.83795991111111,101.71368770000001,13.799999999999999,0.092,0.033971836,0.342,0.11191325199999999,0.05687816046263333,0.3516348,C19
E1420,C93,93,BE,BE328,50.5737972,3.4444695,2,Cement,8,cement,756.2343723,34,63,36,CEM2-(Afm)Oxy-MEA,EU-mix-2050,CEM2-(BMW),0.536074117,0.49818,0.485,0.501418443,0.0,0.0,69.07946884110001,69.18344591111111,104.71368770000001,18.088320381099997,12.345486,3.0,50.991148460000005,56.83795991111111,101.71368770000001,13.799999999999999,0.092,0.033971836,0.342,0.11191325199999999,0.05687816046263333,0.3516348,C21
E1904,C94,94,BE,BE236,51.2908961999999,4.2723796,6,Chemical,20,chemical-PEA,1105.0,74,77,77,(NG)PEA-MEA,(EL)PEA,(EL)PEA,0.600555118,0.459,0.443,0.0,0.0,0.0,1250.9949502544825,1272.57565,1272.57565,120.499307810038,111.0,111.0,1130.4956424444445,1161.57565,1161.57565,7.35,0.049,0.0,0.0,0.16401245333333336,0.284634,0.284634,C20
E1421,C95,95,BE,BE332,50.761065,5.6750461,2,Cement,8,cement,1547.5087,34,63,36,CEM2-(Afm)Oxy-MEA,EU-mix-2050,CEM2-(BMW),0.536074117,0.49818,0.485,0.501418443,0.0,0.0,69.07946884110001,69.18344591111111,104.71368770000001,18.088320381099997,12.345486,3.0,50.991148460000005,56.83795991111111,101.71368770000001,13.799999999999999,0.092,0.033971836,0.342,0.11191325199999999,0.05687816046263333,0.3516348,C25
E1903,C96,96,BE,BE211,51.2369363999999,4.3207339,6,Chemical,20,chemical-PEA,1481.0,74,77,77,(NG)PEA-MEA,(EL)PEA,(EL)PEA,0.600555118,0.459,0.443,0.0,0.0,0.0,1250.9949502544825,1272.57565,1272.57565,120.499307810038,111.0,111.0,1130.4956424444445,1161.57565,1161.57565,7.35,0.049,0.0,0.0,0.16401245333333336,0.284634,0.284634,C20
E2543,C97,97,BE,BE224,51.0712404,5.1783687,6,Chemical,21,chemical-PE,47.165769,65,68,68,(NG)PE-MEA,(EL)PE,(EL)PE,0.050040025,0.016,0.015,0.0,0.0,0.0,1000.7329960451451,1001.8245000000001,1001.8245000000001,37.033860045145,37.0,37.0,963.6991360000001,964.8245000000001,964.8245000000001,0.3,0.002,0.0,0.0,0.02090579,0.024953999999999997,0.024953999999999997,C18
E2401,C98,98,BE,BE211,51.3146035999999,4.2891982,6,Chemical,20,chemical-PEA,43.406178,74,77,77,(NG)PEA-MEA,(EL)PEA,(EL)PEA,0.600555118,0.459,0.443,0.0,0.0,0.0,1250.9949502544825,1272.57565,1272.57565,120.499307810038,111.0,111.0,1130.4956424444445,1161.57565,1161.57565,7.35,0.049,0.0,0.0,0.16401245333333336,0.284634,0.284634,C20
E2194,C99,99,BE,BE335,50.6542436,5.7960604,3,Glass,13,glass-fibre,148.8653382,158,152,157,(EL)-CC,(NG)-CC,(EL),0.827356012,0.634,0.066,0.183,0.0,0.0,328.847314,329.405778,350.893514,81.174,109.437,71.0,247.673314,219.968778,279.893514,1.05,0.007,0.02,0.227,0.2712316,0.14762786,0.48989479999999996,C25
E2065,C100,100,BE,BE323,50.4795791,3.8839417,3,Glass,11,glass-container,202.459754,140,146,145,(NG)-CC,(EL)-CC,(EL),0.44358809,0.338,0.097,0.021,0.0,0.0,251.80920304444447,260.61025659999996,267.09275660000003,68.483,53.919,50.0,183.32620304444447,206.6912566,217.09275660000003,1.6499999999999997,0.011,0.002,0.073,0.08259808833333333,0.1719824,0.2425564,C19
E2133,C101,101,BE,BE32C,50.5688413999999,4.0767726,3,Glass,11,glass-container,49.75585775,140,146,145,(NG)-CC,(EL)-CC,(EL),0.44358809,0.338,0.097,0.021,0.0,0.0,251.80920304444447,260.61025659999996,267.09275660000003,68.483,53.919,50.0,183.32620304444447,206.6912566,217.09275660000003,1.6499999999999997,0.011,0.002,0.073,0.08259808833333333,0.1719824,0.2425564,C19
E2402,C102,102,BE,BE255,51.2127911999999,2.9786505,6,Chemical,20,chemical-PEA,43.406178,74,77,77,(NG)PEA-MEA,(EL)PEA,(EL)PEA,0.600555118,0.459,0.443,0.0,0.0,0.0,1250.9949502544825,1272.57565,1272.57565,120.499307810038,111.0,111.0,1130.4956424444445,1161.57565,1161.57565,7.35,0.049,0.0,0.0,0.16401245333333336,0.284634,0.284634,C26
E2544,C103,103,BE,BE236,51.2797771999999,4.3062017,6,Chemical,21,chemical-PE,47.165769,65,68,68,(NG)PE-MEA,(EL)PE,(EL)PE,0.050040025,0.016,0.015,0.0,0.0,0.0,1000.7329960451451,1001.8245000000001,1001.8245000000001,37.033860045145,37.0,37.0,963.6991360000001,964.8245000000001,964.8245000000001,0.3,0.002,0.0,0.0,0.02090579,0.024953999999999997,0.024953999999999997,C20
E2545,C104,104,BE,BE211,51.2830549999999,4.3318422,6,Chemical,21,chemical-PE,47.165769,65,68,68,(NG)PE-MEA,(EL)PE,(EL)PE,0.050040025,0.016,0.015,0.0,0.0,0.0,1000.7329960451451,1001.8245000000001,1001.8245000000001,37.033860045145,37.0,37.0,963.6991360000001,964.8245000000001,964.8245000000001,0.3,0.002,0.0,0.0,0.02090579,0.024953999999999997,0.024953999999999997,C20
E593,C105,105,BE,BE224,50.9391381,5.5063869,1,Steel,2,steel-secondary,949.4117647,214,218,214,Scraps EAF,EU-mix-2050,Scraps EAF,0.143477203,0.04,0.0,0.0,0.0,0.0,531.9477585,531.9477585,531.9477585,18.0,18.0,18.0,513.9477585,513.9477585,513.9477585,6.0,0.04,0.04,0.04,0.0973878205,0.0973878205,0.0973878205,C23
E2289,C108,108,BE,BE323,50.4783095,3.8029909,5,Fertilisers,18,fertiliser-ammonia,276.0,105,107,107,(NG)NH3-MVR-DEA,(BM)NH3,(BM)NH3,2.07811468,1.742,1.42,0.0,0.0,0.0,482.6432713651555,490.9891,490.9891,120.3508298096,170.0,170.0,362.2924415555555,320.9891,320.9891,30.3,0.202,0.0,0.0,0.46096393166666666,0.1487316,0.1487316,C19
E2290,C108,108,BE,BE323,50.4783095,3.8029909,5,Fertilisers,18,fertiliser-nitric-acid,482.99999999999994,117,118,117,(BM)HNO3,(BM)HNO3-DEA,(BM)HNO3,0.455609314,0.409,0.0,0.736,0.0,0.736,97.43214512,105.90694141568,97.43214512,30.0,38.47479629568,30.0,67.43214512,67.43214512,67.43214512,0.0,0.0,-0.736,0.0,0.0,-0.736,0.0,C19
E1896,C109,109,BE,BE352,50.447332,4.6582643,6,Chemical,21,chemical-PE,1130.0,65,68,68,(NG)PE-MEA,(EL)PE,(EL)PE,0.050040025,0.016,0.015,0.0,0.0,0.0,1000.7329960451451,1001.8245000000001,1001.8245000000001,37.033860045145,37.0,37.0,963.6991360000001,964.8245000000001,964.8245000000001,0.3,0.002,0.0,0.0,0.02090579,0.024953999999999997,0.024953999999999997,C17
E2298,C111,111,BE,BE233,51.2050984999999,3.805674,6,Chemical,19,chemical-olefins,43.56271,83,82,82,(LN)O-MEA,(LN)O,(LN)O,1.348312693,0.967,1.002,0.0,0.0,0.0,730.4031431035622,746.908569,746.908569,106.49401988134,55.0,55.0,623.9091232222222,691.908569,691.908569,16.65,0.111,0.967,0.967,0.5322865194666667,1.3156651228,1.3156651228,C22
E2440,C111,111,BE,BE233,51.2050984999999,3.805674,6,Chemical,20,chemical-PEA,43.406178,74,77,77,(NG)PEA-MEA,(EL)PEA,(EL)PEA,0.600555118,0.459,0.443,0.0,0.0,0.0,1250.9949502544825,1272.57565,1272.57565,120.499307810038,111.0,111.0,1130.4956424444445,1161.57565,1161.57565,7.35,0.049,0.0,0.0,0.16401245333333336,0.284634,0.284634,C22
E2567,C111,111,BE,BE233,51.2050984999999,3.805674,6,Chemical,21,chemical-PE,47.165769,65,68,68,(NG)PE-MEA,(EL)PE,(EL)PE,0.050040025,0.016,0.015,0.0,0.0,0.0,1000.7329960451451,1001.8245000000001,1001.8245000000001,37.033860045145,37.0,37.0,963.6991360000001,964.8245000000001,964.8245000000001,0.3,0.002,0.0,0.0,0.02090579,0.024953999999999997,0.024953999999999997,C22
E13,C114,114,BG,BG341,42.4979485,27.4697242999999,4,Refineries,15,refineries-light-liquid-fuel,2865.52,178,177,175,REF-SMR-MEA,REF(H2)-MEA,REF-SMR,0.622573543,0.231,0.208,0.17,0.0,0.0,678.4894344371378,682.5657872661224,704.4289424577778,47.98003797936,46.4356079639,44.0,630.5093964577778,636.1301793022224,660.4289424577778,3.4499999999999997,0.023,0.019,0.231,0.4144009225333334,0.4040080408666667,0.6181601225333334,C27
E1424,C117,117,BG,BG313,43.2765249999999,23.4615469999999,2,Cement,8,cement,619.3606435,34,63,36,CEM2-(Afm)Oxy-MEA,EU-mix-2050,CEM2-(BMW),0.536074117,0.49818,0.485,0.501418443,0.0,0.0,69.07946884110001,69.18344591111111,104.71368770000001,18.088320381099997,12.345486,3.0,50.991148460000005,56.83795991111111,101.71368770000001,13.799999999999999,0.092,0.033971836,0.342,0.11191325199999999,0.05687816046263333,0.3516348,C28
E2292,C118,118,BG,BG422,42.0496589999999,25.61815,5,Fertilisers,18,fertiliser-ammonia,310.5,105,107,107,(NG)NH3-MVR-DEA,(BM)NH3,(BM)NH3,2.07811468,1.742,1.42,0.0,0.0,0.0,482.6432713651555,490.9891,490.9891,120.3508298096,170.0,170.0,362.2924415555555,320.9891,320.9891,30.3,0.202,0.0,0.0,0.46096393166666666,0.1487316,0.1487316,C29
E2293,C118,118,BG,BG422,42.0496589999999,25.61815,5,Fertilisers,18,fertiliser-nitric-acid,331.2,117,118,117,(BM)HNO3,(BM)HNO3-DEA,(BM)HNO3,0.455609314,0.409,0.0,0.736,0.0,0.736,97.43214512,105.90694141568,97.43214512,30.0,38.47479629568,30.0,67.43214512,67.43214512,67.43214512,0.0,0.0,-0.736,0.0,0.0,-0.736,0.0,C29
E1426,C121,121,BG,BG315,43.0918788,24.1504936999999,2,Cement,8,cement,748.1350924,34,63,36,CEM2-(Afm)Oxy-MEA,EU-mix-2050,CEM2-(BMW),0.536074117,0.49818,0.485,0.501418443,0.0,0.0,69.07946884110001,69.18344591111111,104.71368770000001,18.088320381099997,12.345486,3.0,50.991148460000005,56.83795991111111,101.71368770000001,13.799999999999999,0.092,0.033971836,0.342,0.11191325199999999,0.05687816046263333,0.3516348,C30
E2035,C125,125,BG,BG334,43.2664124,26.522355,3,Glass,11,glass-container,155.0761591,140,146,145,(NG)-CC,(EL)-CC,(EL),0.44358809,0.338,0.097,0.021,0.0,0.0,251.80920304444447,260.61025659999996,267.09275660000003,68.483,53.919,50.0,183.32620304444447,206.6912566,217.09275660000003,1.6499999999999997,0.011,0.002,0.073,0.08259808833333333,0.1719824,0.2425564,C31
E2269,C126,126,BG,BG331,43.20396,27.6592349999999,5,Fertilisers,18,fertiliser-ammonia,279.45,105,107,107,(NG)NH3-MVR-DEA,(BM)NH3,(BM)NH3,2.07811468,1.742,1.42,0.0,0.0,0.0,482.6432713651555,490.9891,490.9891,120.3508298096,170.0,170.0,362.2924415555555,320.9891,320.9891,30.3,0.202,0.0,0.0,0.46096393166666666,0.1487316,0.1487316,C32
E2143,C127,127,BG,BG314,43.43977,24.565601,3,Glass,11,glass-container,125.1491518,140,146,145,(NG)-CC,(EL)-CC,(EL),0.44358809,0.338,0.097,0.021,0.0,0.0,251.80920304444447,260.61025659999996,267.09275660000003,68.483,53.919,50.0,183.32620304444447,206.6912566,217.09275660000003,1.6499999999999997,0.011,0.002,0.073,0.08259808833333333,0.1719824,0.2425564,C33
E2167,C128,128,BG,BG334,43.2664124,26.522355,3,Glass,12,glass-float,558.0270138,164,170,169,(NG)-CC,(EL)-CC,(EL),0.580169919,0.487,0.14,0.052,0.0,0.0,250.42840994222226,260.07431572,277.62331572,83.46000000000001,66.228,58.0,166.96840994222225,193.84631572000004,219.62331572,2.4,0.016,0.006,0.182,0.08442004666666666,0.1873836,0.36231559999999996,C31
E1429,C130,130,BG,BG331,43.2297967,27.5933254,2,Cement,8,cement,1092.219212,34,63,36,CEM2-(Afm)Oxy-MEA,EU-mix-2050,CEM2-(BMW),0.536074117,0.49818,0.485,0.501418443,0.0,0.0,69.07946884110001,69.18344591111111,104.71368770000001,18.088320381099997,12.345486,3.0,50.991148460000005,56.83795991111111,101.71368770000001,13.799999999999999,0.092,0.033971836,0.342,0.11191325199999999,0.05687816046263333,0.3516348,C32
E2020,C131,131,BG,BG421,42.1709999999999,24.7394,3,Glass,11,glass-container,379.619538,140,146,145,(NG)-CC,(EL)-CC,(EL),0.44358809,0.338,0.097,0.021,0.0,0.0,251.80920304444447,260.61025659999996,267.09275660000003,68.483,53.919,50.0,183.32620304444447,206.6912566,217.09275660000003,1.6499999999999997,0.011,0.002,0.073,0.08259808833333333,0.1719824,0.2425564,C34
E2021,C132,132,BG,BG411,42.7323603999999,23.3269935,3,Glass,11,glass-container,122.9010432,140,146,145,(NG)-CC,(EL)-CC,(EL),0.44358809,0.338,0.097,0.021,0.0,0.0,251.80920304444447,260.61025659999996,267.09275660000003,68.483,53.919,50.0,183.32620304444447,206.6912566,217.09275660000003,1.6499999999999997,0.011,0.002,0.073,0.08259808833333333,0.1719824,0.2425564,C35
E598,C134,134,BG,BG414,42.598274,23.0935282999999,1,Steel,2,steel-secondary,666.0,214,218,214,Scraps EAF,EU-mix-2050,Scraps EAF,0.143477203,0.04,0.0,0.0,0.0,0.0,531.9477585,531.9477585,531.9477585,18.0,18.0,18.0,513.9477585,513.9477585,513.9477585,6.0,0.04,0.04,0.04,0.0973878205,0.0973878205,0.0973878205,C36
E2107,C138,138,BG,BG333,43.3407162,27.1890989999999,3,Glass,11,glass-container,75.4282905,140,146,145,(NG)-CC,(EL)-CC,(EL),0.44358809,0.338,0.097,0.021,0.0,0.0,251.80920304444447,260.61025659999996,267.09275660000003,68.483,53.919,50.0,183.32620304444447,206.6912566,217.09275660000003,1.6499999999999997,0.011,0.002,0.073,0.08259808833333333,0.1719824,0.2425564,C37
E1431,C139,139,CY,CY000,34.9002534999999,33.6231723,2,Cement,8,cement,1983.708325,34,63,36,CEM2-(Afm)Oxy-MEA,EU-mix-2050,CEM2-(BMW),0.536074117,0.49818,0.485,0.501418443,0.0,0.0,69.07946884110001,69.18344591111111,104.71368770000001,18.088320381099997,12.345486,3.0,50.991148460000005,56.83795991111111,101.71368770000001,13.799999999999999,0.092,0.033971836,0.342,0.11191325199999999,0.05687816046263333,0.3516348,C38
E2299,C140,140,CZ,CZ020,50.2669889,14.5244058,6,Chemical,19,chemical-olefins,43.56271,83,82,82,(LN)O-MEA,(LN)O,(LN)O,1.348312693,0.967,1.002,0.0,0.0,0.0,730.4031431035622,746.908569,746.908569,106.49401988134,55.0,55.0,623.9091232222222,691.908569,691.908569,16.65,0.111,0.967,0.967,0.5322865194666667,1.3156651228,1.3156651228,C39
E2441,C140,140,CZ,CZ020,50.2669889,14.5244058,6,Chemical,20,chemical-PEA,43.406178,74,77,77,(NG)PEA-MEA,(EL)PEA,(EL)PEA,0.600555118,0.459,0.443,0.0,0.0,0.0,1250.9949502544825,1272.57565,1272.57565,120.499307810038,111.0,111.0,1130.4956424444445,1161.57565,1161.57565,7.35,0.049,0.0,0.0,0.16401245333333336,0.284634,0.284634,C39
E2568,C140,140,CZ,CZ020,50.2669889,14.5244058,6,Chemical,21,chemical-PE,47.165769,65,68,68,(NG)PE-MEA,(EL)PE,(EL)PE,0.050040025,0.016,0.015,0.0,0.0,0.0,1000.7329960451451,1001.8245000000001,1001.8245000000001,37.033860045145,37.0,37.0,963.6991360000001,964.8245000000001,964.8245000000001,0.3,0.002,0.0,0.0,0.02090579,0.024953999999999997,0.024953999999999997,C39
E600,C141,141,CZ,CZ080,49.6881398,18.6472395,1,Steel,1,steel-primary,1877.6,204,203,203,(NG)DRI-EAF-MEA,(NG)DRI-EAF,(NG)DRI-EAF,2.36399401,2.002,0.586,0.0,0.0,0.0,435.4523586444444,502.38245864444445,502.38245864444445,46.0,32.0,32.0,389.4523586444444,470.38245864444445,470.38245864444445,9.75,0.065,0.651,0.651,0.20736103233333333,0.7814126323333334,0.7814126323333334,C40
E2131,C142,142,CZ,CZ051,50.764499,14.5430167,3,Glass,11,glass-container,34.25490784,140,146,145,(NG)-CC,(EL)-CC,(EL),0.44358809,0.338,0.097,0.021,0.0,0.0,251.80920304444447,260.61025659999996,267.09275660000003,68.483,53.919,50.0,183.32620304444447,206.6912566,217.09275660000003,1.6499999999999997,0.011,0.002,0.073,0.08259808833333333,0.1719824,0.2425564,C41
E17,C144,144,CZ,CZ053,50.0264214999999,15.7488893,4,Refineries,15,refineries-light-liquid-fuel,233.92,178,177,175,REF-SMR-MEA,REF(H2)-MEA,REF-SMR,0.622573543,0.231,0.208,0.17,0.0,0.0,678.4894344371378,682.5657872661224,704.4289424577778,47.98003797936,46.4356079639,44.0,630.5093964577778,636.1301793022224,660.4289424577778,3.4499999999999997,0.023,0.019,0.231,0.4144009225333334,0.4040080408666667,0.6181601225333334,C42
E2265,C145,145,CZ,CZ080,49.8347999,18.2325728,5,Fertilisers,18,fertiliser-ammonia,241.49999999999997,105,107,107,(NG)NH3-MVR-DEA,(BM)NH3,(BM)NH3,2.07811468,1.742,1.42,0.0,0.0,0.0,482.6432713651555,490.9891,490.9891,120.3508298096,170.0,170.0,362.2924415555555,320.9891,320.9891,30.3,0.202,0.0,0.0,0.46096393166666666,0.1487316,0.1487316,C43
E2302,C146,146,CZ,CZ071,49.4493908,17.435652,6,Chemical,19,chemical-olefins,43.56271,83,82,82,(LN)O-MEA,(LN)O,(LN)O,1.348312693,0.967,1.002,0.0,0.0,0.0,730.4031431035622,746.908569,746.908569,106.49401988134,55.0,55.0,623.9091232222222,691.908569,691.908569,16.65,0.111,0.967,0.967,0.5322865194666667,1.3156651228,1.3156651228,C44
E2442,C146,146,CZ,CZ071,49.4493908,17.435652,6,Chemical,20,chemical-PEA,43.406178,74,77,77,(NG)PEA-MEA,(EL)PEA,(EL)PEA,0.600555118,0.459,0.443,0.0,0.0,0.0,1250.9949502544825,1272.57565,1272.57565,120.499307810038,111.0,111.0,1130.4956424444445,1161.57565,1161.57565,7.35,0.049,0.0,0.0,0.16401245333333336,0.284634,0.284634,C44
E2569,C146,146,CZ,CZ071,49.4493908,17.435652,6,Chemical,21,chemical-PE,47.165769,65,68,68,(NG)PE-MEA,(EL)PE,(EL)PE,0.050040025,0.016,0.015,0.0,0.0,0.0,1000.7329960451451,1001.8245000000001,1001.8245000000001,37.033860045145,37.0,37.0,963.6991360000001,964.8245000000001,964.8245000000001,0.3,0.002,0.0,0.0,0.02090579,0.024953999999999997,0.024953999999999997,C44
E2403,C147,147,CZ,CZ020,50.2582558,14.3209262,6,Chemical,20,chemical-PEA,43.406178,74,77,77,(NG)PEA-MEA,(EL)PEA,(EL)PEA,0.600555118,0.459,0.443,0.0,0.0,0.0,1250.9949502544825,1272.57565,1272.57565,120.499307810038,111.0,111.0,1130.4956424444445,1161.57565,1161.57565,7.35,0.049,0.0,0.0,0.16401245333333336,0.284634,0.284634,C45
E2546,C147,147,CZ,CZ020,50.2582558,14.3209262,6,Chemical,21,chemical-PE,47.165769,65,68,68,(NG)PE-MEA,(EL)PE,(EL)PE,0.050040025,0.016,0.015,0.0,0.0,0.0,1000.7329960451451,1001.8245000000001,1001.8245000000001,37.033860045145,37.0,37.0,963.6991360000001,964.8245000000001,964.8245000000001,0.3,0.002,0.0,0.0,0.02090579,0.024953999999999997,0.024953999999999997,C45
E2303,C151,151,CZ,CZ080,49.8349058,18.2325933999999,6,Chemical,19,chemical-olefins,43.56271,83,82,82,(LN)O-MEA,(LN)O,(LN)O,1.348312693,0.967,1.002,0.0,0.0,0.0,730.4031431035622,746.908569,746.908569,106.49401988134,55.0,55.0,623.9091232222222,691.908569,691.908569,16.65,0.111,0.967,0.967,0.5322865194666667,1.3156651228,1.3156651228,C43
E2443,C151,151,CZ,CZ080,49.8349058,18.2325933999999,6,Chemical,20,chemical-PEA,43.406178,74,77,77,(NG)PEA-MEA,(EL)PEA,(EL)PEA,0.600555118,0.459,0.443,0.0,0.0,0.0,1250.9949502544825,1272.57565,1272.57565,120.499307810038,111.0,111.0,1130.4956424444445,1161.57565,1161.57565,7.35,0.049,0.0,0.0,0.16401245333333336,0.284634,0.284634,C43
E2570,C151,151,CZ,CZ080,49.8349058,18.2325933999999,6,Chemical,21,chemical-PE,47.165769,65,68,68,(NG)PE-MEA,(EL)PE,(EL)PE,0.050040025,0.016,0.015,0.0,0.0,0.0,1000.7329960451451,1001.8245000000001,1001.8245000000001,37.033860045145,37.0,37.0,963.6991360000001,964.8245000000001,964.8245000000001,0.3,0.002,0.0,0.0,0.02090579,0.024953999999999997,0.024953999999999997,C43
E2051,C152,152,CZ,CZ041,50.2122566999999,12.7383577999999,3,Glass,11,glass-container,180.7935873,140,146,145,(NG)-CC,(EL)-CC,(EL),0.44358809,0.338,0.097,0.021,0.0,0.0,251.80920304444447,260.61025659999996,267.09275660000003,68.483,53.919,50.0,183.32620304444447,206.6912566,217.09275660000003,1.6499999999999997,0.011,0.002,0.073,0.08259808833333333,0.1719824,0.2425564,C46
E2050,C153,153,CZ,CZ042,50.6663976,13.7950433,3,Glass,11,glass-container,93.70479619,140,146,145,(NG)-CC,(EL)-CC,(EL),0.44358809,0.338,0.097,0.021,0.0,0.0,251.80920304444447,260.61025659999996,267.09275660000003,68.483,53.919,50.0,183.32620304444447,206.6912566,217.09275660000003,1.6499999999999997,0.011,0.002,0.073,0.08259808833333333,0.1719824,0.2425564,C47
E2126,C154,154,CZ,CZ064,49.5822671999999,16.7663605999999,3,Glass,11,glass-container,42.19328067,140,146,145,(NG)-CC,(EL)-CC,(EL),0.44358809,0.338,0.097,0.021,0.0,0.0,251.80920304444447,260.61025659999996,267.09275660000003,68.483,53.919,50.0,183.32620304444447,206.6912566,217.09275660000003,1.6499999999999997,0.011,0.002,0.073,0.08259808833333333,0.1719824,0.2425564,C48
E18,C156,156,CZ,CZ042,50.5616536,13.6020743,4,Refineries,15,refineries-light-liquid-fuel,1578.96,178,177,175,REF-SMR-MEA,REF(H2)-MEA,REF-SMR,0.622573543,0.231,0.208,0.17,0.0,0.0,678.4894344371378,682.5657872661224,704.4289424577778,47.98003797936,46.4356079639,44.0,630.5093964577778,636.1301793022224,660.4289424577778,3.4499999999999997,0.023,0.019,0.231,0.4144009225333334,0.4040080408666667,0.6181601225333334,C49
E19,C156,156,CZ,CZ042,50.5616536,13.6020743,6,Chemical,19,chemical-olefins,544.0,83,82,82,(LN)O-MEA,(LN)O,(LN)O,1.348312693,0.967,1.002,0.0,0.0,0.0,730.4031431035622,746.908569,746.908569,106.49401988134,55.0,55.0,623.9091232222222,691.908569,691.908569,16.65,0.111,0.967,0.967,0.5322865194666667,1.3156651228,1.3156651228,C49
E20,C156,156,CZ,CZ042,50.5616536,13.6020743,6,Chemical,19,chemical-olefins,280.2424242,83,82,82,(LN)O-MEA,(LN)O,(LN)O,1.348312693,0.967,1.002,0.0,0.0,0.0,730.4031431035622,746.908569,746.908569,106.49401988134,55.0,55.0,623.9091232222222,691.908569,691.908569,16.65,0.111,0.967,0.967,0.5322865194666667,1.3156651228,1.3156651228,C49
E21,C156,156,CZ,CZ042,50.5616536,13.6020743,6,Chemical,19,chemical-olefins,824.2424242,83,82,82,(LN)O-MEA,(LN)O,(LN)O,1.348312693,0.967,1.002,0.0,0.0,0.0,730.4031431035622,746.908569,746.908569,106.49401988134,55.0,55.0,623.9091232222222,691.908569,691.908569,16.65,0.111,0.967,0.967,0.5322865194666667,1.3156651228,1.3156651228,C49
E2155,C157,157,CZ,CZ042,50.6405412,13.8011177,3,Glass,12,glass-float,366.7495088,164,170,169,(NG)-CC,(EL)-CC,(EL),0.580169919,0.487,0.14,0.052,0.0,0.0,250.42840994222226,260.07431572,277.62331572,83.46000000000001,66.228,58.0,166.96840994222225,193.84631572000004,219.62331572,2.4,0.016,0.006,0.182,0.08442004666666666,0.1873836,0.36231559999999996,C47
E2154,C158,158,CZ,CZ042,50.6586853,13.799908,3,Glass,12,glass-float,44.46905697,164,170,169,(NG)-CC,(EL)-CC,(EL),0.580169919,0.487,0.14,0.052,0.0,0.0,250.42840994222226,260.07431572,277.62331572,83.46000000000001,66.228,58.0,166.96840994222225,193.84631572000004,219.62331572,2.4,0.016,0.006,0.182,0.08442004666666666,0.1873836,0.36231559999999996,C47
E2193,C159,159,CZ,CZ053,49.8805119,16.2912888,3,Glass,13,glass-fibre,120.3919082,158,152,157,(EL)-CC,(NG)-CC,(EL),0.827356012,0.634,0.066,0.183,0.0,0.0,328.847314,329.405778,350.893514,81.174,109.437,71.0,247.673314,219.968778,279.893514,1.05,0.007,0.02,0.227,0.2712316,0.14762786,0.48989479999999996,C50
E1434,C162,162,CZ,CZ042,50.488667,14.0412999,2,Cement,8,cement,662.224986,34,63,36,CEM2-(Afm)Oxy-MEA,EU-mix-2050,CEM2-(BMW),0.536074117,0.49818,0.485,0.501418443,0.0,0.0,69.07946884110001,69.18344591111111,104.71368770000001,18.088320381099997,12.345486,3.0,50.991148460000005,56.83795991111111,101.71368770000001,13.799999999999999,0.092,0.033971836,0.342,0.11191325199999999,0.05687816046263333,0.3516348,C51
E2121,C166,166,CZ,CZ063,49.666952,15.414885,3,Glass,11,glass-container,55.98106856,140,146,145,(NG)-CC,(EL)-CC,(EL),0.44358809,0.338,0.097,0.021,0.0,0.0,251.80920304444447,260.61025659999996,267.09275660000003,68.483,53.919,50.0,183.32620304444447,206.6912566,217.09275660000003,1.6499999999999997,0.011,0.002,0.073,0.08259808833333333,0.1719824,0.2425564,C52
E22,C167,167,CZ,CZ020,50.0428805999999,15.2096266999999,4,Refineries,15,refineries-light-liquid-fuel,29.24,178,177,175,REF-SMR-MEA,REF(H2)-MEA,REF-SMR,0.622573543,0.231,0.208,0.17,0.0,0.0,678.4894344371378,682.5657872661224,704.4289424577778,47.98003797936,46.4356079639,44.0,630.5093964577778,636.1301793022224,660.4289424577778,3.4499999999999997,0.023,0.019,0.231,0.4144009225333334,0.4040080408666667,0.6181601225333334,C53
E2138,C168,168,CZ,CZ020,50.145,15.1272220999999,3,Glass,11,glass-container,20.88541146,140,146,145,(NG)-CC,(EL)-CC,(EL),0.44358809,0.338,0.097,0.021,0.0,0.0,251.80920304444447,260.61025659999996,267.09275660000003,68.483,53.919,50.0,183.32620304444447,206.6912566,217.09275660000003,1.6499999999999997,0.011,0.002,0.073,0.08259808833333333,0.1719824,0.2425564,C53
E2057,C170,170,CZ,CZ064,49.0042101,17.1288820999999,3,Glass,11,glass-container,252.6355698,140,146,145,(NG)-CC,(EL)-CC,(EL),0.44358809,0.338,0.097,0.021,0.0,0.0,251.80920304444447,260.61025659999996,267.09275660000003,68.483,53.919,50.0,183.32620304444447,206.6912566,217.09275660000003,1.6499999999999997,0.011,0.002,0.073,0.08259808833333333,0.1719824,0.2425564,C54
E1437,C171,171,CZ,CZ064,49.2138139999999,16.7650964999999,2,Cement,8,cement,1070.033747,34,63,36,CEM2-(Afm)Oxy-MEA,EU-mix-2050,CEM2-(BMW),0.536074117,0.49818,0.485,0.501418443,0.0,0.0,69.07946884110001,69.18344591111111,104.71368770000001,18.088320381099997,12.345486,3.0,50.991148460000005,56.83795991111111,101.71368770000001,13.799999999999999,0.092,0.033971836,0.342,0.11191325199999999,0.05687816046263333,0.3516348,C55
E1438,C172,172,CZ,CZ010,49.994534,14.340112,2,Cement,8,cement,747.5435011,34,63,36,CEM2-(Afm)Oxy-MEA,EU-mix-2050,CEM2-(BMW),0.536074117,0.49818,0.485,0.501418443,0.0,0.0,69.07946884110001,69.18344591111111,104.71368770000001,18.088320381099997,12.345486,3.0,50.991148460000005,56.83795991111111,101.71368770000001,13.799999999999999,0.092,0.033971836,0.342,0.11191325199999999,0.05687816046263333,0.3516348,C56
E2115,C173,173,CZ,CZ032,49.7114109999999,13.085761,3,Glass,11,glass-container,72.13528647,140,146,145,(NG)-CC,(EL)-CC,(EL),0.44358809,0.338,0.097,0.021,0.0,0.0,251.80920304444447,260.61025659999996,267.09275660000003,68.483,53.919,50.0,183.32620304444447,206.6912566,217.09275660000003,1.6499999999999997,0.011,0.002,0.073,0.08259808833333333,0.1719824,0.2425564,C57
E23,C175,175,CZ,CZ020,50.2578626999999,14.3209318,4,Refineries,15,refineries-light-liquid-fuel,964.92,178,177,175,REF-SMR-MEA,REF(H2)-MEA,REF-SMR,0.622573543,0.231,0.208,0.17,0.0,0.0,678.4894344371378,682.5657872661224,704.4289424577778,47.98003797936,46.4356079639,44.0,630.5093964577778,636.1301793022224,660.4289424577778,3.4499999999999997,0.023,0.019,0.231,0.4144009225333334,0.4040080408666667,0.6181601225333334,C45
E1440,C176,176,CZ,CZ053,49.8937948,15.6287211,2,Cement,8,cement,887.0912229,34,63,36,CEM2-(Afm)Oxy-MEA,EU-mix-2050,CEM2-(BMW),0.536074117,0.49818,0.485,0.501418443,0.0,0.0,69.07946884110001,69.18344591111111,104.71368770000001,18.088320381099997,12.345486,3.0,50.991148460000005,56.83795991111111,101.71368770000001,13.799999999999999,0.092,0.033971836,0.342,0.11191325199999999,0.05687816046263333,0.3516348,C42
E2192,C177,177,CZ,CZ064,48.8376493,16.1683671,3,Glass,13,glass-fibre,58.74879227,158,152,157,(EL)-CC,(NG)-CC,(EL),0.827356012,0.634,0.066,0.183,0.0,0.0,328.847314,329.405778,350.893514,81.174,109.437,71.0,247.673314,219.968778,279.893514,1.05,0.007,0.02,0.227,0.2712316,0.14762786,0.48989479999999996,C58
E2207,C178,178,CZ,CZ042,50.6688375,13.8815069999999,3,Glass,13,glass-fibre,56.0102657,158,152,157,(EL)-CC,(NG)-CC,(EL),0.827356012,0.634,0.066,0.183,0.0,0.0,328.847314,329.405778,350.893514,81.174,109.437,71.0,247.673314,219.968778,279.893514,1.05,0.007,0.02,0.227,0.2712316,0.14762786,0.48989479999999996,C47
E2156,C179,179,CZ,CZ042,50.6405412,13.8011177,3,Glass,12,glass-float,196.3605108,164,170,169,(NG)-CC,(EL)-CC,(EL),0.580169919,0.487,0.14,0.052,0.0,0.0,250.42840994222226,260.07431572,277.62331572,83.46000000000001,66.228,58.0,166.96840994222225,193.84631572000004,219.62331572,2.4,0.016,0.006,0.182,0.08442004666666666,0.1873836,0.36231559999999996,C47
E604,C180,180,CZ,CZ080,49.7963501999999,18.3031153,1,Steel,2,steel-secondary,108.8888889,214,218,214,Scraps EAF,EU-mix-2050,Scraps EAF,0.143477203,0.04,0.0,0.0,0.0,0.0,531.9477585,531.9477585,531.9477585,18.0,18.0,18.0,513.9477585,513.9477585,513.9477585,6.0,0.04,0.04,0.04,0.0973878205,0.0973878205,0.0973878205,C43
E2200,C181,181,CZ,CZ080,49.9061907999999,18.3721256,3,Glass,13,glass-fibre,92.93417874,158,152,157,(EL)-CC,(NG)-CC,(EL),0.827356012,0.634,0.066,0.183,0.0,0.0,328.847314,329.405778,350.893514,81.174,109.437,71.0,247.673314,219.968778,279.893514,1.05,0.007,0.02,0.227,0.2712316,0.14762786,0.48989479999999996,C43
E605,C182,182,CZ,CZ080,49.8130755999999,18.2557584999999,1,Steel,1,steel-primary,2816.4,204,203,203,(NG)DRI-EAF-MEA,(NG)DRI-EAF,(NG)DRI-EAF,2.36399401,2.002,0.586,0.0,0.0,0.0,435.4523586444444,502.38245864444445,502.38245864444445,46.0,32.0,32.0,389.4523586444444,470.38245864444445,470.38245864444445,9.75,0.065,0.651,0.651,0.20736103233333333,0.7814126323333334,0.7814126323333334,C43
E1441,C183,183,CZ,CZ071,49.5614575999999,17.7613822,2,Cement,8,cement,902.3306159,34,63,36,CEM2-(Afm)Oxy-MEA,EU-mix-2050,CEM2-(BMW),0.536074117,0.49818,0.485,0.501418443,0.0,0.0,69.07946884110001,69.18344591111111,104.71368770000001,18.088320381099997,12.345486,3.0,50.991148460000005,56.83795991111111,101.71368770000001,13.799999999999999,0.092,0.033971836,0.342,0.11191325199999999,0.05687816046263333,0.3516348,C59
E606,C184,184,CZ,CZ032,49.7443053,13.3610468,1,Steel,2,steel-secondary,136.1111111,214,218,214,Scraps EAF,EU-mix-2050,Scraps EAF,0.143477203,0.04,0.0,0.0,0.0,0.0,531.9477585,531.9477585,531.9477585,18.0,18.0,18.0,513.9477585,513.9477585,513.9477585,6.0,0.04,0.04,0.04,0.0973878205,0.0973878205,0.0973878205,C60
E24,C185,185,DE,DE219,48.7933211,11.4804791,4,Refineries,15,refineries-light-liquid-fuel,1608.2,178,177,175,REF-SMR-MEA,REF(H2)-MEA,REF-SMR,0.622573543,0.231,0.208,0.17,0.0,0.0,678.4894344371378,682.5657872661224,704.4289424577778,47.98003797936,46.4356079639,44.0,630.5093964577778,636.1301793022224,660.4289424577778,3.4499999999999997,0.023,0.019,0.231,0.4144009225333334,0.4040080408666667,0.6181601225333334,C61
E25,C186,186,DE,DEF05,54.1562595999999,9.07418,4,Refineries,15,refineries-light-liquid-fuel,1315.8,178,177,175,REF-SMR-MEA,REF(H2)-MEA,REF-SMR,0.622573543,0.231,0.208,0.17,0.0,0.0,678.4894344371378,682.5657872661224,704.4289424577778,47.98003797936,46.4356079639,44.0,630.5093964577778,636.1301793022224,660.4289424577778,3.4499999999999997,0.023,0.019,0.231,0.4144009225333334,0.4040080408666667,0.6181601225333334,C62
E26,C186,186,DE,DEF05,54.1562595999999,9.07418,6,Chemical,19,chemical-olefins,110.0,83,82,82,(LN)O-MEA,(LN)O,(LN)O,1.348312693,0.967,1.002,0.0,0.0,0.0,730.4031431035622,746.908569,746.908569,106.49401988134,55.0,55.0,623.9091232222222,691.908569,691.908569,16.65,0.111,0.967,0.967,0.5322865194666667,1.3156651228,1.3156651228,C62
E27,C186,186,DE,DEF05,54.1562595999999,9.07418,6,Chemical,19,chemical-olefins,56.66666667,83,82,82,(LN)O-MEA,(LN)O,(LN)O,1.348312693,0.967,1.002,0.0,0.0,0.0,730.4031431035622,746.908569,746.908569,106.49401988134,55.0,55.0,623.9091232222222,691.908569,691.908569,16.65,0.111,0.967,0.967,0.5322865194666667,1.3156651228,1.3156651228,C62
E28,C186,186,DE,DEF05,54.1562595999999,9.07418,6,Chemical,19,chemical-olefins,166.6666667,83,82,82,(LN)O-MEA,(LN)O,(LN)O,1.348312693,0.967,1.002,0.0,0.0,0.0,730.4031431035622,746.908569,746.908569,106.49401988134,55.0,55.0,623.9091232222222,691.908569,691.908569,16.65,0.111,0.967,0.967,0.5322865194666667,1.3156651228,1.3156651228,C62
E1442,C187,187,DE,DEE0C,51.8125696,11.7478631999999,2,Cement,8,cement,1052.847624,34,63,36,CEM2-(Afm)Oxy-MEA,EU-mix-2050,CEM2-(BMW),0.536074117,0.49818,0.485,0.501418443,0.0,0.0,69.07946884110001,69.18344591111111,104.71368770000001,18.088320381099997,12.345486,3.0,50.991148460000005,56.83795991111111,101.71368770000001,13.799999999999999,0.092,0.033971836,0.342,0.11191325199999999,0.05687816046263333,0.3516348,C63
E1443,C188,188,DE,DE714,50.0304293,8.2540567,2,Cement,8,cement,295.5460213,34,63,36,CEM2-(Afm)Oxy-MEA,EU-mix-2050,CEM2-(BMW),0.536074117,0.49818,0.485,0.501418443,0.0,0.0,69.07946884110001,69.18344591111111,104.71368770000001,18.088320381099997,12.345486,3.0,50.991148460000005,56.83795991111111,101.71368770000001,13.799999999999999,0.092,0.033971836,0.342,0.11191325199999999,0.05687816046263333,0.3516348,C64
E1444,C189,189,DE,DEB3D,49.5996366999999,8.0355468,2,Cement,8,cement,1072.98145,34,63,36,CEM2-(Afm)Oxy-MEA,EU-mix-2050,CEM2-(BMW),0.536074117,0.49818,0.485,0.501418443,0.0,0.0,69.07946884110001,69.18344591111111,104.71368770000001,18.088320381099997,12.345486,3.0,50.991148460000005,56.83795991111111,101.71368770000001,13.799999999999999,0.092,0.033971836,0.342,0.11191325199999999,0.05687816046263333,0.3516348,C65
E1445,C190,190,DE,DEA37,52.1739052,7.8842066,2,Cement,8,cement,505.5798799,34,63,36,CEM2-(Afm)Oxy-MEA,EU-mix-2050,CEM2-(BMW),0.536074117,0.49818,0.485,0.501418443,0.0,0.0,69.07946884110001,69.18344591111111,104.71368770000001,18.088320381099997,12.345486,3.0,50.991148460000005,56.83795991111111,101.71368770000001,13.799999999999999,0.092,0.033971836,0.342,0.11191325199999999,0.05687816046263333,0.3516348,C66
E1446,C190,190,DE,DEA37,52.1739052,7.8842066,2,Cement,8,cement,1113.752348,34,63,36,CEM2-(Afm)Oxy-MEA,EU-mix-2050,CEM2-(BMW),0.536074117,0.49818,0.485,0.501418443,0.0,0.0,69.07946884110001,69.18344591111111,104.71368770000001,18.088320381099997,12.345486,3.0,50.991148460000005,56.83795991111111,101.71368770000001,13.799999999999999,0.092,0.033971836,0.342,0.11191325199999999,0.05687816046263333,0.3516348,C66
E1447,C191,191,DE,DEA5B,51.6220472999999,8.5044134,2,Cement,8,cement,421.454013,34,63,36,CEM2-(Afm)Oxy-MEA,EU-mix-2050,CEM2-(BMW),0.536074117,0.49818,0.485,0.501418443,0.0,0.0,69.07946884110001,69.18344591111111,104.71368770000001,18.088320381099997,12.345486,3.0,50.991148460000005,56.83795991111111,101.71368770000001,13.799999999999999,0.092,0.033971836,0.342,0.11191325199999999,0.05687816046263333,0.3516348,C67
E1448,C192,192,DE,DEA5B,51.5970707999999,8.3398881,2,Cement,8,cement,925.9268283,34,63,36,CEM2-(Afm)Oxy-MEA,EU-mix-2050,CEM2-(BMW),0.536074117,0.49818,0.485,0.501418443,0.0,0.0,69.07946884110001,69.18344591111111,104.71368770000001,18.088320381099997,12.345486,3.0,50.991148460000005,56.83795991111111,101.71368770000001,13.799999999999999,0.092,0.033971836,0.342,0.11191325199999999,0.05687816046263333,0.3516348,C67
E1449,C193,193,DE,DE239,49.2116370999999,12.0294638,2,Cement,8,cement,1339.178625,34,63,36,CEM2-(Afm)Oxy-MEA,EU-mix-2050,CEM2-(BMW),0.536074117,0.49818,0.485,0.501418443,0.0,0.0,69.07946884110001,69.18344591111111,104.71368770000001,18.088320381099997,12.345486,3.0,50.991148460000005,56.83795991111111,101.71368770000001,13.799999999999999,0.092,0.033971836,0.342,0.11191325199999999,0.05687816046263333,0.3516348,C68
E29,C194,194,DE,DE122,49.0531099999999,8.33646,4,Refineries,15,refineries-light-liquid-fuel,4532.2,178,177,175,REF-SMR-MEA,REF(H2)-MEA,REF-SMR,0.622573543,0.231,0.208,0.17,0.0,0.0,678.4894344371378,682.5657872661224,704.4289424577778,47.98003797936,46.4356079639,44.0,630.5093964577778,636.1301793022224,660.4289424577778,3.4499999999999997,0.023,0.019,0.231,0.4144009225333334,0.4040080408666667,0.6181601225333334,C69
E1450,C195,195,DE,DE27D,48.7767399999999,10.6975,2,Cement,8,cement,953.7489749,34,63,36,CEM2-(Afm)Oxy-MEA,EU-mix-2050,CEM2-(BMW),0.536074117,0.49818,0.485,0.501418443,0.0,0.0,69.07946884110001,69.18344591111111,104.71368770000001,18.088320381099997,12.345486,3.0,50.991148460000005,56.83795991111111,101.71368770000001,13.799999999999999,0.092,0.033971836,0.342,0.11191325199999999,0.05687816046263333,0.3516348,C70
E1451,C196,196,DE,DE929,52.3744599999999,9.87191,2,Cement,8,cement,904.9998761,34,63,36,CEM2-(Afm)Oxy-MEA,EU-mix-2050,CEM2-(BMW),0.536074117,0.49818,0.485,0.501418443,0.0,0.0,69.07946884110001,69.18344591111111,104.71368770000001,18.088320381099997,12.345486,3.0,50.991148460000005,56.83795991111111,101.71368770000001,13.799999999999999,0.092,0.033971836,0.342,0.11191325199999999,0.05687816046263333,0.3516348,C71
E1452,C197,197,DE,DE143,48.2292246,8.7794706,2,Cement,8,cement,801.7955826,34,63,36,CEM2-(Afm)Oxy-MEA,EU-mix-2050,CEM2-(BMW),0.536074117,0.49818,0.485,0.501418443,0.0,0.0,69.07946884110001,69.18344591111111,104.71368770000001,18.088320381099997,12.345486,3.0,50.991148460000005,56.83795991111111,101.71368770000001,13.799999999999999,0.092,0.033971836,0.342,0.11191325199999999,0.05687816046263333,0.3516348,C72
E1453,C197,197,DE,DE143,48.2292246,8.7794706,2,Cement,8,cement,322.9856055,34,63,36,CEM2-(Afm)Oxy-MEA,EU-mix-2050,CEM2-(BMW),0.536074117,0.49818,0.485,0.501418443,0.0,0.0,69.07946884110001,69.18344591111111,104.71368770000001,18.088320381099997,12.345486,3.0,50.991148460000005,56.83795991111111,101.71368770000001,13.799999999999999,0.092,0.033971836,0.342,0.11191325199999999,0.05687816046263333,0.3516348,C72
E1454,C198,198,DE,DEG06,51.3612084,10.48521,2,Cement,8,cement,1627.375109,34,63,36,CEM2-(Afm)Oxy-MEA,EU-mix-2050,CEM2-(BMW),0.536074117,0.49818,0.485,0.501418443,0.0,0.0,69.07946884110001,69.18344591111111,104.71368770000001,18.088320381099997,12.345486,3.0,50.991148460000005,56.83795991111111,101.71368770000001,13.799999999999999,0.092,0.033971836,0.342,0.11191325199999999,0.05687816046263333,0.3516348,C73
E1455,C199,199,DE,DE21K,47.792876,12.182351,2,Cement,8,cement,1247.048921,34,63,36,CEM2-(Afm)Oxy-MEA,EU-mix-2050,CEM2-(BMW),0.536074117,0.49818,0.485,0.501418443,0.0,0.0,69.07946884110001,69.18344591111111,104.71368770000001,18.088320381099997,12.345486,3.0,50.991148460000005,56.83795991111111,101.71368770000001,13.799999999999999,0.092,0.033971836,0.342,0.11191325199999999,0.05687816046263333,0.3516348,C74
E1456,C200,200,DE,DEA5B,51.5992468999999,8.35108089999999,2,Cement,8,cement,513.4890618,34,63,36,CEM2-(Afm)Oxy-MEA,EU-mix-2050,CEM2-(BMW),0.536074117,0.49818,0.485,0.501418443,0.0,0.0,69.07946884110001,69.18344591111111,104.71368770000001,18.088320381099997,12.345486,3.0,50.991148460000005,56.83795991111111,101.71368770000001,13.799999999999999,0.092,0.033971836,0.342,0.11191325199999999,0.05687816046263333,0.3516348,C67
E1516,C201,201,DE,DE732,50.5895567999999,9.5409503,2,Cement,8,cement,210.2326333,34,63,36,CEM2-(Afm)Oxy-MEA,EU-mix-2050,CEM2-(BMW),0.536074117,0.49818,0.485,0.501418443,0.0,0.0,69.07946884110001,69.18344591111111,104.71368770000001,18.088320381099997,12.345486,3.0,50.991148460000005,56.83795991111111,101.71368770000001,13.799999999999999,0.092,0.033971836,0.342,0.11191325199999999,0.05687816046263333,0.3516348,C75
E30,C207,207,DE,DE949,52.3149628,7.3524141,4,Refineries,15,refineries-light-liquid-fuel,87.72,178,177,175,REF-SMR-MEA,REF(H2)-MEA,REF-SMR,0.622573543,0.231,0.208,0.17,0.0,0.0,678.4894344371378,682.5657872661224,704.4289424577778,47.98003797936,46.4356079639,44.0,630.5093964577778,636.1301793022224,660.4289424577778,3.4499999999999997,0.023,0.019,0.231,0.4144009225333334,0.4040080408666667,0.6181601225333334,C76
E31,C215,215,DE,DE600,53.47359,9.9592547,4,Refineries,15,refineries-light-liquid-fuel,1578.96,178,177,175,REF-SMR-MEA,REF(H2)-MEA,REF-SMR,0.622573543,0.231,0.208,0.17,0.0,0.0,678.4894344371378,682.5657872661224,704.4289424577778,47.98003797936,46.4356079639,44.0,630.5093964577778,636.1301793022224,660.4289424577778,3.4499999999999997,0.023,0.019,0.231,0.4144009225333334,0.4040080408666667,0.6181601225333334,C77
E32,C228,228,DE,DE949,52.55852,7.30985,4,Refineries,15,refineries-light-liquid-fuel,1345.04,178,177,175,REF-SMR-MEA,REF(H2)-MEA,REF-SMR,0.622573543,0.231,0.208,0.17,0.0,0.0,678.4894344371378,682.5657872661224,704.4289424577778,47.98003797936,46.4356079639,44.0,630.5093964577778,636.1301793022224,660.4289424577778,3.4499999999999997,0.023,0.019,0.231,0.4144009225333334,0.4040080408666667,0.6181601225333334,C76
E2168,C247,247,DE,DEE07,52.0588120999999,11.5779780999999,3,Glass,12,glass-float,282.1031434,164,170,169,(NG)-CC,(EL)-CC,(EL),0.580169919,0.487,0.14,0.052,0.0,0.0,250.42840994222226,260.07431572,277.62331572,83.46000000000001,66.228,58.0,166.96840994222225,193.84631572000004,219.62331572,2.4,0.016,0.006,0.182,0.08442004666666666,0.1873836,0.36231559999999996,C78
E2188,C248,248,DE,DEG03,50.9224998999999,11.5755738,3,Glass,12,glass-float,28.81679764,164,170,169,(NG)-CC,(EL)-CC,(EL),0.580169919,0.487,0.14,0.052,0.0,0.0,250.42840994222226,260.07431572,277.62331572,83.46000000000001,66.228,58.0,166.96840994222225,193.84631572000004,219.62331572,2.4,0.016,0.006,0.182,0.08442004666666666,0.1873836,0.36231559999999996,C79
E720,C249,249,DE,DE40C,52.1617272,14.6298574,1,Steel,1,steel-primary,2284.148528,204,203,203,(NG)DRI-EAF-MEA,(NG)DRI-EAF,(NG)DRI-EAF,2.36399401,2.002,0.586,0.0,0.0,0.0,435.4523586444444,502.38245864444445,502.38245864444445,46.0,32.0,32.0,389.4523586444444,470.38245864444445,470.38245864444445,9.75,0.065,0.651,0.651,0.20736103233333333,0.7814126323333334,0.7814126323333334,C80
E33,C250,250,DE,DE40I,53.0932724999999,14.2312787,4,Refineries,15,refineries-light-liquid-fuel,3216.4,178,177,175,REF-SMR-MEA,REF(H2)-MEA,REF-SMR,0.622573543,0.231,0.208,0.17,0.0,0.0,678.4894344371378,682.5657872661224,704.4289424577778,47.98003797936,46.4356079639,44.0,630.5093964577778,636.1301793022224,660.4289424577778,3.4499999999999997,0.023,0.019,0.231,0.4144009225333334,0.4040080408666667,0.6181601225333334,C81
E2218,C251,251,DE,DED53,51.3168711,13.0977339,3,Glass,13,glass-fibre,20.95289855,158,152,157,(EL)-CC,(NG)-CC,(EL),0.827356012,0.634,0.066,0.183,0.0,0.0,328.847314,329.405778,350.893514,81.174,109.437,71.0,247.673314,219.968778,279.893514,1.05,0.007,0.02,0.227,0.2712316,0.14762786,0.48989479999999996,C82
E2062,C252,252,DE,DE926,51.7509043,9.3984939,3,Glass,11,glass-container,220.8312502,140,146,145,(NG)-CC,(EL)-CC,(EL),0.44358809,0.338,0.097,0.021,0.0,0.0,251.80920304444447,260.61025659999996,267.09275660000003,68.483,53.919,50.0,183.32620304444447,206.6912566,217.09275660000003,1.6499999999999997,0.011,0.002,0.073,0.08259808833333333,0.1719824,0.2425564,C83
E2186,C253,253,DE,DE24D,50.0502576,12.0376844999999,3,Glass,12,glass-float,37.65766208,164,170,169,(NG)-CC,(EL)-CC,(EL),0.580169919,0.487,0.14,0.052,0.0,0.0,250.42840994222226,260.07431572,277.62331572,83.46000000000001,66.228,58.0,166.96840994222225,193.84631572000004,219.62331572,2.4,0.016,0.006,0.182,0.08442004666666666,0.1873836,0.36231559999999996,C84
E2150,C254,254,DE,DEA2D,50.8762722999999,6.0928674,3,Glass,12,glass-float,147.9616896,164,170,169,(NG)-CC,(EL)-CC,(EL),0.580169919,0.487,0.14,0.052,0.0,0.0,250.42840994222226,260.07431572,277.62331572,83.46000000000001,66.228,58.0,166.96840994222225,193.84631572000004,219.62331572,2.4,0.016,0.006,0.182,0.08442004666666666,0.1873836,0.36231559999999996,C85
E2180,C255,255,DE,DED53,51.5756453999999,13.001174,3,Glass,12,glass-float,222.9528487,164,170,169,(NG)-CC,(EL)-CC,(EL),0.580169919,0.487,0.14,0.052,0.0,0.0,250.42840994222226,260.07431572,277.62331572,83.46000000000001,66.228,58.0,166.96840994222225,193.84631572000004,219.62331572,2.4,0.016,0.006,0.182,0.08442004666666666,0.1873836,0.36231559999999996,C86
E2153,C256,256,DE,DEA2D,50.7846667999999,6.2194608,3,Glass,12,glass-float,223.021611,164,170,169,(NG)-CC,(EL)-CC,(EL),0.580169919,0.487,0.14,0.052,0.0,0.0,250.42840994222226,260.07431572,277.62331572,83.46000000000001,66.228,58.0,166.96840994222225,193.84631572000004,219.62331572,2.4,0.016,0.006,0.182,0.08442004666666666,0.1873836,0.36231559999999996,C85
E2151,C257,257,DE,DE126,49.5177499999999,8.47699,3,Glass,12,glass-float,88.70579568,164,170,169,(NG)-CC,(EL)-CC,(EL),0.580169919,0.487,0.14,0.052,0.0,0.0,250.42840994222226,260.07431572,277.62331572,83.46000000000001,66.228,58.0,166.96840994222225,193.84631572000004,219.62331572,2.4,0.016,0.006,0.182,0.08442004666666666,0.1873836,0.36231559999999996,C69
E35,C259,259,DE,DEE0B,51.281246,11.9858733999999,4,Refineries,15,refineries-light-liquid-fuel,3333.36,178,177,175,REF-SMR-MEA,REF(H2)-MEA,REF-SMR,0.622573543,0.231,0.208,0.17,0.0,0.0,678.4894344371378,682.5657872661224,704.4289424577778,47.98003797936,46.4356079639,44.0,630.5093964577778,636.1301793022224,660.4289424577778,3.4499999999999997,0.023,0.019,0.231,0.4144009225333334,0.4040080408666667,0.6181601225333334,C87
E2152,C260,260,DE,DEA23,50.8733634,7.0683856,3,Glass,12,glass-float,310.9616896,164,170,169,(NG)-CC,(EL)-CC,(EL),0.580169919,0.487,0.14,0.052,0.0,0.0,250.42840994222226,260.07431572,277.62331572,83.46000000000001,66.228,58.0,166.96840994222225,193.84631572000004,219.62331572,2.4,0.016,0.006,0.182,0.08442004666666666,0.1873836,0.36231559999999996,C88
E1980,C261,261,DE,DE923,52.1904213999999,9.4481316,3,Glass,11,glass-container,61.37136286,140,146,145,(NG)-CC,(EL)-CC,(EL),0.44358809,0.338,0.097,0.021,0.0,0.0,251.80920304444447,260.61025659999996,267.09275660000003,68.483,53.919,50.0,183.32620304444447,206.6912566,217.09275660000003,1.6499999999999997,0.011,0.002,0.073,0.08259808833333333,0.1719824,0.2425564,C89
E2305,C262,262,DE,DEA27,50.8329729,6.9763718,6,Chemical,19,chemical-olefins,43.56271,83,82,82,(LN)O-MEA,(LN)O,(LN)O,1.348312693,0.967,1.002,0.0,0.0,0.0,730.4031431035622,746.908569,746.908569,106.49401988134,55.0,55.0,623.9091232222222,691.908569,691.908569,16.65,0.111,0.967,0.967,0.5322865194666667,1.3156651228,1.3156651228,C88
E2444,C262,262,DE,DEA27,50.8329729,6.9763718,6,Chemical,20,chemical-PEA,43.406178,74,77,77,(NG)PEA-MEA,(EL)PEA,(EL)PEA,0.600555118,0.459,0.443,0.0,0.0,0.0,1250.9949502544825,1272.57565,1272.57565,120.499307810038,111.0,111.0,1130.4956424444445,1161.57565,1161.57565,7.35,0.049,0.0,0.0,0.16401245333333336,0.284634,0.284634,C88
E2571,C262,262,DE,DEA27,50.8329729,6.9763718,6,Chemical,21,chemical-PE,47.165769,65,68,68,(NG)PE-MEA,(EL)PE,(EL)PE,0.050040025,0.016,0.015,0.0,0.0,0.0,1000.7329960451451,1001.8245000000001,1001.8245000000001,37.033860045145,37.0,37.0,963.6991360000001,964.8245000000001,964.8245000000001,0.3,0.002,0.0,0.0,0.02090579,0.024953999999999997,0.024953999999999997,C88
E2404,C263,263,DE,DE214,48.1783732999999,12.7216451,6,Chemical,20,chemical-PEA,43.406178,74,77,77,(NG)PEA-MEA,(EL)PEA,(EL)PEA,0.600555118,0.459,0.443,0.0,0.0,0.0,1250.9949502544825,1272.57565,1272.57565,120.499307810038,111.0,111.0,1130.4956424444445,1161.57565,1161.57565,7.35,0.049,0.0,0.0,0.16401245333333336,0.284634,0.284634,C90
E2405,C264,264,DE,DEA27,50.86357,6.87238,6,Chemical,20,chemical-PEA,43.406178,74,77,77,(NG)PEA-MEA,(EL)PEA,(EL)PEA,0.600555118,0.459,0.443,0.0,0.0,0.0,1250.9949502544825,1272.57565,1272.57565,120.499307810038,111.0,111.0,1130.4956424444445,1161.57565,1161.57565,7.35,0.049,0.0,0.0,0.16401245333333336,0.284634,0.284634,C88
E2406,C265,265,DE,DEA27,50.8582054,6.848131,6,Chemical,20,chemical-PEA,43.406178,74,77,77,(NG)PEA-MEA,(EL)PEA,(EL)PEA,0.600555118,0.459,0.443,0.0,0.0,0.0,1250.9949502544825,1272.57565,1272.57565,120.499307810038,111.0,111.0,1130.4956424444445,1161.57565,1161.57565,7.35,0.049,0.0,0.0,0.16401245333333336,0.284634,0.284634,C88
E698,C266,266,DE,DE912,52.1536635,10.4148712,1,Steel,1,steel-primary,5329.679898,204,203,203,(NG)DRI-EAF-MEA,(NG)DRI-EAF,(NG)DRI-EAF,2.36399401,2.002,0.586,0.0,0.0,0.0,435.4523586444444,502.38245864444445,502.38245864444445,46.0,32.0,32.0,389.4523586444444,470.38245864444445,470.38245864444445,9.75,0.065,0.651,0.651,0.20736103233333333,0.7814126323333334,0.7814126323333334,C91
E2407,C269,269,DE,DEB39,49.6552614,8.3629306,6,Chemical,20,chemical-PEA,43.406178,74,77,77,(NG)PEA-MEA,(EL)PEA,(EL)PEA,0.600555118,0.459,0.443,0.0,0.0,0.0,1250.9949502544825,1272.57565,1272.57565,120.499307810038,111.0,111.0,1130.4956424444445,1161.57565,1161.57565,7.35,0.049,0.0,0.0,0.16401245333333336,0.284634,0.284634,C69
E2306,C272,272,DE,DEA36,51.6787945,7.0949199,6,Chemical,19,chemical-olefins,43.56271,83,82,82,(LN)O-MEA,(LN)O,(LN)O,1.348312693,0.967,1.002,0.0,0.0,0.0,730.4031431035622,746.908569,746.908569,106.49401988134,55.0,55.0,623.9091232222222,691.908569,691.908569,16.65,0.111,0.967,0.967,0.5322865194666667,1.3156651228,1.3156651228,C92
E2445,C272,272,DE,DEA36,51.6787945,7.0949199,6,Chemical,20,chemical-PEA,43.406178,74,77,77,(NG)PEA-MEA,(EL)PEA,(EL)PEA,0.600555118,0.459,0.443,0.0,0.0,0.0,1250.9949502544825,1272.57565,1272.57565,120.499307810038,111.0,111.0,1130.4956424444445,1161.57565,1161.57565,7.35,0.049,0.0,0.0,0.16401245333333336,0.284634,0.284634,C92
E2572,C272,272,DE,DEA36,51.6787945,7.0949199,6,Chemical,21,chemical-PE,47.165769,65,68,68,(NG)PE-MEA,(EL)PE,(EL)PE,0.050040025,0.016,0.015,0.0,0.0,0.0,1000.7329960451451,1001.8245000000001,1001.8245000000001,37.033860045145,37.0,37.0,963.6991360000001,964.8245000000001,964.8245000000001,0.3,0.002,0.0,0.0,0.02090579,0.024953999999999997,0.024953999999999997,C92
E1844,C274,274,DE,DEB34,49.5258187,8.4165092,6,Chemical,19,chemical-olefins,620.0,83,82,82,(LN)O-MEA,(LN)O,(LN)O,1.348312693,0.967,1.002,0.0,0.0,0.0,730.4031431035622,746.908569,746.908569,106.49401988134,55.0,55.0,623.9091232222222,691.908569,691.908569,16.65,0.111,0.967,0.967,0.5322865194666667,1.3156651228,1.3156651228,C69
E1845,C274,274,DE,DEB34,49.5258187,8.4165092,6,Chemical,20,chemical-PEA,1855.0,74,77,77,(NG)PEA-MEA,(EL)PEA,(EL)PEA,0.600555118,0.459,0.443,0.0,0.0,0.0,1250.9949502544825,1272.57565,1272.57565,120.499307810038,111.0,111.0,1130.4956424444445,1161.57565,1161.57565,7.35,0.049,0.0,0.0,0.16401245333333336,0.284634,0.284634,C69
E1846,C274,274,DE,DEB34,49.5258187,8.4165092,6,Chemical,21,chemical-PE,485.0,65,68,68,(NG)PE-MEA,(EL)PE,(EL)PE,0.050040025,0.016,0.015,0.0,0.0,0.0,1000.7329960451451,1001.8245000000001,1001.8245000000001,37.033860045145,37.0,37.0,963.6991360000001,964.8245000000001,964.8245000000001,0.3,0.002,0.0,0.0,0.02090579,0.024953999999999997,0.024953999999999997,C69
E2230,C275,275,DE,DEB34,49.495018,8.434131,5,Fertilisers,18,fertiliser-ammonia,603.75,105,107,107,(NG)NH3-MVR-DEA,(BM)NH3,(BM)NH3,2.07811468,1.742,1.42,0.0,0.0,0.0,482.6432713651555,490.9891,490.9891,120.3508298096,170.0,170.0,362.2924415555555,320.9891,320.9891,30.3,0.202,0.0,0.0,0.46096393166666666,0.1487316,0.1487316,C69
E1981,C276,276,DE,DE40G,51.6502608999999,14.2279014,3,Glass,11,glass-container,155.2403093,140,146,145,(NG)-CC,(EL)-CC,(EL),0.44358809,0.338,0.097,0.021,0.0,0.0,251.80920304444447,260.61025659999996,267.09275660000003,68.483,53.919,50.0,183.32620304444447,206.6912566,217.09275660000003,1.6499999999999997,0.011,0.002,0.073,0.08259808833333333,0.1719824,0.2425564,C93
E2408,C278,278,DE,DEA11,51.1762693,6.8374015,6,Chemical,20,chemical-PEA,43.406178,74,77,77,(NG)PEA-MEA,(EL)PEA,(EL)PEA,0.600555118,0.459,0.443,0.0,0.0,0.0,1250.9949502544825,1272.57565,1272.57565,120.499307810038,111.0,111.0,1130.4956424444445,1161.57565,1161.57565,7.35,0.049,0.0,0.0,0.16401245333333336,0.284634,0.284634,C88
E1885,C283,283,DE,DEE0B,51.3941504,11.9747026,6,Chemical,21,chemical-PE,635.0,65,68,68,(NG)PE-MEA,(EL)PE,(EL)PE,0.050040025,0.016,0.015,0.0,0.0,0.0,1000.7329960451451,1001.8245000000001,1001.8245000000001,37.033860045145,37.0,37.0,963.6991360000001,964.8245000000001,964.8245000000001,0.3,0.002,0.0,0.0,0.02090579,0.024953999999999997,0.024953999999999997,C87
E2409,C284,284,DE,DE214,48.1783732999999,12.7216451,6,Chemical,20,chemical-PEA,43.406178,74,77,77,(NG)PEA-MEA,(EL)PEA,(EL)PEA,0.600555118,0.459,0.443,0.0,0.0,0.0,1250.9949502544825,1272.57565,1272.57565,120.499307810038,111.0,111.0,1130.4956424444445,1161.57565,1161.57565,7.35,0.049,0.0,0.0,0.16401245333333336,0.284634,0.284634,C90
E1884,C285,285,DE,DED52,51.2006945999999,12.3870378999999,6,Chemical,19,chemical-olefins,475.0,83,82,82,(LN)O-MEA,(LN)O,(LN)O,1.348312693,0.967,1.002,0.0,0.0,0.0,730.4031431035622,746.908569,746.908569,106.49401988134,55.0,55.0,623.9091232222222,691.908569,691.908569,16.65,0.111,0.967,0.967,0.5322865194666667,1.3156651228,1.3156651228,C94
E690,C286,286,DE,DEG0I,50.6579236999999,11.4509279,1,Steel,2,steel-secondary,946.0595802,214,218,214,Scraps EAF,EU-mix-2050,Scraps EAF,0.143477203,0.04,0.0,0.0,0.0,0.0,531.9477585,531.9477585,531.9477585,18.0,18.0,18.0,513.9477585,513.9477585,513.9477585,6.0,0.04,0.04,0.04,0.0973878205,0.0973878205,0.0973878205,C95
E721,C287,287,DE,DEA5A,50.9173527,8.0139868,1,Steel,2,steel-secondary,516.0324983,214,218,214,Scraps EAF,EU-mix-2050,Scraps EAF,0.143477203,0.04,0.0,0.0,0.0,0.0,531.9477585,531.9477585,531.9477585,18.0,18.0,18.0,513.9477585,513.9477585,513.9477585,6.0,0.04,0.04,0.04,0.0973878205,0.0973878205,0.0973878205,C96
E710,C289,289,DE,DEA56,51.43634,7.32554,1,Steel,2,steel-secondary,412.8259986,214,218,214,Scraps EAF,EU-mix-2050,Scraps EAF,0.143477203,0.04,0.0,0.0,0.0,0.0,531.9477585,531.9477585,531.9477585,18.0,18.0,18.0,513.9477585,513.9477585,513.9477585,6.0,0.04,0.04,0.04,0.0973878205,0.0973878205,0.0973878205,C92
E2227,C299,299,DE,DEE0E,51.8760777,12.5891255999999,5,Fertilisers,18,fertiliser-ammonia,893.55,105,107,107,(NG)NH3-MVR-DEA,(BM)NH3,(BM)NH3,2.07811468,1.742,1.42,0.0,0.0,0.0,482.6432713651555,490.9891,490.9891,120.3508298096,170.0,170.0,362.2924415555555,320.9891,320.9891,30.3,0.202,0.0,0.0,0.46096393166666666,0.1487316,0.1487316,C97
E2410,C301,301,DE,DEA36,51.6787945,7.0949199,6,Chemical,20,chemical-PEA,43.406178,74,77,77,(NG)PEA-MEA,(EL)PEA,(EL)PEA,0.600555118,0.459,0.443,0.0,0.0,0.0,1250.9949502544825,1272.57565,1272.57565,120.499307810038,111.0,111.0,1130.4956424444445,1161.57565,1161.57565,7.35,0.049,0.0,0.0,0.16401245333333336,0.284634,0.284634,C92
E1890,C303,303,DE,DE214,48.1770331999999,12.8405938,6,Chemical,21,chemical-PE,900.0,65,68,68,(NG)PE-MEA,(EL)PE,(EL)PE,0.050040025,0.016,0.015,0.0,0.0,0.0,1000.7329960451451,1001.8245000000001,1001.8245000000001,37.033860045145,37.0,37.0,963.6991360000001,964.8245000000001,964.8245000000001,0.3,0.002,0.0,0.0,0.02090579,0.024953999999999997,0.024953999999999997,C90
E2411,C304,304,DE,DEA17,51.5253439,6.7982794,6,Chemical,20,chemical-PEA,43.406178,74,77,77,(NG)PEA-MEA,(EL)PEA,(EL)PEA,0.600555118,0.459,0.443,0.0,0.0,0.0,1250.9949502544825,1272.57565,1272.57565,120.499307810038,111.0,111.0,1130.4956424444445,1161.57565,1161.57565,7.35,0.049,0.0,0.0,0.16401245333333336,0.284634,0.284634,C92
E709,C305,305,DE,DE94E,52.2117599999999,8.04362,1,Steel,2,steel-secondary,946.0595802,214,218,214,Scraps EAF,EU-mix-2050,Scraps EAF,0.143477203,0.04,0.0,0.0,0.0,0.0,531.9477585,531.9477585,531.9477585,18.0,18.0,18.0,513.9477585,513.9477585,513.9477585,6.0,0.04,0.04,0.04,0.0973878205,0.0973878205,0.0973878205,C66
E706,C306,306,DE,DE401,52.4125287,12.5316443999999,1,Steel,2,steel-secondary,1548.097495,214,218,214,Scraps EAF,EU-mix-2050,Scraps EAF,0.143477203,0.04,0.0,0.0,0.0,0.0,531.9477585,531.9477585,531.9477585,18.0,18.0,18.0,513.9477585,513.9477585,513.9477585,6.0,0.04,0.04,0.04,0.0973878205,0.0973878205,0.0973878205,C98
E703,C309,309,DE,DEA5A,50.8665075999999,8.00718159999999,1,Steel,2,steel-secondary,129.0081246,214,218,214,Scraps EAF,EU-mix-2050,Scraps EAF,0.143477203,0.04,0.0,0.0,0.0,0.0,531.9477585,531.9477585,531.9477585,18.0,18.0,18.0,513.9477585,513.9477585,513.9477585,6.0,0.04,0.04,0.04,0.0973878205,0.0973878205,0.0973878205,C96
E2412,C312,312,DE,DEA24,51.015535,6.9854168,6,Chemical,20,chemical-PEA,43.406178,74,77,77,(NG)PEA-MEA,(EL)PEA,(EL)PEA,0.600555118,0.459,0.443,0.0,0.0,0.0,1250.9949502544825,1272.57565,1272.57565,120.499307810038,111.0,111.0,1130.4956424444445,1161.57565,1161.57565,7.35,0.049,0.0,0.0,0.16401245333333336,0.284634,0.284634,C88
E701,C313,313,DE,DE40A,52.6476480999999,13.2108588,1,Steel,2,steel-secondary,860.0541638,214,218,214,Scraps EAF,EU-mix-2050,Scraps EAF,0.143477203,0.04,0.0,0.0,0.0,0.0,531.9477585,531.9477585,531.9477585,18.0,18.0,18.0,513.9477585,513.9477585,513.9477585,6.0,0.04,0.04,0.04,0.0973878205,0.0973878205,0.0973878205,C99
E1906,C314,314,DE,DEA55,51.5360248,7.2140094,6,Chemical,20,chemical-PEA,229.0,74,77,77,(NG)PEA-MEA,(EL)PEA,(EL)PEA,0.600555118,0.459,0.443,0.0,0.0,0.0,1250.9949502544825,1272.57565,1272.57565,120.499307810038,111.0,111.0,1130.4956424444445,1161.57565,1161.57565,7.35,0.049,0.0,0.0,0.16401245333333336,0.284634,0.284634,C92
E1905,C315,315,DE,DEA1F,51.4702002,6.646913,6,Chemical,20,chemical-PEA,341.0,74,77,77,(NG)PEA-MEA,(EL)PEA,(EL)PEA,0.600555118,0.459,0.443,0.0,0.0,0.0,1250.9949502544825,1272.57565,1272.57565,120.499307810038,111.0,111.0,1130.4956424444445,1161.57565,1161.57565,7.35,0.049,0.0,0.0,0.16401245333333336,0.284634,0.284634,C92
E2413,C316,316,DE,DEA27,50.8329729,6.9763718,6,Chemical,20,chemical-PEA,43.406178,74,77,77,(NG)PEA-MEA,(EL)PEA,(EL)PEA,0.600555118,0.459,0.443,0.0,0.0,0.0,1250.9949502544825,1272.57565,1272.57565,120.499307810038,111.0,111.0,1130.4956424444445,1161.57565,1161.57565,7.35,0.049,0.0,0.0,0.16401245333333336,0.284634,0.284634,C88
E2414,C317,317,DE,DEA24,51.015535,6.9854168,6,Chemical,20,chemical-PEA,43.406178,74,77,77,(NG)PEA-MEA,(EL)PEA,(EL)PEA,0.600555118,0.459,0.443,0.0,0.0,0.0,1250.9949502544825,1272.57565,1272.57565,120.499307810038,111.0,111.0,1130.4956424444445,1161.57565,1161.57565,7.35,0.049,0.0,0.0,0.16401245333333336,0.284634,0.284634,C88
E1858,C318,318,DE,DE21J,48.7555010999999,11.7037456,6,Chemical,19,chemical-olefins,153.646,83,82,82,(LN)O-MEA,(LN)O,(LN)O,1.348312693,0.967,1.002,0.0,0.0,0.0,730.4031431035622,746.908569,746.908569,106.49401988134,55.0,55.0,623.9091232222222,691.908569,691.908569,16.65,0.111,0.967,0.967,0.5322865194666667,1.3156651228,1.3156651228,C100
E3007,C318,318,DE,DE21J,48.7555010999999,11.7037456,6,Chemical,21,chemical-PE,166.354,65,68,68,(NG)PE-MEA,(EL)PE,(EL)PE,0.050040025,0.016,0.015,0.0,0.0,0.0,1000.7329960451451,1001.8245000000001,1001.8245000000001,37.033860045145,37.0,37.0,963.6991360000001,964.8245000000001,964.8245000000001,0.3,0.002,0.0,0.0,0.02090579,0.024953999999999997,0.024953999999999997,C100
E1860,C319,319,DE,DEA36,51.6787945,7.0949199,6,Chemical,19,chemical-olefins,1299.074,83,82,82,(LN)O-MEA,(LN)O,(LN)O,1.348312693,0.967,1.002,0.0,0.0,0.0,730.4031431035622,746.908569,746.908569,106.49401988134,55.0,55.0,623.9091232222222,691.908569,691.908569,16.65,0.111,0.967,0.967,0.5322865194666667,1.3156651228,1.3156651228,C92
E3005,C319,319,DE,DEA36,51.6787945,7.0949199,6,Chemical,20,chemical-PEA,1294.406,74,77,77,(NG)PEA-MEA,(EL)PEA,(EL)PEA,0.600555118,0.459,0.443,0.0,0.0,0.0,1250.9949502544825,1272.57565,1272.57565,120.499307810038,111.0,111.0,1130.4956424444445,1161.57565,1161.57565,7.35,0.049,0.0,0.0,0.16401245333333336,0.284634,0.284634,C92
E3006,C319,319,DE,DEA36,51.6787945,7.0949199,6,Chemical,21,chemical-PE,1406.52,65,68,68,(NG)PE-MEA,(EL)PE,(EL)PE,0.050040025,0.016,0.015,0.0,0.0,0.0,1000.7329960451451,1001.8245000000001,1001.8245000000001,37.033860045145,37.0,37.0,963.6991360000001,964.8245000000001,964.8245000000001,0.3,0.002,0.0,0.0,0.02090579,0.024953999999999997,0.024953999999999997,C92
E1982,C325,325,DE,DEA5C,51.6251146999999,7.5134593,3,Glass,11,glass-container,177.9072093,140,146,145,(NG)-CC,(EL)-CC,(EL),0.44358809,0.338,0.097,0.021,0.0,0.0,251.80920304444447,260.61025659999996,267.09275660000003,68.483,53.919,50.0,183.32620304444447,206.6912566,217.09275660000003,1.6499999999999997,0.011,0.002,0.073,0.08259808833333333,0.1719824,0.2425564,C101
E2415,C326,326,DE,DE945,53.6228617,8.0585571,6,Chemical,20,chemical-PEA,43.406178,74,77,77,(NG)PEA-MEA,(EL)PEA,(EL)PEA,0.600555118,0.459,0.443,0.0,0.0,0.0,1250.9949502544825,1272.57565,1272.57565,120.499307810038,111.0,111.0,1130.4956424444445,1161.57565,1161.57565,7.35,0.049,0.0,0.0,0.16401245333333336,0.284634,0.284634,C102
E2416,C327,327,DE,DEA36,51.6815399999999,7.10032,6,Chemical,20,chemical-PEA,43.406178,74,77,77,(NG)PEA-MEA,(EL)PEA,(EL)PEA,0.600555118,0.459,0.443,0.0,0.0,0.0,1250.9949502544825,1272.57565,1272.57565,120.499307810038,111.0,111.0,1130.4956424444445,1161.57565,1161.57565,7.35,0.049,0.0,0.0,0.16401245333333336,0.284634,0.284634,C92
E2547,C327,327,DE,DEA36,51.6815399999999,7.10032,6,Chemical,21,chemical-PE,47.165769,65,68,68,(NG)PE-MEA,(EL)PE,(EL)PE,0.050040025,0.016,0.015,0.0,0.0,0.0,1000.7329960451451,1001.8245000000001,1001.8245000000001,37.033860045145,37.0,37.0,963.6991360000001,964.8245000000001,964.8245000000001,0.3,0.002,0.0,0.0,0.02090579,0.024953999999999997,0.024953999999999997,C92
E2309,C328,328,DE,DEA57,51.4228401,8.0299739,6,Chemical,19,chemical-olefins,43.56271,83,82,82,(LN)O-MEA,(LN)O,(LN)O,1.348312693,0.967,1.002,0.0,0.0,0.0,730.4031431035622,746.908569,746.908569,106.49401988134,55.0,55.0,623.9091232222222,691.908569,691.908569,16.65,0.111,0.967,0.967,0.5322865194666667,1.3156651228,1.3156651228,C103
E2447,C328,328,DE,DEA57,51.4228401,8.0299739,6,Chemical,20,chemical-PEA,43.406178,74,77,77,(NG)PEA-MEA,(EL)PEA,(EL)PEA,0.600555118,0.459,0.443,0.0,0.0,0.0,1250.9949502544825,1272.57565,1272.57565,120.499307810038,111.0,111.0,1130.4956424444445,1161.57565,1161.57565,7.35,0.049,0.0,0.0,0.16401245333333336,0.284634,0.284634,C103
E2574,C328,328,DE,DEA57,51.4228401,8.0299739,6,Chemical,21,chemical-PE,47.165769,65,68,68,(NG)PE-MEA,(EL)PE,(EL)PE,0.050040025,0.016,0.015,0.0,0.0,0.0,1000.7329960451451,1001.8245000000001,1001.8245000000001,37.033860045145,37.0,37.0,963.6991360000001,964.8245000000001,964.8245000000001,0.3,0.002,0.0,0.0,0.02090579,0.024953999999999997,0.024953999999999997,C103
E2417,C329,329,DE,DEB35,50.0184094,8.2346432,6,Chemical,20,chemical-PEA,43.406178,74,77,77,(NG)PEA-MEA,(EL)PEA,(EL)PEA,0.600555118,0.459,0.443,0.0,0.0,0.0,1250.9949502544825,1272.57565,1272.57565,120.499307810038,111.0,111.0,1130.4956424444445,1161.57565,1161.57565,7.35,0.049,0.0,0.0,0.16401245333333336,0.284634,0.284634,C64
E2418,C330,330,DE,DEA12,51.4727539,6.7976328,6,Chemical,20,chemical-PEA,43.406178,74,77,77,(NG)PEA-MEA,(EL)PEA,(EL)PEA,0.600555118,0.459,0.443,0.0,0.0,0.0,1250.9949502544825,1272.57565,1272.57565,120.499307810038,111.0,111.0,1130.4956424444445,1161.57565,1161.57565,7.35,0.049,0.0,0.0,0.16401245333333336,0.284634,0.284634,C92
E2310,C331,331,DE,DEA55,51.5140278,7.1842264,6,Chemical,19,chemical-olefins,43.56271,83,82,82,(LN)O-MEA,(LN)O,(LN)O,1.348312693,0.967,1.002,0.0,0.0,0.0,730.4031431035622,746.908569,746.908569,106.49401988134,55.0,55.0,623.9091232222222,691.908569,691.908569,16.65,0.111,0.967,0.967,0.5322865194666667,1.3156651228,1.3156651228,C92
E2448,C331,331,DE,DEA55,51.5140278,7.1842264,6,Chemical,20,chemical-PEA,43.406178,74,77,77,(NG)PEA-MEA,(EL)PEA,(EL)PEA,0.600555118,0.459,0.443,0.0,0.0,0.0,1250.9949502544825,1272.57565,1272.57565,120.499307810038,111.0,111.0,1130.4956424444445,1161.57565,1161.57565,7.35,0.049,0.0,0.0,0.16401245333333336,0.284634,0.284634,C92
E2575,C331,331,DE,DEA55,51.5140278,7.1842264,6,Chemical,21,chemical-PE,47.165769,65,68,68,(NG)PE-MEA,(EL)PE,(EL)PE,0.050040025,0.016,0.015,0.0,0.0,0.0,1000.7329960451451,1001.8245000000001,1001.8245000000001,37.033860045145,37.0,37.0,963.6991360000001,964.8245000000001,964.8245000000001,0.3,0.002,0.0,0.0,0.02090579,0.024953999999999997,0.024953999999999997,C92
E2419,C332,332,DE,DE131,48.0201617999999,7.844156,6,Chemical,20,chemical-PEA,43.406178,74,77,77,(NG)PEA-MEA,(EL)PEA,(EL)PEA,0.600555118,0.459,0.443,0.0,0.0,0.0,1250.9949502544825,1272.57565,1272.57565,120.499307810038,111.0,111.0,1130.4956424444445,1161.57565,1161.57565,7.35,0.049,0.0,0.0,0.16401245333333336,0.284634,0.284634,C104
E722,C333,333,DE,DED2E,51.4064711999999,13.4438914999999,1,Steel,2,steel-secondary,86.00541638,214,218,214,Scraps EAF,EU-mix-2050,Scraps EAF,0.143477203,0.04,0.0,0.0,0.0,0.0,531.9477585,531.9477585,531.9477585,18.0,18.0,18.0,513.9477585,513.9477585,513.9477585,6.0,0.04,0.04,0.04,0.0973878205,0.0973878205,0.0973878205,C82
E2311,C334,334,DE,DEA36,51.5741775999999,7.297955,6,Chemical,19,chemical-olefins,43.56271,83,82,82,(LN)O-MEA,(LN)O,(LN)O,1.348312693,0.967,1.002,0.0,0.0,0.0,730.4031431035622,746.908569,746.908569,106.49401988134,55.0,55.0,623.9091232222222,691.908569,691.908569,16.65,0.111,0.967,0.967,0.5322865194666667,1.3156651228,1.3156651228,C92
E2449,C334,334,DE,DEA36,51.5741775999999,7.297955,6,Chemical,20,chemical-PEA,43.406178,74,77,77,(NG)PEA-MEA,(EL)PEA,(EL)PEA,0.600555118,0.459,0.443,0.0,0.0,0.0,1250.9949502544825,1272.57565,1272.57565,120.499307810038,111.0,111.0,1130.4956424444445,1161.57565,1161.57565,7.35,0.049,0.0,0.0,0.16401245333333336,0.284634,0.284634,C92
E2576,C334,334,DE,DEA36,51.5741775999999,7.297955,6,Chemical,21,chemical-PE,47.165769,65,68,68,(NG)PE-MEA,(EL)PE,(EL)PE,0.050040025,0.016,0.015,0.0,0.0,0.0,1000.7329960451451,1001.8245000000001,1001.8245000000001,37.033860045145,37.0,37.0,963.6991360000001,964.8245000000001,964.8245000000001,0.3,0.002,0.0,0.0,0.02090579,0.024953999999999997,0.024953999999999997,C92
E1915,C337,337,DE,DEA36,51.5971679,6.9692306,6,Chemical,20,chemical-PEA,1050.0,74,77,77,(NG)PEA-MEA,(EL)PEA,(EL)PEA,0.600555118,0.459,0.443,0.0,0.0,0.0,1250.9949502544825,1272.57565,1272.57565,120.499307810038,111.0,111.0,1130.4956424444445,1161.57565,1161.57565,7.35,0.049,0.0,0.0,0.16401245333333336,0.284634,0.284634,C92
E717,C339,339,DE,DED2E,51.3133538,13.2803853,1,Steel,2,steel-secondary,774.0487475,214,218,214,Scraps EAF,EU-mix-2050,Scraps EAF,0.143477203,0.04,0.0,0.0,0.0,0.0,531.9477585,531.9477585,531.9477585,18.0,18.0,18.0,513.9477585,513.9477585,513.9477585,6.0,0.04,0.04,0.04,0.0973878205,0.0973878205,0.0973878205,C82
E2420,C342,342,DE,DE712,50.0910506,8.5346812,6,Chemical,20,chemical-PEA,43.406178,74,77,77,(NG)PEA-MEA,(EL)PEA,(EL)PEA,0.600555118,0.459,0.443,0.0,0.0,0.0,1250.9949502544825,1272.57565,1272.57565,120.499307810038,111.0,111.0,1130.4956424444445,1161.57565,1161.57565,7.35,0.049,0.0,0.0,0.16401245333333336,0.284634,0.284634,C105
E2421,C344,344,DE,DEE0B,51.3253259999999,12.0129558,6,Chemical,20,chemical-PEA,43.406178,74,77,77,(NG)PEA-MEA,(EL)PEA,(EL)PEA,0.600555118,0.459,0.443,0.0,0.0,0.0,1250.9949502544825,1272.57565,1272.57565,120.499307810038,111.0,111.0,1130.4956424444445,1161.57565,1161.57565,7.35,0.049,0.0,0.0,0.16401245333333336,0.284634,0.284634,C87
E2312,C345,345,DE,DEA1F,51.4702002,6.646913,6,Chemical,19,chemical-olefins,43.56271,83,82,82,(LN)O-MEA,(LN)O,(LN)O,1.348312693,0.967,1.002,0.0,0.0,0.0,730.4031431035622,746.908569,746.908569,106.49401988134,55.0,55.0,623.9091232222222,691.908569,691.908569,16.65,0.111,0.967,0.967,0.5322865194666667,1.3156651228,1.3156651228,C92
E2450,C345,345,DE,DEA1F,51.4702002,6.646913,6,Chemical,20,chemical-PEA,43.406178,74,77,77,(NG)PEA-MEA,(EL)PEA,(EL)PEA,0.600555118,0.459,0.443,0.0,0.0,0.0,1250.9949502544825,1272.57565,1272.57565,120.499307810038,111.0,111.0,1130.4956424444445,1161.57565,1161.57565,7.35,0.049,0.0,0.0,0.16401245333333336,0.284634,0.284634,C92
E2577,C345,345,DE,DEA1F,51.4702002,6.646913,6,Chemical,21,chemical-PE,47.165769,65,68,68,(NG)PE-MEA,(EL)PE,(EL)PE,0.050040025,0.016,0.015,0.0,0.0,0.0,1000.7329960451451,1001.8245000000001,1001.8245000000001,37.033860045145,37.0,37.0,963.6991360000001,964.8245000000001,964.8245000000001,0.3,0.002,0.0,0.0,0.02090579,0.024953999999999997,0.024953999999999997,C92
E1913,C348,348,DE,DEA1F,51.5613225,6.5776157,6,Chemical,21,chemical-PE,320.0,65,68,68,(NG)PE-MEA,(EL)PE,(EL)PE,0.050040025,0.016,0.015,0.0,0.0,0.0,1000.7329960451451,1001.8245000000001,1001.8245000000001,37.033860045145,37.0,37.0,963.6991360000001,964.8245000000001,964.8245000000001,0.3,0.002,0.0,0.0,0.02090579,0.024953999999999997,0.024953999999999997,C92
E1983,C353,353,DE,DE409,52.53672,13.7155801,3,Glass,11,glass-container,133.7132953,140,146,145,(NG)-CC,(EL)-CC,(EL),0.44358809,0.338,0.097,0.021,0.0,0.0,251.80920304444447,260.61025659999996,267.09275660000003,68.483,53.919,50.0,183.32620304444447,206.6912566,217.09275660000003,1.6499999999999997,0.011,0.002,0.073,0.08259808833333333,0.1719824,0.2425564,C106
E715,C354,354,DE,DE501,53.1393013,8.6900675,1,Steel,1,steel-primary,3616.568502,204,203,203,(NG)DRI-EAF-MEA,(NG)DRI-EAF,(NG)DRI-EAF,2.36399401,2.002,0.586,0.0,0.0,0.0,435.4523586444444,502.38245864444445,502.38245864444445,46.0,32.0,32.0,389.4523586444444,470.38245864444445,470.38245864444445,9.75,0.065,0.651,0.651,0.20736103233333333,0.7814126323333334,0.7814126323333334,C107
E2422,C358,358,DE,DEE08,51.0685581999999,12.1921634999999,6,Chemical,20,chemical-PEA,43.406178,74,77,77,(NG)PEA-MEA,(EL)PEA,(EL)PEA,0.600555118,0.459,0.443,0.0,0.0,0.0,1250.9949502544825,1272.57565,1272.57565,120.499307810038,111.0,111.0,1130.4956424444445,1161.57565,1161.57565,7.35,0.049,0.0,0.0,0.16401245333333336,0.284634,0.284634,C108
E666,C362,362,DE,DE600,53.52478,9.89992,1,Steel,1,steel-primary,1046.901408,204,203,203,(NG)DRI-EAF-MEA,(NG)DRI-EAF,(NG)DRI-EAF,2.36399401,2.002,0.586,0.0,0.0,0.0,435.4523586444444,502.38245864444445,502.38245864444445,46.0,32.0,32.0,389.4523586444444,470.38245864444445,470.38245864444445,9.75,0.065,0.651,0.651,0.20736103233333333,0.7814126323333334,0.7814126323333334,C77
E1893,C363,363,DE,DE939,53.6346278999999,9.4867624,6,Chemical,21,chemical-PE,1500.0,65,68,68,(NG)PE-MEA,(EL)PE,(EL)PE,0.050040025,0.016,0.015,0.0,0.0,0.0,1000.7329960451451,1001.8245000000001,1001.8245000000001,37.033860045145,37.0,37.0,963.6991360000001,964.8245000000001,964.8245000000001,0.3,0.002,0.0,0.0,0.02090579,0.024953999999999997,0.024953999999999997,C109
E2423,C364,364,DE,DE939,53.6519197,9.5078665,6,Chemical,20,chemical-PEA,43.406178,74,77,77,(NG)PEA-MEA,(EL)PEA,(EL)PEA,0.600555118,0.459,0.443,0.0,0.0,0.0,1250.9949502544825,1272.57565,1272.57565,120.499307810038,111.0,111.0,1130.4956424444445,1161.57565,1161.57565,7.35,0.049,0.0,0.0,0.16401245333333336,0.284634,0.284634,C109
E2424,C366,366,DE,DEE0E,51.8761040999999,12.5909884,6,Chemical,20,chemical-PEA,43.406178,74,77,77,(NG)PEA-MEA,(EL)PEA,(EL)PEA,0.600555118,0.459,0.443,0.0,0.0,0.0,1250.9949502544825,1272.57565,1272.57565,120.499307810038,111.0,111.0,1130.4956424444445,1161.57565,1161.57565,7.35,0.049,0.0,0.0,0.16401245333333336,0.284634,0.284634,C97
E2425,C370,370,DE,DEA14,51.3691575,6.6633243,6,Chemical,20,chemical-PEA,43.406178,74,77,77,(NG)PEA-MEA,(EL)PEA,(EL)PEA,0.600555118,0.459,0.443,0.0,0.0,0.0,1250.9949502544825,1272.57565,1272.57565,120.499307810038,111.0,111.0,1130.4956424444445,1161.57565,1161.57565,7.35,0.049,0.0,0.0,0.16401245333333336,0.284634,0.284634,C92
E2313,C371,371,DE,DEF05,53.901848,9.1849512,6,Chemical,19,chemical-olefins,43.56271,83,82,82,(LN)O-MEA,(LN)O,(LN)O,1.348312693,0.967,1.002,0.0,0.0,0.0,730.4031431035622,746.908569,746.908569,106.49401988134,55.0,55.0,623.9091232222222,691.908569,691.908569,16.65,0.111,0.967,0.967,0.5322865194666667,1.3156651228,1.3156651228,C110
E2451,C371,371,DE,DEF05,53.901848,9.1849512,6,Chemical,20,chemical-PEA,43.406178,74,77,77,(NG)PEA-MEA,(EL)PEA,(EL)PEA,0.600555118,0.459,0.443,0.0,0.0,0.0,1250.9949502544825,1272.57565,1272.57565,120.499307810038,111.0,111.0,1130.4956424444445,1161.57565,1161.57565,7.35,0.049,0.0,0.0,0.16401245333333336,0.284634,0.284634,C110
E2578,C371,371,DE,DEF05,53.901848,9.1849512,6,Chemical,21,chemical-PE,47.165769,65,68,68,(NG)PE-MEA,(EL)PE,(EL)PE,0.050040025,0.016,0.015,0.0,0.0,0.0,1000.7329960451451,1001.8245000000001,1001.8245000000001,37.033860045145,37.0,37.0,963.6991360000001,964.8245000000001,964.8245000000001,0.3,0.002,0.0,0.0,0.02090579,0.024953999999999997,0.024953999999999997,C110
E1861,C372,372,DE,DEA23,51.0670563999999,6.8460238,6,Chemical,19,chemical-olefins,1503.33,83,82,82,(LN)O-MEA,(LN)O,(LN)O,1.348312693,0.967,1.002,0.0,0.0,0.0,730.4031431035622,746.908569,746.908569,106.49401988134,55.0,55.0,623.9091232222222,691.908569,691.908569,16.65,0.111,0.967,0.967,0.5322865194666667,1.3156651228,1.3156651228,C88
E1862,C372,372,DE,DEA23,51.0670563999999,6.8460238,6,Chemical,20,chemical-PEA,1013.0,74,77,77,(NG)PEA-MEA,(EL)PEA,(EL)PEA,0.600555118,0.459,0.443,0.0,0.0,0.0,1250.9949502544825,1272.57565,1272.57565,120.499307810038,111.0,111.0,1130.4956424444445,1161.57565,1161.57565,7.35,0.049,0.0,0.0,0.16401245333333336,0.284634,0.284634,C88
E3009,C372,372,DE,DEA23,51.0670563999999,6.8460238,6,Chemical,21,chemical-PE,1627.67,65,68,68,(NG)PE-MEA,(EL)PE,(EL)PE,0.050040025,0.016,0.015,0.0,0.0,0.0,1000.7329960451451,1001.8245000000001,1001.8245000000001,37.033860045145,37.0,37.0,963.6991360000001,964.8245000000001,964.8245000000001,0.3,0.002,0.0,0.0,0.02090579,0.024953999999999997,0.024953999999999997,C88
E2256,C373,373,DE,DEA23,51.06716,6.8459403,5,Fertilisers,18,fertiliser-ammonia,378.58023,105,107,107,(NG)NH3-MVR-DEA,(BM)NH3,(BM)NH3,2.07811468,1.742,1.42,0.0,0.0,0.0,482.6432713651555,490.9891,490.9891,120.3508298096,170.0,170.0,362.2924415555555,320.9891,320.9891,30.3,0.202,0.0,0.0,0.46096393166666666,0.1487316,0.1487316,C88
E3000,C373,373,DE,DEA23,51.06716,6.8459403,5,Fertilisers,18,fertiliser-nitric-acid,378.58023,117,118,117,(BM)HNO3,(BM)HNO3-DEA,(BM)HNO3,0.455609314,0.409,0.0,0.736,0.0,0.736,97.43214512,105.90694141568,97.43214512,30.0,38.47479629568,30.0,67.43214512,67.43214512,67.43214512,0.0,0.0,-0.736,0.0,0.0,-0.736,0.0,C88
E2314,C374,374,DE,DEA23,51.0773403999999,6.8379019,6,Chemical,19,chemical-olefins,43.56271,83,82,82,(LN)O-MEA,(LN)O,(LN)O,1.348312693,0.967,1.002,0.0,0.0,0.0,730.4031431035622,746.908569,746.908569,106.49401988134,55.0,55.0,623.9091232222222,691.908569,691.908569,16.65,0.111,0.967,0.967,0.5322865194666667,1.3156651228,1.3156651228,C88
E2452,C374,374,DE,DEA23,51.0773403999999,6.8379019,6,Chemical,20,chemical-PEA,43.406178,74,77,77,(NG)PEA-MEA,(EL)PEA,(EL)PEA,0.600555118,0.459,0.443,0.0,0.0,0.0,1250.9949502544825,1272.57565,1272.57565,120.499307810038,111.0,111.0,1130.4956424444445,1161.57565,1161.57565,7.35,0.049,0.0,0.0,0.16401245333333336,0.284634,0.284634,C88
E2579,C374,374,DE,DEA23,51.0773403999999,6.8379019,6,Chemical,21,chemical-PE,47.165769,65,68,68,(NG)PE-MEA,(EL)PE,(EL)PE,0.050040025,0.016,0.015,0.0,0.0,0.0,1000.7329960451451,1001.8245000000001,1001.8245000000001,37.033860045145,37.0,37.0,963.6991360000001,964.8245000000001,964.8245000000001,0.3,0.002,0.0,0.0,0.02090579,0.024953999999999997,0.024953999999999997,C88
E2315,C375,375,DE,DEA1B,51.8334199999999,6.23611,6,Chemical,19,chemical-olefins,43.56271,83,82,82,(LN)O-MEA,(LN)O,(LN)O,1.348312693,0.967,1.002,0.0,0.0,0.0,730.4031431035622,746.908569,746.908569,106.49401988134,55.0,55.0,623.9091232222222,691.908569,691.908569,16.65,0.111,0.967,0.967,0.5322865194666667,1.3156651228,1.3156651228,C111
E2453,C375,375,DE,DEA1B,51.8334199999999,6.23611,6,Chemical,20,chemical-PEA,43.406178,74,77,77,(NG)PEA-MEA,(EL)PEA,(EL)PEA,0.600555118,0.459,0.443,0.0,0.0,0.0,1250.9949502544825,1272.57565,1272.57565,120.499307810038,111.0,111.0,1130.4956424444445,1161.57565,1161.57565,7.35,0.049,0.0,0.0,0.16401245333333336,0.284634,0.284634,C111
E2580,C375,375,DE,DEA1B,51.8334199999999,6.23611,6,Chemical,21,chemical-PE,47.165769,65,68,68,(NG)PE-MEA,(EL)PE,(EL)PE,0.050040025,0.016,0.015,0.0,0.0,0.0,1000.7329960451451,1001.8245000000001,1001.8245000000001,37.033860045145,37.0,37.0,963.6991360000001,964.8245000000001,964.8245000000001,0.3,0.002,0.0,0.0,0.02090579,0.024953999999999997,0.024953999999999997,C111
E2316,C377,377,DE,DEA1B,51.8318733999999,6.2551839,6,Chemical,19,chemical-olefins,43.56271,83,82,82,(LN)O-MEA,(LN)O,(LN)O,1.348312693,0.967,1.002,0.0,0.0,0.0,730.4031431035622,746.908569,746.908569,106.49401988134,55.0,55.0,623.9091232222222,691.908569,691.908569,16.65,0.111,0.967,0.967,0.5322865194666667,1.3156651228,1.3156651228,C111
E2454,C377,377,DE,DEA1B,51.8318733999999,6.2551839,6,Chemical,20,chemical-PEA,43.406178,74,77,77,(NG)PEA-MEA,(EL)PEA,(EL)PEA,0.600555118,0.459,0.443,0.0,0.0,0.0,1250.9949502544825,1272.57565,1272.57565,120.499307810038,111.0,111.0,1130.4956424444445,1161.57565,1161.57565,7.35,0.049,0.0,0.0,0.16401245333333336,0.284634,0.284634,C111
E2581,C377,377,DE,DEA1B,51.8318733999999,6.2551839,6,Chemical,21,chemical-PE,47.165769,65,68,68,(NG)PE-MEA,(EL)PE,(EL)PE,0.050040025,0.016,0.015,0.0,0.0,0.0,1000.7329960451451,1001.8245000000001,1001.8245000000001,37.033860045145,37.0,37.0,963.6991360000001,964.8245000000001,964.8245000000001,0.3,0.002,0.0,0.0,0.02090579,0.024953999999999997,0.024953999999999997,C111
E1914,C380,380,DE,DEA36,51.6787945,7.0949199,6,Chemical,20,chemical-PEA,260.0,74,77,77,(NG)PEA-MEA,(EL)PEA,(EL)PEA,0.600555118,0.459,0.443,0.0,0.0,0.0,1250.9949502544825,1272.57565,1272.57565,120.499307810038,111.0,111.0,1130.4956424444445,1161.57565,1161.57565,7.35,0.049,0.0,0.0,0.16401245333333336,0.284634,0.284634,C92
E2263,C381,381,DE,DE80K,54.1347572999999,12.2897976,5,Fertilisers,18,fertiliser-nitric-acid,758.9999999999999,117,118,117,(BM)HNO3,(BM)HNO3-DEA,(BM)HNO3,0.455609314,0.409,0.0,0.736,0.0,0.736,97.43214512,105.90694141568,97.43214512,30.0,38.47479629568,30.0,67.43214512,67.43214512,67.43214512,0.0,0.0,-0.736,0.0,0.0,-0.736,0.0,C112
E1932,C382,382,DE,DEF0E,53.8992707,9.2284772,5,Fertilisers,18,fertiliser-ammonia,552.0,105,107,107,(NG)NH3-MVR-DEA,(BM)NH3,(BM)NH3,2.07811468,1.742,1.42,0.0,0.0,0.0,482.6432713651555,490.9891,490.9891,120.3508298096,170.0,170.0,362.2924415555555,320.9891,320.9891,30.3,0.202,0.0,0.0,0.46096393166666666,0.1487316,0.1487316,C110
E2426,C384,384,DE,DED52,51.2006945999999,12.3870378999999,6,Chemical,20,chemical-PEA,43.406178,74,77,77,(NG)PEA-MEA,(EL)PEA,(EL)PEA,0.600555118,0.459,0.443,0.0,0.0,0.0,1250.9949502544825,1272.57565,1272.57565,120.499307810038,111.0,111.0,1130.4956424444445,1161.57565,1161.57565,7.35,0.049,0.0,0.0,0.16401245333333336,0.284634,0.284634,C94
E2427,C385,385,DE,DE927,52.5965723999999,9.0332869,6,Chemical,20,chemical-PEA,43.406178,74,77,77,(NG)PEA-MEA,(EL)PEA,(EL)PEA,0.600555118,0.459,0.443,0.0,0.0,0.0,1250.9949502544825,1272.57565,1272.57565,120.499307810038,111.0,111.0,1130.4956424444445,1161.57565,1161.57565,7.35,0.049,0.0,0.0,0.16401245333333336,0.284634,0.284634,C113
E2317,C392,392,DE,DEF05,53.9143233,9.1624476,6,Chemical,19,chemical-olefins,43.56271,83,82,82,(LN)O-MEA,(LN)O,(LN)O,1.348312693,0.967,1.002,0.0,0.0,0.0,730.4031431035622,746.908569,746.908569,106.49401988134,55.0,55.0,623.9091232222222,691.908569,691.908569,16.65,0.111,0.967,0.967,0.5322865194666667,1.3156651228,1.3156651228,C110
E2455,C392,392,DE,DEF05,53.9143233,9.1624476,6,Chemical,20,chemical-PEA,43.406178,74,77,77,(NG)PEA-MEA,(EL)PEA,(EL)PEA,0.600555118,0.459,0.443,0.0,0.0,0.0,1250.9949502544825,1272.57565,1272.57565,120.499307810038,111.0,111.0,1130.4956424444445,1161.57565,1161.57565,7.35,0.049,0.0,0.0,0.16401245333333336,0.284634,0.284634,C110
E2582,C392,392,DE,DEF05,53.9143233,9.1624476,6,Chemical,21,chemical-PE,47.165769,65,68,68,(NG)PE-MEA,(EL)PE,(EL)PE,0.050040025,0.016,0.015,0.0,0.0,0.0,1000.7329960451451,1001.8245000000001,1001.8245000000001,37.033860045145,37.0,37.0,963.6991360000001,964.8245000000001,964.8245000000001,0.3,0.002,0.0,0.0,0.02090579,0.024953999999999997,0.024953999999999997,C110
E1987,C394,394,DE,DEF0D,53.9478441999999,10.1961537,3,Glass,11,glass-container,127.6080725,140,146,145,(NG)-CC,(EL)-CC,(EL),0.44358809,0.338,0.097,0.021,0.0,0.0,251.80920304444447,260.61025659999996,267.09275660000003,68.483,53.919,50.0,183.32620304444447,206.6912566,217.09275660000003,1.6499999999999997,0.011,0.002,0.073,0.08259808833333333,0.1719824,0.2425564,C114
E1984,C398,398,DE,DE927,52.6543899999999,9.2069901,3,Glass,11,glass-container,315.4792854,140,146,145,(NG)-CC,(EL)-CC,(EL),0.44358809,0.338,0.097,0.021,0.0,0.0,251.80920304444447,260.61025659999996,267.09275660000003,68.483,53.919,50.0,183.32620304444447,206.6912566,217.09275660000003,1.6499999999999997,0.011,0.002,0.073,0.08259808833333333,0.1719824,0.2425564,C113
E1859,C400,400,DE,DEA27,50.8330655999999,6.9669816,6,Chemical,19,chemical-olefins,1056.316,83,82,82,(LN)O-MEA,(LN)O,(LN)O,1.348312693,0.967,1.002,0.0,0.0,0.0,730.4031431035622,746.908569,746.908569,106.49401988134,55.0,55.0,623.9091232222222,691.908569,691.908569,16.65,0.111,0.967,0.967,0.5322865194666667,1.3156651228,1.3156651228,C88
E3008,C400,400,DE,DEA27,50.8330655999999,6.9669816,6,Chemical,21,chemical-PE,1143.684,65,68,68,(NG)PE-MEA,(EL)PE,(EL)PE,0.050040025,0.016,0.015,0.0,0.0,0.0,1000.7329960451451,1001.8245000000001,1001.8245000000001,37.033860045145,37.0,37.0,963.6991360000001,964.8245000000001,964.8245000000001,0.3,0.002,0.0,0.0,0.02090579,0.024953999999999997,0.024953999999999997,C88
E2053,C401,401,DE,DEG0H,50.4907198,11.1718405999999,3,Glass,11,glass-container,288.3686631,140,146,145,(NG)-CC,(EL)-CC,(EL),0.44358809,0.338,0.097,0.021,0.0,0.0,251.80920304444447,260.61025659999996,267.09275660000003,68.483,53.919,50.0,183.32620304444447,206.6912566,217.09275660000003,1.6499999999999997,0.011,0.002,0.073,0.08259808833333333,0.1719824,0.2425564,C115
E2548,C402,402,DE,DE131,48.0201617999999,7.844156,6,Chemical,21,chemical-PE,47.165769,65,68,68,(NG)PE-MEA,(EL)PE,(EL)PE,0.050040025,0.016,0.015,0.0,0.0,0.0,1000.7329960451451,1001.8245000000001,1001.8245000000001,37.033860045145,37.0,37.0,963.6991360000001,964.8245000000001,964.8245000000001,0.3,0.002,0.0,0.0,0.02090579,0.024953999999999997,0.024953999999999997,C104
E1937,C404,404,DE,DE712,50.0910506,8.5346812,6,Chemical,19,chemical-olefins,400.0,83,82,82,(LN)O-MEA,(LN)O,(LN)O,1.348312693,0.967,1.002,0.0,0.0,0.0,730.4031431035622,746.908569,746.908569,106.49401988134,55.0,55.0,623.9091232222222,691.908569,691.908569,16.65,0.111,0.967,0.967,0.5322865194666667,1.3156651228,1.3156651228,C105
E2549,C404,404,DE,DE712,50.0910506,8.5346812,6,Chemical,21,chemical-PE,47.165769,65,68,68,(NG)PE-MEA,(EL)PE,(EL)PE,0.050040025,0.016,0.015,0.0,0.0,0.0,1000.7329960451451,1001.8245000000001,1001.8245000000001,37.033860045145,37.0,37.0,963.6991360000001,964.8245000000001,964.8245000000001,0.3,0.002,0.0,0.0,0.02090579,0.024953999999999997,0.024953999999999997,C105
E2550,C405,405,DE,DE922,52.4592183,8.3852098,6,Chemical,21,chemical-PE,47.165769,65,68,68,(NG)PE-MEA,(EL)PE,(EL)PE,0.050040025,0.016,0.015,0.0,0.0,0.0,1000.7329960451451,1001.8245000000001,1001.8245000000001,37.033860045145,37.0,37.0,963.6991360000001,964.8245000000001,964.8245000000001,0.3,0.002,0.0,0.0,0.02090579,0.024953999999999997,0.024953999999999997,C116
E2551,C406,406,DE,DEE0B,51.3253196,12.0129123,6,Chemical,21,chemical-PE,47.165769,65,68,68,(NG)PE-MEA,(EL)PE,(EL)PE,0.050040025,0.016,0.015,0.0,0.0,0.0,1000.7329960451451,1001.8245000000001,1001.8245000000001,37.033860045145,37.0,37.0,963.6991360000001,964.8245000000001,964.8245000000001,0.3,0.002,0.0,0.0,0.02090579,0.024953999999999997,0.024953999999999997,C87
E2318,C407,407,DE,DEA24,51.0459248,7.0192196,6,Chemical,19,chemical-olefins,43.56271,83,82,82,(LN)O-MEA,(LN)O,(LN)O,1.348312693,0.967,1.002,0.0,0.0,0.0,730.4031431035622,746.908569,746.908569,106.49401988134,55.0,55.0,623.9091232222222,691.908569,691.908569,16.65,0.111,0.967,0.967,0.5322865194666667,1.3156651228,1.3156651228,C88
E2456,C407,407,DE,DEA24,51.0459248,7.0192196,6,Chemical,20,chemical-PEA,43.406178,74,77,77,(NG)PEA-MEA,(EL)PEA,(EL)PEA,0.600555118,0.459,0.443,0.0,0.0,0.0,1250.9949502544825,1272.57565,1272.57565,120.499307810038,111.0,111.0,1130.4956424444445,1161.57565,1161.57565,7.35,0.049,0.0,0.0,0.16401245333333336,0.284634,0.284634,C88
E2583,C407,407,DE,DEA24,51.0459248,7.0192196,6,Chemical,21,chemical-PE,47.165769,65,68,68,(NG)PE-MEA,(EL)PE,(EL)PE,0.050040025,0.016,0.015,0.0,0.0,0.0,1000.7329960451451,1001.8245000000001,1001.8245000000001,37.033860045145,37.0,37.0,963.6991360000001,964.8245000000001,964.8245000000001,0.3,0.002,0.0,0.0,0.02090579,0.024953999999999997,0.024953999999999997,C88
E2319,C408,408,DE,DE80M,53.9102846999999,11.4491298,6,Chemical,19,chemical-olefins,43.56271,83,82,82,(LN)O-MEA,(LN)O,(LN)O,1.348312693,0.967,1.002,0.0,0.0,0.0,730.4031431035622,746.908569,746.908569,106.49401988134,55.0,55.0,623.9091232222222,691.908569,691.908569,16.65,0.111,0.967,0.967,0.5322865194666667,1.3156651228,1.3156651228,C117
E2457,C408,408,DE,DE80M,53.9102846999999,11.4491298,6,Chemical,20,chemical-PEA,43.406178,74,77,77,(NG)PEA-MEA,(EL)PEA,(EL)PEA,0.600555118,0.459,0.443,0.0,0.0,0.0,1250.9949502544825,1272.57565,1272.57565,120.499307810038,111.0,111.0,1130.4956424444445,1161.57565,1161.57565,7.35,0.049,0.0,0.0,0.16401245333333336,0.284634,0.284634,C117
E2584,C408,408,DE,DE80M,53.9102846999999,11.4491298,6,Chemical,21,chemical-PE,47.165769,65,68,68,(NG)PE-MEA,(EL)PE,(EL)PE,0.050040025,0.016,0.015,0.0,0.0,0.0,1000.7329960451451,1001.8245000000001,1001.8245000000001,37.033860045145,37.0,37.0,963.6991360000001,964.8245000000001,964.8245000000001,0.3,0.002,0.0,0.0,0.02090579,0.024953999999999997,0.024953999999999997,C117
E2552,C409,409,DE,DEA17,51.5253439,6.7982794,6,Chemical,21,chemical-PE,47.165769,65,68,68,(NG)PE-MEA,(EL)PE,(EL)PE,0.050040025,0.016,0.015,0.0,0.0,0.0,1000.7329960451451,1001.8245000000001,1001.8245000000001,37.033860045145,37.0,37.0,963.6991360000001,964.8245000000001,964.8245000000001,0.3,0.002,0.0,0.0,0.02090579,0.024953999999999997,0.024953999999999997,C92
E2553,C410,410,DE,DE91C,51.5162268999999,10.2364181,6,Chemical,21,chemical-PE,47.165769,65,68,68,(NG)PE-MEA,(EL)PE,(EL)PE,0.050040025,0.016,0.015,0.0,0.0,0.0,1000.7329960451451,1001.8245000000001,1001.8245000000001,37.033860045145,37.0,37.0,963.6991360000001,964.8245000000001,964.8245000000001,0.3,0.002,0.0,0.0,0.02090579,0.024953999999999997,0.024953999999999997,C118
E2554,C411,411,DE,DEE0B,51.3958688,11.9714049,6,Chemical,21,chemical-PE,47.165769,65,68,68,(NG)PE-MEA,(EL)PE,(EL)PE,0.050040025,0.016,0.015,0.0,0.0,0.0,1000.7329960451451,1001.8245000000001,1001.8245000000001,37.033860045145,37.0,37.0,963.6991360000001,964.8245000000001,964.8245000000001,0.3,0.002,0.0,0.0,0.02090579,0.024953999999999997,0.024953999999999997,C87
E2555,C412,412,DE,DEA14,51.3547877999999,6.6428946,6,Chemical,21,chemical-PE,47.165769,65,68,68,(NG)PE-MEA,(EL)PE,(EL)PE,0.050040025,0.016,0.015,0.0,0.0,0.0,1000.7329960451451,1001.8245000000001,1001.8245000000001,37.033860045145,37.0,37.0,963.6991360000001,964.8245000000001,964.8245000000001,0.3,0.002,0.0,0.0,0.02090579,0.024953999999999997,0.024953999999999997,C92
E2428,C413,413,DE,DE214,48.1770331999999,12.8405938,6,Chemical,20,chemical-PEA,43.406178,74,77,77,(NG)PEA-MEA,(EL)PEA,(EL)PEA,0.600555118,0.459,0.443,0.0,0.0,0.0,1250.9949502544825,1272.57565,1272.57565,120.499307810038,111.0,111.0,1130.4956424444445,1161.57565,1161.57565,7.35,0.049,0.0,0.0,0.16401245333333336,0.284634,0.284634,C90
E2429,C414,414,DE,DEA23,51.0216400999999,6.950412,6,Chemical,20,chemical-PEA,43.406178,74,77,77,(NG)PEA-MEA,(EL)PEA,(EL)PEA,0.600555118,0.459,0.443,0.0,0.0,0.0,1250.9949502544825,1272.57565,1272.57565,120.499307810038,111.0,111.0,1130.4956424444445,1161.57565,1161.57565,7.35,0.049,0.0,0.0,0.16401245333333336,0.284634,0.284634,C88
E2430,C415,415,DE,DEE0B,51.3903389,11.974406,6,Chemical,20,chemical-PEA,43.406178,74,77,77,(NG)PEA-MEA,(EL)PEA,(EL)PEA,0.600555118,0.459,0.443,0.0,0.0,0.0,1250.9949502544825,1272.57565,1272.57565,120.499307810038,111.0,111.0,1130.4956424444445,1161.57565,1161.57565,7.35,0.049,0.0,0.0,0.16401245333333336,0.284634,0.284634,C87
E2320,C417,417,DE,DEA11,51.1762693,6.8374015,6,Chemical,19,chemical-olefins,43.56271,83,82,82,(LN)O-MEA,(LN)O,(LN)O,1.348312693,0.967,1.002,0.0,0.0,0.0,730.4031431035622,746.908569,746.908569,106.49401988134,55.0,55.0,623.9091232222222,691.908569,691.908569,16.65,0.111,0.967,0.967,0.5322865194666667,1.3156651228,1.3156651228,C88
E2458,C417,417,DE,DEA11,51.1762693,6.8374015,6,Chemical,20,chemical-PEA,43.406178,74,77,77,(NG)PEA-MEA,(EL)PEA,(EL)PEA,0.600555118,0.459,0.443,0.0,0.0,0.0,1250.9949502544825,1272.57565,1272.57565,120.499307810038,111.0,111.0,1130.4956424444445,1161.57565,1161.57565,7.35,0.049,0.0,0.0,0.16401245333333336,0.284634,0.284634,C88
E2585,C417,417,DE,DEA11,51.1762693,6.8374015,6,Chemical,21,chemical-PE,47.165769,65,68,68,(NG)PE-MEA,(EL)PE,(EL)PE,0.050040025,0.016,0.015,0.0,0.0,0.0,1000.7329960451451,1001.8245000000001,1001.8245000000001,37.033860045145,37.0,37.0,963.6991360000001,964.8245000000001,964.8245000000001,0.3,0.002,0.0,0.0,0.02090579,0.024953999999999997,0.024953999999999997,C88
E36,C418,418,DE,DE945,53.6082518999999,8.08818149999999,4,Refineries,15,refineries-light-liquid-fuel,3801.2,178,177,175,REF-SMR-MEA,REF(H2)-MEA,REF-SMR,0.622573543,0.231,0.208,0.17,0.0,0.0,678.4894344371378,682.5657872661224,704.4289424577778,47.98003797936,46.4356079639,44.0,630.5093964577778,636.1301793022224,660.4289424577778,3.4499999999999997,0.023,0.019,0.231,0.4144009225333334,0.4040080408666667,0.6181601225333334,C102
E2208,C419,419,DE,DED53,51.5095829999999,12.303699,3,Glass,13,glass-fibre,57.78804348,158,152,157,(EL)-CC,(NG)-CC,(EL),0.827356012,0.634,0.066,0.183,0.0,0.0,328.847314,329.405778,350.893514,81.174,109.437,71.0,247.673314,219.968778,279.893514,1.05,0.007,0.02,0.227,0.2712316,0.14762786,0.48989479999999996,C119
E2104,C420,420,DE,DE229,49.0175409,13.2279637,3,Glass,11,glass-container,89.61020565,140,146,145,(NG)-CC,(EL)-CC,(EL),0.44358809,0.338,0.097,0.021,0.0,0.0,251.80920304444447,260.61025659999996,267.09275660000003,68.483,53.919,50.0,183.32620304444447,206.6912566,217.09275660000003,1.6499999999999997,0.011,0.002,0.073,0.08259808833333333,0.1719824,0.2425564,C120
E1998,C421,421,DE,DEA13,51.52459,6.99799,3,Glass,11,glass-container,372.773556,140,146,145,(NG)-CC,(EL)-CC,(EL),0.44358809,0.338,0.097,0.021,0.0,0.0,251.80920304444447,260.61025659999996,267.09275660000003,68.483,53.919,50.0,183.32620304444447,206.6912566,217.09275660000003,1.6499999999999997,0.011,0.002,0.073,0.08259808833333333,0.1719824,0.2425564,C92
E2000,C422,422,DE,DEB1B,50.470005,7.7818655,3,Glass,11,glass-container,228.0005333,140,146,145,(NG)-CC,(EL)-CC,(EL),0.44358809,0.338,0.097,0.021,0.0,0.0,251.80920304444447,260.61025659999996,267.09275660000003,68.483,53.919,50.0,183.32620304444447,206.6912566,217.09275660000003,1.6499999999999997,0.011,0.002,0.073,0.08259808833333333,0.1719824,0.2425564,C121
E1999,C423,423,DE,DE21I,48.7377417,11.2399789,3,Glass,11,glass-container,229.676199,140,146,145,(NG)-CC,(EL)-CC,(EL),0.44358809,0.338,0.097,0.021,0.0,0.0,251.80920304444447,260.61025659999996,267.09275660000003,68.483,53.919,50.0,183.32620304444447,206.6912566,217.09275660000003,1.6499999999999997,0.011,0.002,0.073,0.08259808833333333,0.1719824,0.2425564,C122
E1997,C424,424,DE,DE148,47.9063544999999,9.87531459999999,3,Glass,11,glass-container,324.43339,140,146,145,(NG)-CC,(EL)-CC,(EL),0.44358809,0.338,0.097,0.021,0.0,0.0,251.80920304444447,260.61025659999996,267.09275660000003,68.483,53.919,50.0,183.32620304444447,206.6912566,217.09275660000003,1.6499999999999997,0.011,0.002,0.073,0.08259808833333333,0.1719824,0.2425564,C123
E2172,C426,426,DE,DEE05,51.6525855,12.241531,3,Glass,12,glass-float,215.1601179,164,170,169,(NG)-CC,(EL)-CC,(EL),0.580169919,0.487,0.14,0.052,0.0,0.0,250.42840994222226,260.07431572,277.62331572,83.46000000000001,66.228,58.0,166.96840994222225,193.84631572000004,219.62331572,2.4,0.016,0.006,0.182,0.08442004666666666,0.1873836,0.36231559999999996,C119
E2147,C427,427,DE,DE237,49.624,12.06859,3,Glass,12,glass-float,451.28389,164,170,169,(NG)-CC,(EL)-CC,(EL),0.580169919,0.487,0.14,0.052,0.0,0.0,250.42840994222226,260.07431572,277.62331572,83.46000000000001,66.228,58.0,166.96840994222225,193.84631572000004,219.62331572,2.4,0.016,0.006,0.182,0.08442004666666666,0.1873836,0.36231559999999996,C124
E2098,C428,428,DE,DE219,48.9560176,11.3991113,3,Glass,11,glass-container,114.1694164,140,146,145,(NG)-CC,(EL)-CC,(EL),0.44358809,0.338,0.097,0.021,0.0,0.0,251.80920304444447,260.61025659999996,267.09275660000003,68.483,53.919,50.0,183.32620304444447,206.6912566,217.09275660000003,1.6499999999999997,0.011,0.002,0.073,0.08259808833333333,0.1719824,0.2425564,C61
E2037,C433,433,DE,DE926,51.8079248,9.44386319999999,3,Glass,11,glass-container,147.3752625,140,146,145,(NG)-CC,(EL)-CC,(EL),0.44358809,0.338,0.097,0.021,0.0,0.0,251.80920304444447,260.61025659999996,267.09275660000003,68.483,53.919,50.0,183.32620304444447,206.6912566,217.09275660000003,1.6499999999999997,0.011,0.002,0.073,0.08259808833333333,0.1719824,0.2425564,C83
E2130,C434,434,DE,DE24A,50.4719009,11.2838781,3,Glass,11,glass-container,39.69686365,140,146,145,(NG)-CC,(EL)-CC,(EL),0.44358809,0.338,0.097,0.021,0.0,0.0,251.80920304444447,260.61025659999996,267.09275660000003,68.483,53.919,50.0,183.32620304444447,206.6912566,217.09275660000003,1.6499999999999997,0.011,0.002,0.073,0.08259808833333333,0.1719824,0.2425564,C115
E2146,C435,435,DE,DEA36,51.5704570999999,6.9431724,3,Glass,12,glass-float,463.8821218,164,170,169,(NG)-CC,(EL)-CC,(EL),0.580169919,0.487,0.14,0.052,0.0,0.0,250.42840994222226,260.07431572,277.62331572,83.46000000000001,66.228,58.0,166.96840994222225,193.84631572000004,219.62331572,2.4,0.016,0.006,0.182,0.08442004666666666,0.1873836,0.36231559999999996,C92
E2116,C436,436,DE,DED2D,51.5050621,14.6356572,3,Glass,11,glass-container,61.55967737,140,146,145,(NG)-CC,(EL)-CC,(EL),0.44358809,0.338,0.097,0.021,0.0,0.0,251.80920304444447,260.61025659999996,267.09275660000003,68.483,53.919,50.0,183.32620304444447,206.6912566,217.09275660000003,1.6499999999999997,0.011,0.002,0.073,0.08259808833333333,0.1719824,0.2425564,C125
E2113,C437,437,DE,DEG0I,50.5105385,11.2132954,3,Glass,11,glass-container,69.11308869,140,146,145,(NG)-CC,(EL)-CC,(EL),0.44358809,0.338,0.097,0.021,0.0,0.0,251.80920304444447,260.61025659999996,267.09275660000003,68.483,53.919,50.0,183.32620304444447,206.6912566,217.09275660000003,1.6499999999999997,0.011,0.002,0.073,0.08259808833333333,0.1719824,0.2425564,C115
E2067,C439,439,DE,DE26A,49.9844182,9.5790684,3,Glass,11,glass-container,202.2172783,140,146,145,(NG)-CC,(EL)-CC,(EL),0.44358809,0.338,0.097,0.021,0.0,0.0,251.80920304444447,260.61025659999996,267.09275660000003,68.483,53.919,50.0,183.32620304444447,206.6912566,217.09275660000003,1.6499999999999997,0.011,0.002,0.073,0.08259808833333333,0.1719824,0.2425564,C126
E2083,C440,440,DE,DEA13,51.4391794,7.0880795,3,Glass,11,glass-container,168.2031797,140,146,145,(NG)-CC,(EL)-CC,(EL),0.44358809,0.338,0.097,0.021,0.0,0.0,251.80920304444447,260.61025659999996,267.09275660000003,68.483,53.919,50.0,183.32620304444447,206.6912566,217.09275660000003,1.6499999999999997,0.011,0.002,0.073,0.08259808833333333,0.1719824,0.2425564,C92
E2086,C441,441,DE,DE24A,50.457675,11.2650755,3,Glass,11,glass-container,151.43319,140,146,145,(NG)-CC,(EL)-CC,(EL),0.44358809,0.338,0.097,0.021,0.0,0.0,251.80920304444447,260.61025659999996,267.09275660000003,68.483,53.919,50.0,183.32620304444447,206.6912566,217.09275660000003,1.6499999999999997,0.011,0.002,0.073,0.08259808833333333,0.1719824,0.2425564,C115
E2189,C443,443,DE,DEA2B,50.99132,7.1167499,3,Glass,13,glass-fibre,109.2415459,158,152,157,(EL)-CC,(NG)-CC,(EL),0.827356012,0.634,0.066,0.183,0.0,0.0,328.847314,329.405778,350.893514,81.174,109.437,71.0,247.673314,219.968778,279.893514,1.05,0.007,0.02,0.227,0.2712316,0.14762786,0.48989479999999996,C88
E2191,C444,444,DE,DEB38,49.2903118999999,8.4687224,3,Glass,13,glass-fibre,125.4378019,158,152,157,(EL)-CC,(NG)-CC,(EL),0.827356012,0.634,0.066,0.183,0.0,0.0,328.847314,329.405778,350.893514,81.174,109.437,71.0,247.673314,219.968778,279.893514,1.05,0.007,0.02,0.227,0.2712316,0.14762786,0.48989479999999996,C69
E2190,C445,445,DE,DE80O,53.4761981999999,12.0260911,3,Glass,13,glass-fibre,54.29770531,158,152,157,(EL)-CC,(NG)-CC,(EL),0.827356012,0.634,0.066,0.183,0.0,0.0,328.847314,329.405778,350.893514,81.174,109.437,71.0,247.673314,219.968778,279.893514,1.05,0.007,0.02,0.227,0.2712316,0.14762786,0.48989479999999996,C127
E2127,C446,446,DE,DED2F,51.00423,13.65393,3,Glass,11,glass-container,39.54521215,140,146,145,(NG)-CC,(EL)-CC,(EL),0.44358809,0.338,0.097,0.021,0.0,0.0,251.80920304444447,260.61025659999996,267.09275660000003,68.483,53.919,50.0,183.32620304444447,206.6912566,217.09275660000003,1.6499999999999997,0.011,0.002,0.073,0.08259808833333333,0.1719824,0.2425564,C128
E688,C449,449,DE,DEC01,49.2647385,6.8317828,1,Steel,1,steel-primary,2988.427657,204,203,203,(NG)DRI-EAF-MEA,(NG)DRI-EAF,(NG)DRI-EAF,2.36399401,2.002,0.586,0.0,0.0,0.0,435.4523586444444,502.38245864444445,502.38245864444445,46.0,32.0,32.0,389.4523586444444,470.38245864444445,470.38245864444445,9.75,0.065,0.651,0.651,0.20736103233333333,0.7814126323333334,0.7814126323333334,C129
E2036,C450,450,DE,DED2C,51.3710543999999,14.0701301999999,3,Glass,11,glass-container,45.53461321,140,146,145,(NG)-CC,(EL)-CC,(EL),0.44358809,0.338,0.097,0.021,0.0,0.0,251.80920304444447,260.61025659999996,267.09275660000003,68.483,53.919,50.0,183.32620304444447,206.6912566,217.09275660000003,1.6499999999999997,0.011,0.002,0.073,0.08259808833333333,0.1719824,0.2425564,C130
E2038,C451,451,DE,DE928,52.1970899,9.06871529999999,3,Glass,11,glass-container,157.8092191,140,146,145,(NG)-CC,(EL)-CC,(EL),0.44358809,0.338,0.097,0.021,0.0,0.0,251.80920304444447,260.61025659999996,267.09275660000003,68.483,53.919,50.0,183.32620304444447,206.6912566,217.09275660000003,1.6499999999999997,0.011,0.002,0.073,0.08259808833333333,0.1719824,0.2425564,C131
E2173,C452,452,DE,DEE07,52.2749571,11.4415218,3,Glass,12,glass-float,241.1856582,164,170,169,(NG)-CC,(EL)-CC,(EL),0.580169919,0.487,0.14,0.052,0.0,0.0,250.42840994222226,260.07431572,277.62331572,83.46000000000001,66.228,58.0,166.96840994222225,193.84631572000004,219.62331572,2.4,0.016,0.006,0.182,0.08442004666666666,0.1873836,0.36231559999999996,C132
E1986,C454,454,DE,DEB3E,49.2317274999999,8.3727625,3,Glass,11,glass-container,324.7508582,140,146,145,(NG)-CC,(EL)-CC,(EL),0.44358809,0.338,0.097,0.021,0.0,0.0,251.80920304444447,260.61025659999996,267.09275660000003,68.483,53.919,50.0,183.32620304444447,206.6912566,217.09275660000003,1.6499999999999997,0.011,0.002,0.073,0.08259808833333333,0.1719824,0.2425564,C69
E1985,C455,455,DE,DE928,52.2604866,9.1386303,3,Glass,11,glass-container,206.4618538,140,146,145,(NG)-CC,(EL)-CC,(EL),0.44358809,0.338,0.097,0.021,0.0,0.0,251.80920304444447,260.61025659999996,267.09275660000003,68.483,53.919,50.0,183.32620304444447,206.6912566,217.09275660000003,1.6499999999999997,0.011,0.002,0.073,0.08259808833333333,0.1719824,0.2425564,C131
E2100,C457,457,DE,DEB34,49.4478913,8.4113909,3,Glass,11,glass-container,98.32933373,140,146,145,(NG)-CC,(EL)-CC,(EL),0.44358809,0.338,0.097,0.021,0.0,0.0,251.80920304444447,260.61025659999996,267.09275660000003,68.483,53.919,50.0,183.32620304444447,206.6912566,217.09275660000003,1.6499999999999997,0.011,0.002,0.073,0.08259808833333333,0.1719824,0.2425564,C69
E2096,C458,458,DE,DEA22,50.7159482,7.0348642,3,Glass,11,glass-container,111.9779689,140,146,145,(NG)-CC,(EL)-CC,(EL),0.44358809,0.338,0.097,0.021,0.0,0.0,251.80920304444447,260.61025659999996,267.09275660000003,68.483,53.919,50.0,183.32620304444447,206.6912566,217.09275660000003,1.6499999999999997,0.011,0.002,0.073,0.08259808833333333,0.1719824,0.2425564,C88
E2110,C459,459,DE,DEA57,51.4832699999999,8.81733,3,Glass,11,glass-container,70.49378395,140,146,145,(NG)-CC,(EL)-CC,(EL),0.44358809,0.338,0.097,0.021,0.0,0.0,251.80920304444447,260.61025659999996,267.09275660000003,68.483,53.919,50.0,183.32620304444447,206.6912566,217.09275660000003,1.6499999999999997,0.011,0.002,0.073,0.08259808833333333,0.1719824,0.2425564,C133
E2017,C460,460,DE,DE24A,50.4419382,11.38208,3,Glass,11,glass-container,285.4689531,140,146,145,(NG)-CC,(EL)-CC,(EL),0.44358809,0.338,0.097,0.021,0.0,0.0,251.80920304444447,260.61025659999996,267.09275660000003,68.483,53.919,50.0,183.32620304444447,206.6912566,217.09275660000003,1.6499999999999997,0.011,0.002,0.073,0.08259808833333333,0.1719824,0.2425564,C115
E2015,C461,461,DE,DEG0F,50.5880546,10.998682,3,Glass,11,glass-container,156.0860581,140,146,145,(NG)-CC,(EL)-CC,(EL),0.44358809,0.338,0.097,0.021,0.0,0.0,251.80920304444447,260.61025659999996,267.09275660000003,68.483,53.919,50.0,183.32620304444447,206.6912566,217.09275660000003,1.6499999999999997,0.011,0.002,0.073,0.08259808833333333,0.1719824,0.2425564,C115
E2210,C462,462,DE,DEG0H,50.4863214,11.1562740999999,3,Glass,13,glass-fibre,45.4178744,158,152,157,(EL)-CC,(NG)-CC,(EL),0.827356012,0.634,0.066,0.183,0.0,0.0,328.847314,329.405778,350.893514,81.174,109.437,71.0,247.673314,219.968778,279.893514,1.05,0.007,0.02,0.227,0.2712316,0.14762786,0.48989479999999996,C115
E2016,C463,463,DE,DEG0E,50.5232846999999,10.757872,3,Glass,11,glass-container,157.5934073,140,146,145,(NG)-CC,(EL)-CC,(EL),0.44358809,0.338,0.097,0.021,0.0,0.0,251.80920304444447,260.61025659999996,267.09275660000003,68.483,53.919,50.0,183.32620304444447,206.6912566,217.09275660000003,1.6499999999999997,0.011,0.002,0.073,0.08259808833333333,0.1719824,0.2425564,C134
E2219,C465,465,DE,DEG0H,50.50461,11.14029,3,Glass,13,glass-fibre,10.18538647,158,152,157,(EL)-CC,(NG)-CC,(EL),0.827356012,0.634,0.066,0.183,0.0,0.0,328.847314,329.405778,350.893514,81.174,109.437,71.0,247.673314,219.968778,279.893514,1.05,0.007,0.02,0.227,0.2712316,0.14762786,0.48989479999999996,C115
E37,C467,467,DE,DE600,53.4770249999999,9.9517448,4,Refineries,15,refineries-light-liquid-fuel,1140.36,178,177,175,REF-SMR-MEA,REF(H2)-MEA,REF-SMR,0.622573543,0.231,0.208,0.17,0.0,0.0,678.4894344371378,682.5657872661224,704.4289424577778,47.98003797936,46.4356079639,44.0,630.5093964577778,636.1301793022224,660.4289424577778,3.4499999999999997,0.023,0.019,0.231,0.4144009225333334,0.4040080408666667,0.6181601225333334,C77
E38,C468,468,DE,DEA32,51.5969316999999,7.0283973,4,Refineries,15,refineries-light-liquid-fuel,3684.24,178,177,175,REF-SMR-MEA,REF(H2)-MEA,REF-SMR,0.622573543,0.231,0.208,0.17,0.0,0.0,678.4894344371378,682.5657872661224,704.4289424577778,47.98003797936,46.4356079639,44.0,630.5093964577778,636.1301793022224,660.4289424577778,3.4499999999999997,0.023,0.019,0.231,0.4144009225333334,0.4040080408666667,0.6181601225333334,C92
E39,C468,468,DE,DEA32,51.5969316999999,7.0283973,6,Chemical,19,chemical-olefins,1073.0,83,82,82,(LN)O-MEA,(LN)O,(LN)O,1.348312693,0.967,1.002,0.0,0.0,0.0,730.4031431035622,746.908569,746.908569,106.49401988134,55.0,55.0,623.9091232222222,691.908569,691.908569,16.65,0.111,0.967,0.967,0.5322865194666667,1.3156651228,1.3156651228,C92
E40,C468,468,DE,DEA32,51.5969316999999,7.0283973,6,Chemical,19,chemical-olefins,552.7575758,83,82,82,(LN)O-MEA,(LN)O,(LN)O,1.348312693,0.967,1.002,0.0,0.0,0.0,730.4031431035622,746.908569,746.908569,106.49401988134,55.0,55.0,623.9091232222222,691.908569,691.908569,16.65,0.111,0.967,0.967,0.5322865194666667,1.3156651228,1.3156651228,C92
E41,C468,468,DE,DEA32,51.5969316999999,7.0283973,6,Chemical,19,chemical-olefins,1625.757576,83,82,82,(LN)O-MEA,(LN)O,(LN)O,1.348312693,0.967,1.002,0.0,0.0,0.0,730.4031431035622,746.908569,746.908569,106.49401988134,55.0,55.0,623.9091232222222,691.908569,691.908569,16.65,0.111,0.967,0.967,0.5322865194666667,1.3156651228,1.3156651228,C92
E43,C469,469,DE,DEA27,50.8139237999999,7.0054919,4,Refineries,15,refineries-light-liquid-fuel,2046.8,178,177,175,REF-SMR-MEA,REF(H2)-MEA,REF-SMR,0.622573543,0.231,0.208,0.17,0.0,0.0,678.4894344371378,682.5657872661224,704.4289424577778,47.98003797936,46.4356079639,44.0,630.5093964577778,636.1301793022224,660.4289424577778,3.4499999999999997,0.023,0.019,0.231,0.4144009225333334,0.4040080408666667,0.6181601225333334,C88
E44,C469,469,DE,DEA27,50.8139237999999,7.0054919,6,Chemical,19,chemical-olefins,310.0,83,82,82,(LN)O-MEA,(LN)O,(LN)O,1.348312693,0.967,1.002,0.0,0.0,0.0,730.4031431035622,746.908569,746.908569,106.49401988134,55.0,55.0,623.9091232222222,691.908569,691.908569,16.65,0.111,0.967,0.967,0.5322865194666667,1.3156651228,1.3156651228,C88
E45,C469,469,DE,DEA27,50.8139237999999,7.0054919,6,Chemical,19,chemical-olefins,159.6969697,83,82,82,(LN)O-MEA,(LN)O,(LN)O,1.348312693,0.967,1.002,0.0,0.0,0.0,730.4031431035622,746.908569,746.908569,106.49401988134,55.0,55.0,623.9091232222222,691.908569,691.908569,16.65,0.111,0.967,0.967,0.5322865194666667,1.3156651228,1.3156651228,C88
E46,C469,469,DE,DEA27,50.8139237999999,7.0054919,6,Chemical,19,chemical-olefins,469.6969697,83,82,82,(LN)O-MEA,(LN)O,(LN)O,1.348312693,0.967,1.002,0.0,0.0,0.0,730.4031431035622,746.908569,746.908569,106.49401988134,55.0,55.0,623.9091232222222,691.908569,691.908569,16.65,0.111,0.967,0.967,0.5322865194666667,1.3156651228,1.3156651228,C88
E48,C470,470,DE,DEA23,50.8551818999999,6.976746,4,Refineries,15,refineries-light-liquid-fuel,2704.7,178,177,175,REF-SMR-MEA,REF(H2)-MEA,REF-SMR,0.622573543,0.231,0.208,0.17,0.0,0.0,678.4894344371378,682.5657872661224,704.4289424577778,47.98003797936,46.4356079639,44.0,630.5093964577778,636.1301793022224,660.4289424577778,3.4499999999999997,0.023,0.019,0.231,0.4144009225333334,0.4040080408666667,0.6181601225333334,C88
E42,C471,471,DE,DE600,53.5151071,9.9517314,4,Refineries,15,refineries-light-liquid-fuel,233.92,178,177,175,REF-SMR-MEA,REF(H2)-MEA,REF-SMR,0.622573543,0.231,0.208,0.17,0.0,0.0,678.4894344371378,682.5657872661224,704.4289424577778,47.98003797936,46.4356079639,44.0,630.5093964577778,636.1301793022224,660.4289424577778,3.4499999999999997,0.023,0.019,0.231,0.4144009225333334,0.4040080408666667,0.6181601225333334,C77
E1883,C475,475,DE,DED52,51.2006945999999,12.3870378999999,6,Chemical,21,chemical-PE,3365.0,65,68,68,(NG)PE-MEA,(EL)PE,(EL)PE,0.050040025,0.016,0.015,0.0,0.0,0.0,1000.7329960451451,1001.8245000000001,1001.8245000000001,37.033860045145,37.0,37.0,963.6991360000001,964.8245000000001,964.8245000000001,0.3,0.002,0.0,0.0,0.02090579,0.024953999999999997,0.024953999999999997,C94
E689,C485,485,DE,DEC04,49.2741667,6.794651,1,Steel,2,steel-secondary,301.0189573,214,218,214,Scraps EAF,EU-mix-2050,Scraps EAF,0.143477203,0.04,0.0,0.0,0.0,0.0,531.9477585,531.9477585,531.9477585,18.0,18.0,18.0,513.9477585,513.9477585,513.9477585,6.0,0.04,0.04,0.04,0.0973878205,0.0973878205,0.0973878205,C129
E692,C487,487,DE,DE91A,52.3157988999999,10.2415302,1,Steel,2,steel-secondary,860.0541638,214,218,214,Scraps EAF,EU-mix-2050,Scraps EAF,0.143477203,0.04,0.0,0.0,0.0,0.0,531.9477585,531.9477585,531.9477585,18.0,18.0,18.0,513.9477585,513.9477585,513.9477585,6.0,0.04,0.04,0.04,0.0973878205,0.0973878205,0.0973878205,C135
E693,C488,488,DE,DE276,48.5131961,10.8523916,1,Steel,2,steel-secondary,1014.863913,214,218,214,Scraps EAF,EU-mix-2050,Scraps EAF,0.143477203,0.04,0.0,0.0,0.0,0.0,531.9477585,531.9477585,531.9477585,18.0,18.0,18.0,513.9477585,513.9477585,513.9477585,6.0,0.04,0.04,0.04,0.0973878205,0.0973878205,0.0973878205,C136
E2185,C490,490,DE,DE40G,51.5749089999999,14.6079539999999,3,Glass,12,glass-float,74.49361493,164,170,169,(NG)-CC,(EL)-CC,(EL),0.580169919,0.487,0.14,0.052,0.0,0.0,250.42840994222226,260.07431572,277.62331572,83.46000000000001,66.228,58.0,166.96840994222225,193.84631572000004,219.62331572,2.4,0.016,0.006,0.182,0.08442004666666666,0.1873836,0.36231559999999996,C125
E2206,C493,493,DE,DEE0C,51.7999725,11.7493696,3,Glass,13,glass-fibre,73.22463768,158,152,157,(EL)-CC,(NG)-CC,(EL),0.827356012,0.634,0.066,0.183,0.0,0.0,328.847314,329.405778,350.893514,81.174,109.437,71.0,247.673314,219.968778,279.893514,1.05,0.007,0.02,0.227,0.2712316,0.14762786,0.48989479999999996,C63
E2090,C494,494,DE,DEE04,52.5330695999999,11.4369821,3,Glass,11,glass-container,128.1521848,140,146,145,(NG)-CC,(EL)-CC,(EL),0.44358809,0.338,0.097,0.021,0.0,0.0,251.80920304444447,260.61025659999996,267.09275660000003,68.483,53.919,50.0,183.32620304444447,206.6912566,217.09275660000003,1.6499999999999997,0.011,0.002,0.073,0.08259808833333333,0.1719824,0.2425564,C137
E2175,C495,495,DE,DEE07,52.0640876,11.5598918,3,Glass,12,glass-float,242.324165,164,170,169,(NG)-CC,(EL)-CC,(EL),0.580169919,0.487,0.14,0.052,0.0,0.0,250.42840994222226,260.07431572,277.62331572,83.46000000000001,66.228,58.0,166.96840994222225,193.84631572000004,219.62331572,2.4,0.016,0.006,0.182,0.08442004666666666,0.1873836,0.36231559999999996,C78
E702,C501,501,DE,DE722,50.572879,8.4856274,1,Steel,2,steel-secondary,344.0216655,214,218,214,Scraps EAF,EU-mix-2050,Scraps EAF,0.143477203,0.04,0.0,0.0,0.0,0.0,531.9477585,531.9477585,531.9477585,18.0,18.0,18.0,513.9477585,513.9477585,513.9477585,6.0,0.04,0.04,0.04,0.0973878205,0.0973878205,0.0973878205,C138
E49,C504,504,DE,DE214,48.19586,12.83494,4,Refineries,15,refineries-light-liquid-fuel,1081.8799999999999,178,177,175,REF-SMR-MEA,REF(H2)-MEA,REF-SMR,0.622573543,0.231,0.208,0.17,0.0,0.0,678.4894344371378,682.5657872661224,704.4289424577778,47.98003797936,46.4356079639,44.0,630.5093964577778,636.1301793022224,660.4289424577778,3.4499999999999997,0.023,0.019,0.231,0.4144009225333334,0.4040080408666667,0.6181601225333334,C90
E50,C504,504,DE,DE214,48.19586,12.83494,6,Chemical,19,chemical-olefins,450.0,83,82,82,(LN)O-MEA,(LN)O,(LN)O,1.348312693,0.967,1.002,0.0,0.0,0.0,730.4031431035622,746.908569,746.908569,106.49401988134,55.0,55.0,623.9091232222222,691.908569,691.908569,16.65,0.111,0.967,0.967,0.5322865194666667,1.3156651228,1.3156651228,C90
E51,C504,504,DE,DE214,48.19586,12.83494,6,Chemical,19,chemical-olefins,231.8181818,83,82,82,(LN)O-MEA,(LN)O,(LN)O,1.348312693,0.967,1.002,0.0,0.0,0.0,730.4031431035622,746.908569,746.908569,106.49401988134,55.0,55.0,623.9091232222222,691.908569,691.908569,16.65,0.111,0.967,0.967,0.5322865194666667,1.3156651228,1.3156651228,C90
E52,C504,504,DE,DE214,48.19586,12.83494,6,Chemical,19,chemical-olefins,681.8181818,83,82,82,(LN)O-MEA,(LN)O,(LN)O,1.348312693,0.967,1.002,0.0,0.0,0.0,730.4031431035622,746.908569,746.908569,106.49401988134,55.0,55.0,623.9091232222222,691.908569,691.908569,16.65,0.111,0.967,0.967,0.5322865194666667,1.3156651228,1.3156651228,C90
E707,C505,505,DE,DEC04,49.3556025,6.7324842,1,Steel,1,steel-primary,2664.839949,204,203,203,(NG)DRI-EAF-MEA,(NG)DRI-EAF,(NG)DRI-EAF,2.36399401,2.002,0.586,0.0,0.0,0.0,435.4523586444444,502.38245864444445,502.38245864444445,46.0,32.0,32.0,389.4523586444444,470.38245864444445,470.38245864444445,9.75,0.065,0.651,0.651,0.20736103233333333,0.7814126323333334,0.7814126323333334,C129
E708,C506,506,DE,DEA12,51.3703495,6.7266738,1,Steel,1,steel-primary,1427.59283,204,203,203,(NG)DRI-EAF-MEA,(NG)DRI-EAF,(NG)DRI-EAF,2.36399401,2.002,0.586,0.0,0.0,0.0,435.4523586444444,502.38245864444445,502.38245864444445,46.0,32.0,32.0,389.4523586444444,470.38245864444445,470.38245864444445,9.75,0.065,0.651,0.651,0.20736103233333333,0.7814126323333334,0.7814126323333334,C92
E713,C507,507,DE,DE949,52.46864,7.31542,1,Steel,2,steel-secondary,533.2335816,214,218,214,Scraps EAF,EU-mix-2050,Scraps EAF,0.143477203,0.04,0.0,0.0,0.0,0.0,531.9477585,531.9477585,531.9477585,18.0,18.0,18.0,513.9477585,513.9477585,513.9477585,6.0,0.04,0.04,0.04,0.0973878205,0.0973878205,0.0973878205,C76
E714,C508,508,DE,DEC01,49.2525057,6.8510396,1,Steel,2,steel-secondary,258.0162492,214,218,214,Scraps EAF,EU-mix-2050,Scraps EAF,0.143477203,0.04,0.0,0.0,0.0,0.0,531.9477585,531.9477585,531.9477585,18.0,18.0,18.0,513.9477585,513.9477585,513.9477585,6.0,0.04,0.04,0.04,0.0973878205,0.0973878205,0.0973878205,C129
E53,C509,509,DE,DEF05,53.889975,9.172672,4,Refineries,15,refineries-light-liquid-fuel,233.92,178,177,175,REF-SMR-MEA,REF(H2)-MEA,REF-SMR,0.622573543,0.231,0.208,0.17,0.0,0.0,678.4894344371378,682.5657872661224,704.4289424577778,47.98003797936,46.4356079639,44.0,630.5093964577778,636.1301793022224,660.4289424577778,3.4499999999999997,0.023,0.019,0.231,0.4144009225333334,0.4040080408666667,0.6181601225333334,C110
E719,C511,511,DE,DEA12,51.4977378,6.7311854,1,Steel,1,steel-primary,11420.74264,204,203,203,(NG)DRI-EAF-MEA,(NG)DRI-EAF,(NG)DRI-EAF,2.36399401,2.002,0.586,0.0,0.0,0.0,435.4523586444444,502.38245864444445,502.38245864444445,46.0,32.0,32.0,389.4523586444444,470.38245864444445,470.38245864444445,9.75,0.065,0.651,0.651,0.20736103233333333,0.7814126323333334,0.7814126323333334,C92
E54,C512,512,DE,DE226,48.7841924,11.7622924999999,4,Refineries,15,refineries-light-liquid-fuel,1345.04,178,177,175,REF-SMR-MEA,REF(H2)-MEA,REF-SMR,0.622573543,0.231,0.208,0.17,0.0,0.0,678.4894344371378,682.5657872661224,704.4289424577778,47.98003797936,46.4356079639,44.0,630.5093964577778,636.1301793022224,660.4289424577778,3.4499999999999997,0.023,0.019,0.231,0.4144009225333334,0.4040080408666667,0.6181601225333334,C100
E1517,C514,514,DE,DEF0E,53.87724,9.58006,2,Cement,8,cement,1702.059573,34,63,36,CEM2-(Afm)Oxy-MEA,EU-mix-2050,CEM2-(BMW),0.536074117,0.49818,0.485,0.501418443,0.0,0.0,69.07946884110001,69.18344591111111,104.71368770000001,18.088320381099997,12.345486,3.0,50.991148460000005,56.83795991111111,101.71368770000001,13.799999999999999,0.092,0.033971836,0.342,0.11191325199999999,0.05687816046263333,0.3516348,C139
E1518,C515,515,DE,DE929,52.3518914,9.889402,2,Cement,8,cement,978.1639498,34,63,36,CEM2-(Afm)Oxy-MEA,EU-mix-2050,CEM2-(BMW),0.536074117,0.49818,0.485,0.501418443,0.0,0.0,69.07946884110001,69.18344591111111,104.71368770000001,18.088320381099997,12.345486,3.0,50.991148460000005,56.83795991111111,101.71368770000001,13.799999999999999,0.092,0.033971836,0.342,0.11191325199999999,0.05687816046263333,0.3516348,C71
E1519,C516,516,DE,DE25C,48.8844448999999,10.9979228,2,Cement,8,cement,483.5679491,34,63,36,CEM2-(Afm)Oxy-MEA,EU-mix-2050,CEM2-(BMW),0.536074117,0.49818,0.485,0.501418443,0.0,0.0,69.07946884110001,69.18344591111111,104.71368770000001,18.088320381099997,12.345486,3.0,50.991148460000005,56.83795991111111,101.71368770000001,13.799999999999999,0.092,0.033971836,0.342,0.11191325199999999,0.05687816046263333,0.3516348,C140
E1520,C517,517,DE,DEB24,50.3353122999999,6.7669035,2,Cement,8,cement,269.0936059,34,63,36,CEM2-(Afm)Oxy-MEA,EU-mix-2050,CEM2-(BMW),0.536074117,0.49818,0.485,0.501418443,0.0,0.0,69.07946884110001,69.18344591111111,104.71368770000001,18.088320381099997,12.345486,3.0,50.991148460000005,56.83795991111111,101.71368770000001,13.799999999999999,0.092,0.033971836,0.342,0.11191325199999999,0.05687816046263333,0.3516348,C141
E1521,C518,518,DE,DEA38,51.76442,8.05561,2,Cement,8,cement,859.5778869,34,63,36,CEM2-(Afm)Oxy-MEA,EU-mix-2050,CEM2-(BMW),0.536074117,0.49818,0.485,0.501418443,0.0,0.0,69.07946884110001,69.18344591111111,104.71368770000001,18.088320381099997,12.345486,3.0,50.991148460000005,56.83795991111111,101.71368770000001,13.799999999999999,0.092,0.033971836,0.342,0.11191325199999999,0.05687816046263333,0.3516348,C142
E1522,C519,519,DE,DE145,48.3319003,9.73090419999999,2,Cement,8,cement,995.1560308,34,63,36,CEM2-(Afm)Oxy-MEA,EU-mix-2050,CEM2-(BMW),0.536074117,0.49818,0.485,0.501418443,0.0,0.0,69.07946884110001,69.18344591111111,104.71368770000001,18.088320381099997,12.345486,3.0,50.991148460000005,56.83795991111111,101.71368770000001,13.799999999999999,0.092,0.033971836,0.342,0.11191325199999999,0.05687816046263333,0.3516348,C143
E1523,C520,520,DE,DE409,52.4898865999999,13.8371584,2,Cement,8,cement,1894.091701,34,63,36,CEM2-(Afm)Oxy-MEA,EU-mix-2050,CEM2-(BMW),0.536074117,0.49818,0.485,0.501418443,0.0,0.0,69.07946884110001,69.18344591111111,104.71368770000001,18.088320381099997,12.345486,3.0,50.991148460000005,56.83795991111111,101.71368770000001,13.799999999999999,0.092,0.033971836,0.342,0.11191325199999999,0.05687816046263333,0.3516348,C106
E1524,C521,521,DE,DE11C,48.6555023,10.1624821999999,2,Cement,8,cement,842.8535996,34,63,36,CEM2-(Afm)Oxy-MEA,EU-mix-2050,CEM2-(BMW),0.536074117,0.49818,0.485,0.501418443,0.0,0.0,69.07946884110001,69.18344591111111,104.71368770000001,18.088320381099997,12.345486,3.0,50.991148460000005,56.83795991111111,101.71368770000001,13.799999999999999,0.092,0.033971836,0.342,0.11191325199999999,0.05687816046263333,0.3516348,C144
E1525,C522,522,DE,DEE08,51.2753962999999,11.6566698,2,Cement,8,cement,1423.027627,34,63,36,CEM2-(Afm)Oxy-MEA,EU-mix-2050,CEM2-(BMW),0.536074117,0.49818,0.485,0.501418443,0.0,0.0,69.07946884110001,69.18344591111111,104.71368770000001,18.088320381099997,12.345486,3.0,50.991148460000005,56.83795991111111,101.71368770000001,13.799999999999999,0.092,0.033971836,0.342,0.11191325199999999,0.05687816046263333,0.3516348,C145
E1526,C523,523,DE,DE26A,49.957583,9.766861,2,Cement,8,cement,938.0031797,34,63,36,CEM2-(Afm)Oxy-MEA,EU-mix-2050,CEM2-(BMW),0.536074117,0.49818,0.485,0.501418443,0.0,0.0,69.07946884110001,69.18344591111111,104.71368770000001,18.088320381099997,12.345486,3.0,50.991148460000005,56.83795991111111,101.71368770000001,13.799999999999999,0.092,0.033971836,0.342,0.11191325199999999,0.05687816046263333,0.3516348,C126
E1527,C524,524,DE,DE123,49.0149902,8.616721,2,Cement,8,cement,737.1275495,34,63,36,CEM2-(Afm)Oxy-MEA,EU-mix-2050,CEM2-(BMW),0.536074117,0.49818,0.485,0.501418443,0.0,0.0,69.07946884110001,69.18344591111111,104.71368770000001,18.088320381099997,12.345486,3.0,50.991148460000005,56.83795991111111,101.71368770000001,13.799999999999999,0.092,0.033971836,0.342,0.11191325199999999,0.05687816046263333,0.3516348,C146
E1528,C525,525,DE,DEA5B,51.5964607,8.33679749999999,2,Cement,8,cement,858.3339675,34,63,36,CEM2-(Afm)Oxy-MEA,EU-mix-2050,CEM2-(BMW),0.536074117,0.49818,0.485,0.501418443,0.0,0.0,69.07946884110001,69.18344591111111,104.71368770000001,18.088320381099997,12.345486,3.0,50.991148460000005,56.83795991111111,101.71368770000001,13.799999999999999,0.092,0.033971836,0.342,0.11191325199999999,0.05687816046263333,0.3516348,C67
E1529,C526,526,DE,DEA38,51.8562441999999,8.0287791,2,Cement,8,cement,755.8447108,34,63,36,CEM2-(Afm)Oxy-MEA,EU-mix-2050,CEM2-(BMW),0.536074117,0.49818,0.485,0.501418443,0.0,0.0,69.07946884110001,69.18344591111111,104.71368770000001,18.088320381099997,12.345486,3.0,50.991148460000005,56.83795991111111,101.71368770000001,13.799999999999999,0.092,0.033971836,0.342,0.11191325199999999,0.05687816046263333,0.3516348,C142
E1530,C527,527,DE,DEA5B,51.6122099999999,8.51271,2,Cement,8,cement,1037.384215,34,63,36,CEM2-(Afm)Oxy-MEA,EU-mix-2050,CEM2-(BMW),0.536074117,0.49818,0.485,0.501418443,0.0,0.0,69.07946884110001,69.18344591111111,104.71368770000001,18.088320381099997,12.345486,3.0,50.991148460000005,56.83795991111111,101.71368770000001,13.799999999999999,0.092,0.033971836,0.342,0.11191325199999999,0.05687816046263333,0.3516348,C67
E1531,C529,529,DE,DEA47,51.6963705,8.7503867,2,Cement,8,cement,377.8612243,34,63,36,CEM2-(Afm)Oxy-MEA,EU-mix-2050,CEM2-(BMW),0.536074117,0.49818,0.485,0.501418443,0.0,0.0,69.07946884110001,69.18344591111111,104.71368770000001,18.088320381099997,12.345486,3.0,50.991148460000005,56.83795991111111,101.71368770000001,13.799999999999999,0.092,0.033971836,0.342,0.11191325199999999,0.05687816046263333,0.3516348,C147
E1532,C530,530,DE,DE26A,49.8070730999999,9.6127734,2,Cement,8,cement,1035.853177,34,63,36,CEM2-(Afm)Oxy-MEA,EU-mix-2050,CEM2-(BMW),0.536074117,0.49818,0.485,0.501418443,0.0,0.0,69.07946884110001,69.18344591111111,104.71368770000001,18.088320381099997,12.345486,3.0,50.991148460000005,56.83795991111111,101.71368770000001,13.799999999999999,0.092,0.033971836,0.342,0.11191325199999999,0.05687816046263333,0.3516348,C126
E1533,C531,531,DE,DE128,49.3575728,8.6890082,2,Cement,8,cement,774.717658,34,63,36,CEM2-(Afm)Oxy-MEA,EU-mix-2050,CEM2-(BMW),0.536074117,0.49818,0.485,0.501418443,0.0,0.0,69.07946884110001,69.18344591111111,104.71368770000001,18.088320381099997,12.345486,3.0,50.991148460000005,56.83795991111111,101.71368770000001,13.799999999999999,0.092,0.033971836,0.342,0.11191325199999999,0.05687816046263333,0.3516348,C148
E1534,C532,532,DE,DEA38,51.7602203,8.0727508,2,Cement,8,cement,421.8823251,34,63,36,CEM2-(Afm)Oxy-MEA,EU-mix-2050,CEM2-(BMW),0.536074117,0.49818,0.485,0.501418443,0.0,0.0,69.07946884110001,69.18344591111111,104.71368770000001,18.088320381099997,12.345486,3.0,50.991148460000005,56.83795991111111,101.71368770000001,13.799999999999999,0.092,0.033971836,0.342,0.11191325199999999,0.05687816046263333,0.3516348,C142
E1535,C534,534,DE,DEA5B,51.6061592,8.34033619999999,2,Cement,8,cement,594.5394426,34,63,36,CEM2-(Afm)Oxy-MEA,EU-mix-2050,CEM2-(BMW),0.536074117,0.49818,0.485,0.501418443,0.0,0.0,69.07946884110001,69.18344591111111,104.71368770000001,18.088320381099997,12.345486,3.0,50.991148460000005,56.83795991111111,101.71368770000001,13.799999999999999,0.092,0.033971836,0.342,0.11191325199999999,0.05687816046263333,0.3516348,C67
E1536,C535,535,DE,DE145,48.3714908999999,9.7364536,2,Cement,8,cement,1184.700715,34,63,36,CEM2-(Afm)Oxy-MEA,EU-mix-2050,CEM2-(BMW),0.536074117,0.49818,0.485,0.501418443,0.0,0.0,69.07946884110001,69.18344591111111,104.71368770000001,18.088320381099997,12.345486,3.0,50.991148460000005,56.83795991111111,101.71368770000001,13.799999999999999,0.092,0.033971836,0.342,0.11191325199999999,0.05687816046263333,0.3516348,C143
E56,C536,536,DK,DK032,55.5912153,9.7524291,4,Refineries,15,refineries-light-liquid-fuel,994.16,178,177,175,REF-SMR-MEA,REF(H2)-MEA,REF-SMR,0.622573543,0.231,0.208,0.17,0.0,0.0,678.4894344371378,682.5657872661224,704.4289424577778,47.98003797936,46.4356079639,44.0,630.5093964577778,636.1301793022224,660.4289424577778,3.4499999999999997,0.023,0.019,0.231,0.4144009225333334,0.4040080408666667,0.6181601225333334,C149
E57,C537,537,DK,DK022,55.654724,11.1142108,4,Refineries,15,refineries-light-liquid-fuel,1549.72,178,177,175,REF-SMR-MEA,REF(H2)-MEA,REF-SMR,0.622573543,0.231,0.208,0.17,0.0,0.0,678.4894344371378,682.5657872661224,704.4289424577778,47.98003797936,46.4356079639,44.0,630.5093964577778,636.1301793022224,660.4289424577778,3.4499999999999997,0.023,0.019,0.231,0.4144009225333334,0.4040080408666667,0.6181601225333334,C150
E2077,C538,538,DK,DK022,55.286534,11.8167366,3,Glass,11,glass-container,180.5936073,140,146,145,(NG)-CC,(EL)-CC,(EL),0.44358809,0.338,0.097,0.021,0.0,0.0,251.80920304444447,260.61025659999996,267.09275660000003,68.483,53.919,50.0,183.32620304444447,206.6912566,217.09275660000003,1.6499999999999997,0.011,0.002,0.073,0.08259808833333333,0.1719824,0.2425564,C151
E2214,C539,539,DK,DK032,55.4284869999999,9.2992369,3,Glass,13,glass-fibre,27.99033816,158,152,157,(EL)-CC,(NG)-CC,(EL),0.827356012,0.634,0.066,0.183,0.0,0.0,328.847314,329.405778,350.893514,81.174,109.437,71.0,247.673314,219.968778,279.893514,1.05,0.007,0.02,0.227,0.2712316,0.14762786,0.48989479999999996,C152
E1537,C540,540,DK,DK050,57.0623442999999,9.9724938,2,Cement,8,cement,3435.951493,34,63,36,CEM2-(Afm)Oxy-MEA,EU-mix-2050,CEM2-(BMW),0.536074117,0.49818,0.485,0.501418443,0.0,0.0,69.07946884110001,69.18344591111111,104.71368770000001,18.088320381099997,12.345486,3.0,50.991148460000005,56.83795991111111,101.71368770000001,13.799999999999999,0.092,0.033971836,0.342,0.11191325199999999,0.05687816046263333,0.3516348,C153
E1538,C544,544,EE,EE009,59.498865,26.5277378,2,Cement,8,cement,783.2105433,34,63,36,CEM2-(Afm)Oxy-MEA,EU-mix-2050,CEM2-(BMW),0.536074117,0.49818,0.485,0.501418443,0.0,0.0,69.07946884110001,69.18344591111111,104.71368770000001,18.088320381099997,12.345486,3.0,50.991148460000005,56.83795991111111,101.71368770000001,13.799999999999999,0.092,0.033971836,0.342,0.11191325199999999,0.05687816046263333,0.3516348,C154
E2097,C546,546,EE,EE009,58.7785002,24.8154736999999,3,Glass,11,glass-container,108.5874746,140,146,145,(NG)-CC,(EL)-CC,(EL),0.44358809,0.338,0.097,0.021,0.0,0.0,251.80920304444447,260.61025659999996,267.09275660000003,68.483,53.919,50.0,183.32620304444447,206.6912566,217.09275660000003,1.6499999999999997,0.011,0.002,0.073,0.08259808833333333,0.1719824,0.2425564,C155
E2288,C547,547,EE,EE00A,59.4072054,27.2337047,5,Fertilisers,18,fertiliser-ammonia,138.0,105,107,107,(NG)NH3-MVR-DEA,(BM)NH3,(BM)NH3,2.07811468,1.742,1.42,0.0,0.0,0.0,482.6432713651555,490.9891,490.9891,120.3508298096,170.0,170.0,362.2924415555555,320.9891,320.9891,30.3,0.202,0.0,0.0,0.46096393166666666,0.1487316,0.1487316,C156
E1540,C549,549,ES,ES611,36.9671133,-1.9021412,2,Cement,8,cement,1126.532693,34,63,36,CEM2-(Afm)Oxy-MEA,EU-mix-2050,CEM2-(BMW),0.536074117,0.49818,0.485,0.501418443,0.0,0.0,69.07946884110001,69.18344591111111,104.71368770000001,18.088320381099997,12.345486,3.0,50.991148460000005,56.83795991111111,101.71368770000001,13.799999999999999,0.092,0.033971836,0.342,0.11191325199999999,0.05687816046263333,0.3516348,C157
E2556,C550,550,ES,ES620,37.8218877999999,-1.3855161,6,Chemical,21,chemical-PE,47.165769,65,68,68,(NG)PE-MEA,(EL)PE,(EL)PE,0.050040025,0.016,0.015,0.0,0.0,0.0,1000.7329960451451,1001.8245000000001,1001.8245000000001,37.033860045145,37.0,37.0,963.6991360000001,964.8245000000001,964.8245000000001,0.3,0.002,0.0,0.0,0.02090579,0.024953999999999997,0.024953999999999997,C158
E725,C552,552,ES,ES243,41.569405,-0.8553028,1,Steel,2,steel-secondary,274.8247664,214,218,214,Scraps EAF,EU-mix-2050,Scraps EAF,0.143477203,0.04,0.0,0.0,0.0,0.0,531.9477585,531.9477585,531.9477585,18.0,18.0,18.0,513.9477585,513.9477585,513.9477585,6.0,0.04,0.04,0.04,0.0973878205,0.0973878205,0.0973878205,C159
E1541,C553,553,ES,ES611,36.9529106,-2.4919499,2,Cement,8,cement,434.0738396,34,63,36,CEM2-(Afm)Oxy-MEA,EU-mix-2050,CEM2-(BMW),0.536074117,0.49818,0.485,0.501418443,0.0,0.0,69.07946884110001,69.18344591111111,104.71368770000001,18.088320381099997,12.345486,3.0,50.991148460000005,56.83795991111111,101.71368770000001,13.799999999999999,0.092,0.033971836,0.342,0.11191325199999999,0.05687816046263333,0.3516348,C160
E1542,C554,554,ES,ES613,37.9018008999999,-4.7622871,2,Cement,8,cement,425.4338452,34,63,36,CEM2-(Afm)Oxy-MEA,EU-mix-2050,CEM2-(BMW),0.536074117,0.49818,0.485,0.501418443,0.0,0.0,69.07946884110001,69.18344591111111,104.71368770000001,18.088320381099997,12.345486,3.0,50.991148460000005,56.83795991111111,101.71368770000001,13.799999999999999,0.092,0.033971836,0.342,0.11191325199999999,0.05687816046263333,0.3516348,C161
E1543,C555,555,ES,ES615,37.3621418,-6.6721327,2,Cement,8,cement,596.8805667,34,63,36,CEM2-(Afm)Oxy-MEA,EU-mix-2050,CEM2-(BMW),0.536074117,0.49818,0.485,0.501418443,0.0,0.0,69.07946884110001,69.18344591111111,104.71368770000001,18.088320381099997,12.345486,3.0,50.991148460000005,56.83795991111111,101.71368770000001,13.799999999999999,0.092,0.033971836,0.342,0.11191325199999999,0.05687816046263333,0.3516348,C162
E1544,C556,556,ES,ES617,36.7228944,-4.3695612,2,Cement,8,cement,1203.286937,34,63,36,CEM2-(Afm)Oxy-MEA,EU-mix-2050,CEM2-(BMW),0.536074117,0.49818,0.485,0.501418443,0.0,0.0,69.07946884110001,69.18344591111111,104.71368770000001,18.088320381099997,12.345486,3.0,50.991148460000005,56.83795991111111,101.71368770000001,13.799999999999999,0.092,0.033971836,0.342,0.11191325199999999,0.05687816046263333,0.3516348,C163
E2029,C558,558,ES,ES618,37.3574374,-5.8675817,3,Glass,11,glass-container,192.2607739,140,146,145,(NG)-CC,(EL)-CC,(EL),0.44358809,0.338,0.097,0.021,0.0,0.0,251.80920304444447,260.61025659999996,267.09275660000003,68.483,53.919,50.0,183.32620304444447,206.6912566,217.09275660000003,1.6499999999999997,0.011,0.002,0.073,0.08259808833333333,0.1719824,0.2425564,C164
E2001,C559,559,ES,ES618,37.3025059,-5.8921048,3,Glass,11,glass-container,202.4922508,140,146,145,(NG)-CC,(EL)-CC,(EL),0.44358809,0.338,0.097,0.021,0.0,0.0,251.80920304444447,260.61025659999996,267.09275660000003,68.483,53.919,50.0,183.32620304444447,206.6912566,217.09275660000003,1.6499999999999997,0.011,0.002,0.073,0.08259808833333333,0.1719824,0.2425564,C164
E1547,C562,562,ES,ES243,41.475,-1.4873,2,Cement,8,cement,587.316901,34,63,36,CEM2-(Afm)Oxy-MEA,EU-mix-2050,CEM2-(BMW),0.536074117,0.49818,0.485,0.501418443,0.0,0.0,69.07946884110001,69.18344591111111,104.71368770000001,18.088320381099997,12.345486,3.0,50.991148460000005,56.83795991111111,101.71368770000001,13.799999999999999,0.092,0.033971836,0.342,0.11191325199999999,0.05687816046263333,0.3516348,C165
E2005,C563,563,ES,ES243,41.5957767,-0.9440142,3,Glass,11,glass-container,210.3323001,140,146,145,(NG)-CC,(EL)-CC,(EL),0.44358809,0.338,0.097,0.021,0.0,0.0,251.80920304444447,260.61025659999996,267.09275660000003,68.483,53.919,50.0,183.32620304444447,206.6912566,217.09275660000003,1.6499999999999997,0.011,0.002,0.073,0.08259808833333333,0.1719824,0.2425564,C159
E1550,C566,566,ES,ES120,43.5647589,-5.7183006,2,Cement,8,cement,944.0023103,34,63,36,CEM2-(Afm)Oxy-MEA,EU-mix-2050,CEM2-(BMW),0.536074117,0.49818,0.485,0.501418443,0.0,0.0,69.07946884110001,69.18344591111111,104.71368770000001,18.088320381099997,12.345486,3.0,50.991148460000005,56.83795991111111,101.71368770000001,13.799999999999999,0.092,0.033971836,0.342,0.11191325199999999,0.05687816046263333,0.3516348,C166
E2274,C571,571,ES,ES120,43.5498448,-5.8587062,5,Fertilisers,18,fertiliser-ammonia,138.0,105,107,107,(NG)NH3-MVR-DEA,(BM)NH3,(BM)NH3,2.07811468,1.742,1.42,0.0,0.0,0.0,482.6432713651555,490.9891,490.9891,120.3508298096,170.0,170.0,362.2924415555555,320.9891,320.9891,30.3,0.202,0.0,0.0,0.46096393166666666,0.1487316,0.1487316,C166
E2249,C572,572,ES,ES615,37.1821142,-6.8886557,5,Fertilisers,18,fertiliser-ammonia,276.0,105,107,107,(NG)NH3-MVR-DEA,(BM)NH3,(BM)NH3,2.07811468,1.742,1.42,0.0,0.0,0.0,482.6432713651555,490.9891,490.9891,120.3508298096,170.0,170.0,362.2924415555555,320.9891,320.9891,30.3,0.202,0.0,0.0,0.46096393166666666,0.1487316,0.1487316,C167
E2250,C572,572,ES,ES615,37.1821142,-6.8886557,5,Fertilisers,18,fertiliser-nitric-acid,138.0,117,118,117,(BM)HNO3,(BM)HNO3-DEA,(BM)HNO3,0.455609314,0.409,0.0,0.736,0.0,0.736,97.43214512,105.90694141568,97.43214512,30.0,38.47479629568,30.0,67.43214512,67.43214512,67.43214512,0.0,0.0,-0.736,0.0,0.0,-0.736,0.0,C167
E4024,C572,572,ES,ES615,37.1821142,-6.8886557,5,Fertilisers,18,fertiliser-urea,172.5,130,131,130,(BM)Urea,(BM)Urea-DEA,(BM)Urea,0.345423371,0.186,0.0,1.451,0.0,1.451,195.9229408,212.63072534488,195.9229408,11.0,27.707784544880003,11.0,184.9229408,184.9229408,184.9229408,0.0,0.0,-1.451,0.0,0.0578748,-1.3931252,0.0578748,C167
E2259,C573,573,ES,ES422,38.67,-4.06055,5,Fertilisers,18,fertiliser-ammonia,138.0,105,107,107,(NG)NH3-MVR-DEA,(BM)NH3,(BM)NH3,2.07811468,1.742,1.42,0.0,0.0,0.0,482.6432713651555,490.9891,490.9891,120.3508298096,170.0,170.0,362.2924415555555,320.9891,320.9891,30.3,0.202,0.0,0.0,0.46096393166666666,0.1487316,0.1487316,C168
E2260,C573,573,ES,ES422,38.67,-4.06055,5,Fertilisers,18,fertiliser-nitric-acid,106.94999999999999,117,118,117,(BM)HNO3,(BM)HNO3-DEA,(BM)HNO3,0.455609314,0.409,0.0,0.736,0.0,0.736,97.43214512,105.90694141568,97.43214512,30.0,38.47479629568,30.0,67.43214512,67.43214512,67.43214512,0.0,0.0,-0.736,0.0,0.0,-0.736,0.0,C168
E4025,C573,573,ES,ES422,38.67,-4.06055,5,Fertilisers,18,fertiliser-urea,93.14999999999999,130,131,130,(BM)Urea,(BM)Urea-DEA,(BM)Urea,0.345423371,0.186,0.0,1.451,0.0,1.451,195.9229408,212.63072534488,195.9229408,11.0,27.707784544880003,11.0,184.9229408,184.9229408,184.9229408,0.0,0.0,-1.451,0.0,0.0578748,-1.3931252,0.0578748,C168
E2321,C579,579,ES,ES130,43.4200363,-3.771557,6,Chemical,19,chemical-olefins,43.56271,83,82,82,(LN)O-MEA,(LN)O,(LN)O,1.348312693,0.967,1.002,0.0,0.0,0.0,730.4031431035622,746.908569,746.908569,106.49401988134,55.0,55.0,623.9091232222222,691.908569,691.908569,16.65,0.111,0.967,0.967,0.5322865194666667,1.3156651228,1.3156651228,C169
E2459,C579,579,ES,ES130,43.4200363,-3.771557,6,Chemical,20,chemical-PEA,43.406178,74,77,77,(NG)PEA-MEA,(EL)PEA,(EL)PEA,0.600555118,0.459,0.443,0.0,0.0,0.0,1250.9949502544825,1272.57565,1272.57565,120.499307810038,111.0,111.0,1130.4956424444445,1161.57565,1161.57565,7.35,0.049,0.0,0.0,0.16401245333333336,0.284634,0.284634,C169
E2586,C579,579,ES,ES130,43.4200363,-3.771557,6,Chemical,21,chemical-PE,47.165769,65,68,68,(NG)PE-MEA,(EL)PE,(EL)PE,0.050040025,0.016,0.015,0.0,0.0,0.0,1000.7329960451451,1001.8245000000001,1001.8245000000001,37.033860045145,37.0,37.0,963.6991360000001,964.8245000000001,964.8245000000001,0.3,0.002,0.0,0.0,0.02090579,0.024953999999999997,0.024953999999999997,C169
E2322,C581,581,ES,ES514,40.6257012,0.5793561,6,Chemical,19,chemical-olefins,43.56271,83,82,82,(LN)O-MEA,(LN)O,(LN)O,1.348312693,0.967,1.002,0.0,0.0,0.0,730.4031431035622,746.908569,746.908569,106.49401988134,55.0,55.0,623.9091232222222,691.908569,691.908569,16.65,0.111,0.967,0.967,0.5322865194666667,1.3156651228,1.3156651228,C170
E2460,C581,581,ES,ES514,40.6257012,0.5793561,6,Chemical,20,chemical-PEA,43.406178,74,77,77,(NG)PEA-MEA,(EL)PEA,(EL)PEA,0.600555118,0.459,0.443,0.0,0.0,0.0,1250.9949502544825,1272.57565,1272.57565,120.499307810038,111.0,111.0,1130.4956424444445,1161.57565,1161.57565,7.35,0.049,0.0,0.0,0.16401245333333336,0.284634,0.284634,C170
E2587,C581,581,ES,ES514,40.6257012,0.5793561,6,Chemical,21,chemical-PE,47.165769,65,68,68,(NG)PE-MEA,(EL)PE,(EL)PE,0.050040025,0.016,0.015,0.0,0.0,0.0,1000.7329960451451,1001.8245000000001,1001.8245000000001,37.033860045145,37.0,37.0,963.6991360000001,964.8245000000001,964.8245000000001,0.3,0.002,0.0,0.0,0.02090579,0.024953999999999997,0.024953999999999997,C170
E2323,C582,582,ES,ES412,42.3737044,-3.7381839,6,Chemical,19,chemical-olefins,43.56271,83,82,82,(LN)O-MEA,(LN)O,(LN)O,1.348312693,0.967,1.002,0.0,0.0,0.0,730.4031431035622,746.908569,746.908569,106.49401988134,55.0,55.0,623.9091232222222,691.908569,691.908569,16.65,0.111,0.967,0.967,0.5322865194666667,1.3156651228,1.3156651228,C171
E2461,C582,582,ES,ES412,42.3737044,-3.7381839,6,Chemical,20,chemical-PEA,43.406178,74,77,77,(NG)PEA-MEA,(EL)PEA,(EL)PEA,0.600555118,0.459,0.443,0.0,0.0,0.0,1250.9949502544825,1272.57565,1272.57565,120.499307810038,111.0,111.0,1130.4956424444445,1161.57565,1161.57565,7.35,0.049,0.0,0.0,0.16401245333333336,0.284634,0.284634,C171
E2588,C582,582,ES,ES412,42.3737044,-3.7381839,6,Chemical,21,chemical-PE,47.165769,65,68,68,(NG)PE-MEA,(EL)PE,(EL)PE,0.050040025,0.016,0.015,0.0,0.0,0.0,1000.7329960451451,1001.8245000000001,1001.8245000000001,37.033860045145,37.0,37.0,963.6991360000001,964.8245000000001,964.8245000000001,0.3,0.002,0.0,0.0,0.02090579,0.024953999999999997,0.024953999999999997,C171
E2324,C583,583,ES,ES114,42.5985298,-8.6488151,6,Chemical,19,chemical-olefins,43.56271,83,82,82,(LN)O-MEA,(LN)O,(LN)O,1.348312693,0.967,1.002,0.0,0.0,0.0,730.4031431035622,746.908569,746.908569,106.49401988134,55.0,55.0,623.9091232222222,691.908569,691.908569,16.65,0.111,0.967,0.967,0.5322865194666667,1.3156651228,1.3156651228,C172
E2462,C583,583,ES,ES114,42.5985298,-8.6488151,6,Chemical,20,chemical-PEA,43.406178,74,77,77,(NG)PEA-MEA,(EL)PEA,(EL)PEA,0.600555118,0.459,0.443,0.0,0.0,0.0,1250.9949502544825,1272.57565,1272.57565,120.499307810038,111.0,111.0,1130.4956424444445,1161.57565,1161.57565,7.35,0.049,0.0,0.0,0.16401245333333336,0.284634,0.284634,C172
E2589,C583,583,ES,ES114,42.5985298,-8.6488151,6,Chemical,21,chemical-PE,47.165769,65,68,68,(NG)PE-MEA,(EL)PE,(EL)PE,0.050040025,0.016,0.015,0.0,0.0,0.0,1000.7329960451451,1001.8245000000001,1001.8245000000001,37.033860045145,37.0,37.0,963.6991360000001,964.8245000000001,964.8245000000001,0.3,0.002,0.0,0.0,0.02090579,0.024953999999999997,0.024953999999999997,C172
E732,C586,586,ES,ES212,43.1716847,-2.3223954,1,Steel,2,steel-secondary,439.7196262,214,218,214,Scraps EAF,EU-mix-2050,Scraps EAF,0.143477203,0.04,0.0,0.0,0.0,0.0,531.9477585,531.9477585,531.9477585,18.0,18.0,18.0,513.9477585,513.9477585,513.9477585,6.0,0.04,0.04,0.04,0.0973878205,0.0973878205,0.0973878205,C173
E2325,C588,588,ES,ES511,41.4859738999999,1.9197,6,Chemical,19,chemical-olefins,43.56271,83,82,82,(LN)O-MEA,(LN)O,(LN)O,1.348312693,0.967,1.002,0.0,0.0,0.0,730.4031431035622,746.908569,746.908569,106.49401988134,55.0,55.0,623.9091232222222,691.908569,691.908569,16.65,0.111,0.967,0.967,0.5322865194666667,1.3156651228,1.3156651228,C174
E2463,C588,588,ES,ES511,41.4859738999999,1.9197,6,Chemical,20,chemical-PEA,43.406178,74,77,77,(NG)PEA-MEA,(EL)PEA,(EL)PEA,0.600555118,0.459,0.443,0.0,0.0,0.0,1250.9949502544825,1272.57565,1272.57565,120.499307810038,111.0,111.0,1130.4956424444445,1161.57565,1161.57565,7.35,0.049,0.0,0.0,0.16401245333333336,0.284634,0.284634,C174
E2590,C588,588,ES,ES511,41.4859738999999,1.9197,6,Chemical,21,chemical-PE,47.165769,65,68,68,(NG)PE-MEA,(EL)PE,(EL)PE,0.050040025,0.016,0.015,0.0,0.0,0.0,1000.7329960451451,1001.8245000000001,1001.8245000000001,37.033860045145,37.0,37.0,963.6991360000001,964.8245000000001,964.8245000000001,0.3,0.002,0.0,0.0,0.02090579,0.024953999999999997,0.024953999999999997,C174
E2326,C592,592,ES,ES512,41.6749599999999,2.7709429,6,Chemical,19,chemical-olefins,43.56271,83,82,82,(LN)O-MEA,(LN)O,(LN)O,1.348312693,0.967,1.002,0.0,0.0,0.0,730.4031431035622,746.908569,746.908569,106.49401988134,55.0,55.0,623.9091232222222,691.908569,691.908569,16.65,0.111,0.967,0.967,0.5322865194666667,1.3156651228,1.3156651228,C175
E2464,C592,592,ES,ES512,41.6749599999999,2.7709429,6,Chemical,20,chemical-PEA,43.406178,74,77,77,(NG)PEA-MEA,(EL)PEA,(EL)PEA,0.600555118,0.459,0.443,0.0,0.0,0.0,1250.9949502544825,1272.57565,1272.57565,120.499307810038,111.0,111.0,1130.4956424444445,1161.57565,1161.57565,7.35,0.049,0.0,0.0,0.16401245333333336,0.284634,0.284634,C175
E2591,C592,592,ES,ES512,41.6749599999999,2.7709429,6,Chemical,21,chemical-PE,47.165769,65,68,68,(NG)PE-MEA,(EL)PE,(EL)PE,0.050040025,0.016,0.015,0.0,0.0,0.0,1000.7329960451451,1001.8245000000001,1001.8245000000001,37.033860045145,37.0,37.0,963.6991360000001,964.8245000000001,964.8245000000001,0.3,0.002,0.0,0.0,0.02090579,0.024953999999999997,0.024953999999999997,C175
E740,C602,602,ES,ES130,42.9917193,-4.1391937,1,Steel,2,steel-secondary,131.9158879,214,218,214,Scraps EAF,EU-mix-2050,Scraps EAF,0.143477203,0.04,0.0,0.0,0.0,0.0,531.9477585,531.9477585,531.9477585,18.0,18.0,18.0,513.9477585,513.9477585,513.9477585,6.0,0.04,0.04,0.04,0.0973878205,0.0973878205,0.0973878205,C176
E741,C603,603,ES,ES120,43.5411847,-5.7252745,1,Steel,1,steel-primary,4911.0,204,203,203,(NG)DRI-EAF-MEA,(NG)DRI-EAF,(NG)DRI-EAF,2.36399401,2.002,0.586,0.0,0.0,0.0,435.4523586444444,502.38245864444445,502.38245864444445,46.0,32.0,32.0,389.4523586444444,470.38245864444445,470.38245864444445,9.75,0.065,0.651,0.651,0.20736103233333333,0.7814126323333334,0.7814126323333334,C166
E2165,C606,606,ES,ES120,43.5758354,-5.9298381,3,Glass,12,glass-float,240.1665029,164,170,169,(NG)-CC,(EL)-CC,(EL),0.580169919,0.487,0.14,0.052,0.0,0.0,250.42840994222226,260.07431572,277.62331572,83.46000000000001,66.228,58.0,166.96840994222225,193.84631572000004,219.62331572,2.4,0.016,0.006,0.182,0.08442004666666666,0.1873836,0.36231559999999996,C166
E62,C607,607,ES,ES709,28.456785,-16.2592351,4,Refineries,15,refineries-light-liquid-fuel,1286.56,178,177,175,REF-SMR-MEA,REF(H2)-MEA,REF-SMR,0.622573543,0.231,0.208,0.17,0.0,0.0,678.4894344371378,682.5657872661224,704.4289424577778,47.98003797936,46.4356079639,44.0,630.5093964577778,636.1301793022224,660.4289424577778,3.4499999999999997,0.023,0.019,0.231,0.4144009225333334,0.4040080408666667,0.6181601225333334,C177
E1559,C611,611,ES,ES130,42.870901,-4.165406,2,Cement,8,cement,541.8144555,34,63,36,CEM2-(Afm)Oxy-MEA,EU-mix-2050,CEM2-(BMW),0.536074117,0.49818,0.485,0.501418443,0.0,0.0,69.07946884110001,69.18344591111111,104.71368770000001,18.088320381099997,12.345486,3.0,50.991148460000005,56.83795991111111,101.71368770000001,13.799999999999999,0.092,0.033971836,0.342,0.11191325199999999,0.05687816046263333,0.3516348,C176
E744,C612,612,ES,ES130,43.4449812,-3.8376839,1,Steel,2,steel-secondary,412.2371495,214,218,214,Scraps EAF,EU-mix-2050,Scraps EAF,0.143477203,0.04,0.0,0.0,0.0,0.0,531.9477585,531.9477585,531.9477585,18.0,18.0,18.0,513.9477585,513.9477585,513.9477585,6.0,0.04,0.04,0.04,0.0973878205,0.0973878205,0.0973878205,C169
E1560,C614,614,ES,ES413,42.5534675999999,-6.7696434,2,Cement,8,cement,734.7919468,34,63,36,CEM2-(Afm)Oxy-MEA,EU-mix-2050,CEM2-(BMW),0.536074117,0.49818,0.485,0.501418443,0.0,0.0,69.07946884110001,69.18344591111111,104.71368770000001,18.088320381099997,12.345486,3.0,50.991148460000005,56.83795991111111,101.71368770000001,13.799999999999999,0.092,0.033971836,0.342,0.11191325199999999,0.05687816046263333,0.3516348,C178
E1561,C615,615,ES,ES414,41.9410667,-4.4664382,2,Cement,8,cement,416.1466498,34,63,36,CEM2-(Afm)Oxy-MEA,EU-mix-2050,CEM2-(BMW),0.536074117,0.49818,0.485,0.501418443,0.0,0.0,69.07946884110001,69.18344591111111,104.71368770000001,18.088320381099997,12.345486,3.0,50.991148460000005,56.83795991111111,101.71368770000001,13.799999999999999,0.092,0.033971836,0.342,0.11191325199999999,0.05687816046263333,0.3516348,C179
E1562,C616,616,ES,ES413,42.7976104,-5.6206354,2,Cement,8,cement,1085.903382,34,63,36,CEM2-(Afm)Oxy-MEA,EU-mix-2050,CEM2-(BMW),0.536074117,0.49818,0.485,0.501418443,0.0,0.0,69.07946884110001,69.18344591111111,104.71368770000001,18.088320381099997,12.345486,3.0,50.991148460000005,56.83795991111111,101.71368770000001,13.799999999999999,0.092,0.033971836,0.342,0.11191325199999999,0.05687816046263333,0.3516348,C180
E2007,C618,618,ES,ES413,41.5034712,-5.7467879,3,Glass,11,glass-container,298.3118355,140,146,145,(NG)-CC,(EL)-CC,(EL),0.44358809,0.338,0.097,0.021,0.0,0.0,251.80920304444447,260.61025659999996,267.09275660000003,68.483,53.919,50.0,183.32620304444447,206.6912566,217.09275660000003,1.6499999999999997,0.011,0.002,0.073,0.08259808833333333,0.1719824,0.2425564,C181
E2095,C619,619,ES,ES416,40.904401,-4.0047627,3,Glass,11,glass-container,118.8431157,140,146,145,(NG)-CC,(EL)-CC,(EL),0.44358809,0.338,0.097,0.021,0.0,0.0,251.80920304444447,260.61025659999996,267.09275660000003,68.483,53.919,50.0,183.32620304444447,206.6912566,217.09275660000003,1.6499999999999997,0.011,0.002,0.073,0.08259808833333333,0.1719824,0.2425564,C182
E2003,C620,620,ES,ES412,42.3498268,-3.6557414,3,Glass,11,glass-container,353.3921608,140,146,145,(NG)-CC,(EL)-CC,(EL),0.44358809,0.338,0.097,0.021,0.0,0.0,251.80920304444447,260.61025659999996,267.09275660000003,68.483,53.919,50.0,183.32620304444447,206.6912566,217.09275660000003,1.6499999999999997,0.011,0.002,0.073,0.08259808833333333,0.1719824,0.2425564,C171
E1564,C621,621,ES,ES300,40.4471598,-3.6516853,2,Cement,8,cement,316.8097862,34,63,36,CEM2-(Afm)Oxy-MEA,EU-mix-2050,CEM2-(BMW),0.536074117,0.49818,0.485,0.501418443,0.0,0.0,69.07946884110001,69.18344591111111,104.71368770000001,18.088320381099997,12.345486,3.0,50.991148460000005,56.83795991111111,101.71368770000001,13.799999999999999,0.092,0.033971836,0.342,0.11191325199999999,0.05687816046263333,0.3516348,C183
E1565,C622,622,ES,ES425,40.0070729999999,-3.904575,2,Cement,8,cement,950.8785737,34,63,36,CEM2-(Afm)Oxy-MEA,EU-mix-2050,CEM2-(BMW),0.536074117,0.49818,0.485,0.501418443,0.0,0.0,69.07946884110001,69.18344591111111,104.71368770000001,18.088320381099997,12.345486,3.0,50.991148460000005,56.83795991111111,101.71368770000001,13.799999999999999,0.092,0.033971836,0.342,0.11191325199999999,0.05687816046263333,0.3516348,C184
E63,C623,623,ES,ES422,38.6767747999999,-4.0610804,4,Refineries,15,refineries-light-liquid-fuel,2193.0,178,177,175,REF-SMR-MEA,REF(H2)-MEA,REF-SMR,0.622573543,0.231,0.208,0.17,0.0,0.0,678.4894344371378,682.5657872661224,704.4289424577778,47.98003797936,46.4356079639,44.0,630.5093964577778,636.1301793022224,660.4289424577778,3.4499999999999997,0.023,0.019,0.231,0.4144009225333334,0.4040080408666667,0.6181601225333334,C168
E2101,C624,624,ES,ES424,40.5607782,-3.2627856,3,Glass,11,glass-container,103.1188548,140,146,145,(NG)-CC,(EL)-CC,(EL),0.44358809,0.338,0.097,0.021,0.0,0.0,251.80920304444447,260.61025659999996,267.09275660000003,68.483,53.919,50.0,183.32620304444447,206.6912566,217.09275660000003,1.6499999999999997,0.011,0.002,0.073,0.08259808833333333,0.1719824,0.2425564,C185
E2027,C625,625,ES,ES421,38.7118679,-0.9542109,3,Glass,11,glass-container,417.6207379,140,146,145,(NG)-CC,(EL)-CC,(EL),0.44358809,0.338,0.097,0.021,0.0,0.0,251.80920304444447,260.61025659999996,267.09275660000003,68.483,53.919,50.0,183.32620304444447,206.6912566,217.09275660000003,1.6499999999999997,0.011,0.002,0.073,0.08259808833333333,0.1719824,0.2425564,C186
E2204,C626,626,ES,ES424,40.5592631,-3.2589168,3,Glass,13,glass-fibre,62.47584541,158,152,157,(EL)-CC,(NG)-CC,(EL),0.827356012,0.634,0.066,0.183,0.0,0.0,328.847314,329.405778,350.893514,81.174,109.437,71.0,247.673314,219.968778,279.893514,1.05,0.007,0.02,0.227,0.2712316,0.14762786,0.48989479999999996,C185
E2002,C627,627,ES,ES424,40.560611,-3.2613464,3,Glass,11,glass-container,248.123521,140,146,145,(NG)-CC,(EL)-CC,(EL),0.44358809,0.338,0.097,0.021,0.0,0.0,251.80920304444447,260.61025659999996,267.09275660000003,68.483,53.919,50.0,183.32620304444447,206.6912566,217.09275660000003,1.6499999999999997,0.011,0.002,0.073,0.08259808833333333,0.1719824,0.2425564,C185
E1570,C632,632,ES,ES511,37.9752754,-1.2368537,2,Cement,8,cement,1564.0914,34,63,36,CEM2-(Afm)Oxy-MEA,EU-mix-2050,CEM2-(BMW),0.536074117,0.49818,0.485,0.501418443,0.0,0.0,69.07946884110001,69.18344591111111,104.71368770000001,18.088320381099997,12.345486,3.0,50.991148460000005,56.83795991111111,101.71368770000001,13.799999999999999,0.092,0.033971836,0.342,0.11191325199999999,0.05687816046263333,0.3516348,C187
E1571,C633,633,ES,ES514,40.5761506999999,0.5442038,2,Cement,8,cement,1149.634729,34,63,36,CEM2-(Afm)Oxy-MEA,EU-mix-2050,CEM2-(BMW),0.536074117,0.49818,0.485,0.501418443,0.0,0.0,69.07946884110001,69.18344591111111,104.71368770000001,18.088320381099997,12.345486,3.0,50.991148460000005,56.83795991111111,101.71368770000001,13.799999999999999,0.092,0.033971836,0.342,0.11191325199999999,0.05687816046263333,0.3516348,C170
E1572,C634,634,ES,ES511,41.47603,2.1846968,2,Cement,8,cement,555.996872,34,63,36,CEM2-(Afm)Oxy-MEA,EU-mix-2050,CEM2-(BMW),0.536074117,0.49818,0.485,0.501418443,0.0,0.0,69.07946884110001,69.18344591111111,104.71368770000001,18.088320381099997,12.345486,3.0,50.991148460000005,56.83795991111111,101.71368770000001,13.799999999999999,0.092,0.033971836,0.342,0.11191325199999999,0.05687816046263333,0.3516348,C174
E1573,C635,635,ES,ES511,41.2371850999999,1.805886,2,Cement,8,cement,170.7746738,34,63,36,CEM2-(Afm)Oxy-MEA,EU-mix-2050,CEM2-(BMW),0.536074117,0.49818,0.485,0.501418443,0.0,0.0,69.07946884110001,69.18344591111111,104.71368770000001,18.088320381099997,12.345486,3.0,50.991148460000005,56.83795991111111,101.71368770000001,13.799999999999999,0.092,0.033971836,0.342,0.11191325199999999,0.05687816046263333,0.3516348,C188
E1574,C636,636,ES,ES511,41.3140673999999,1.6614947,2,Cement,8,cement,1501.329868,34,63,36,CEM2-(Afm)Oxy-MEA,EU-mix-2050,CEM2-(BMW),0.536074117,0.49818,0.485,0.501418443,0.0,0.0,69.07946884110001,69.18344591111111,104.71368770000001,18.088320381099997,12.345486,3.0,50.991148460000005,56.83795991111111,101.71368770000001,13.799999999999999,0.092,0.033971836,0.342,0.11191325199999999,0.05687816046263333,0.3516348,C188
E1881,C637,637,ES,ES514,41.1761099,1.2317539,6,Chemical,19,chemical-olefins,675.0,83,82,82,(LN)O-MEA,(LN)O,(LN)O,1.348312693,0.967,1.002,0.0,0.0,0.0,730.4031431035622,746.908569,746.908569,106.49401988134,55.0,55.0,623.9091232222222,691.908569,691.908569,16.65,0.111,0.967,0.967,0.5322865194666667,1.3156651228,1.3156651228,C189
E1882,C637,637,ES,ES514,41.1761099,1.2317539,6,Chemical,21,chemical-PE,700.0,65,68,68,(NG)PE-MEA,(EL)PE,(EL)PE,0.050040025,0.016,0.015,0.0,0.0,0.0,1000.7329960451451,1001.8245000000001,1001.8245000000001,37.033860045145,37.0,37.0,963.6991360000001,964.8245000000001,964.8245000000001,0.3,0.002,0.0,0.0,0.02090579,0.024953999999999997,0.024953999999999997,C189
E2327,C638,638,ES,ES514,41.1907478999999,1.2219475,6,Chemical,19,chemical-olefins,702.0,83,82,82,(LN)O-MEA,(LN)O,(LN)O,1.348312693,0.967,1.002,0.0,0.0,0.0,730.4031431035622,746.908569,746.908569,106.49401988134,55.0,55.0,623.9091232222222,691.908569,691.908569,16.65,0.111,0.967,0.967,0.5322865194666667,1.3156651228,1.3156651228,C189
E2465,C638,638,ES,ES514,41.1907478999999,1.2219475,6,Chemical,20,chemical-PEA,43.406178,74,77,77,(NG)PEA-MEA,(EL)PEA,(EL)PEA,0.600555118,0.459,0.443,0.0,0.0,0.0,1250.9949502544825,1272.57565,1272.57565,120.499307810038,111.0,111.0,1130.4956424444445,1161.57565,1161.57565,7.35,0.049,0.0,0.0,0.16401245333333336,0.284634,0.284634,C189
E2592,C638,638,ES,ES514,41.1907478999999,1.2219475,6,Chemical,21,chemical-PE,47.165769,65,68,68,(NG)PE-MEA,(EL)PE,(EL)PE,0.050040025,0.016,0.015,0.0,0.0,0.0,1000.7329960451451,1001.8245000000001,1001.8245000000001,37.033860045145,37.0,37.0,963.6991360000001,964.8245000000001,964.8245000000001,0.3,0.002,0.0,0.0,0.02090579,0.024953999999999997,0.024953999999999997,C189
E3014,C638,638,ES,ES514,41.1907478999999,1.2219475,6,Chemical,19,chemical-olefins,361.6363636,83,82,82,(LN)O-MEA,(LN)O,(LN)O,1.348312693,0.967,1.002,0.0,0.0,0.0,730.4031431035622,746.908569,746.908569,106.49401988134,55.0,55.0,623.9091232222222,691.908569,691.908569,16.65,0.111,0.967,0.967,0.5322865194666667,1.3156651228,1.3156651228,C189
E3015,C638,638,ES,ES514,41.1907478999999,1.2219475,6,Chemical,19,chemical-olefins,1063.636364,83,82,82,(LN)O-MEA,(LN)O,(LN)O,1.348312693,0.967,1.002,0.0,0.0,0.0,730.4031431035622,746.908569,746.908569,106.49401988134,55.0,55.0,623.9091232222222,691.908569,691.908569,16.65,0.111,0.967,0.967,0.5322865194666667,1.3156651228,1.3156651228,C189
E67,C639,639,ES,ES514,41.1045414,1.2120473,4,Refineries,15,refineries-light-liquid-fuel,292.4,178,177,175,REF-SMR-MEA,REF(H2)-MEA,REF-SMR,0.622573543,0.231,0.208,0.17,0.0,0.0,678.4894344371378,682.5657872661224,704.4289424577778,47.98003797936,46.4356079639,44.0,630.5093964577778,636.1301793022224,660.4289424577778,3.4499999999999997,0.023,0.019,0.231,0.4144009225333334,0.4040080408666667,0.6181601225333334,C189
E68,C640,640,ES,ES514,41.1849095999999,1.2099939,4,Refineries,15,refineries-light-liquid-fuel,2719.32,178,177,175,REF-SMR-MEA,REF(H2)-MEA,REF-SMR,0.622573543,0.231,0.208,0.17,0.0,0.0,678.4894344371378,682.5657872661224,704.4289424577778,47.98003797936,46.4356079639,44.0,630.5093964577778,636.1301793022224,660.4289424577778,3.4499999999999997,0.023,0.019,0.231,0.4144009225333334,0.4040080408666667,0.6181601225333334,C189
E746,C641,641,ES,ES511,41.4623648,1.9761078,1,Steel,2,steel-secondary,1319.158879,214,218,214,Scraps EAF,EU-mix-2050,Scraps EAF,0.143477203,0.04,0.0,0.0,0.0,0.0,531.9477585,531.9477585,531.9477585,18.0,18.0,18.0,513.9477585,513.9477585,513.9477585,6.0,0.04,0.04,0.04,0.0973878205,0.0973878205,0.0973878205,C174
E2060,C643,643,ES,ES511,41.5909932,2.0925553,3,Glass,11,glass-container,241.9841349,140,146,145,(NG)-CC,(EL)-CC,(EL),0.44358809,0.338,0.097,0.021,0.0,0.0,251.80920304444447,260.61025659999996,267.09275660000003,68.483,53.919,50.0,183.32620304444447,206.6912566,217.09275660000003,1.6499999999999997,0.011,0.002,0.073,0.08259808833333333,0.1719824,0.2425564,C174
E2124,C644,644,ES,ES511,41.4830131,2.326472,3,Glass,11,glass-container,38.57030964,140,146,145,(NG)-CC,(EL)-CC,(EL),0.44358809,0.338,0.097,0.021,0.0,0.0,251.80920304444447,260.61025659999996,267.09275660000003,68.483,53.919,50.0,183.32620304444447,206.6912566,217.09275660000003,1.6499999999999997,0.011,0.002,0.073,0.08259808833333333,0.1719824,0.2425564,C174
E2004,C645,645,ES,ES514,41.3744398999999,1.1615674,3,Glass,11,glass-container,135.1731494,140,146,145,(NG)-CC,(EL)-CC,(EL),0.44358809,0.338,0.097,0.021,0.0,0.0,251.80920304444447,260.61025659999996,267.09275660000003,68.483,53.919,50.0,183.32620304444447,206.6912566,217.09275660000003,1.6499999999999997,0.011,0.002,0.073,0.08259808833333333,0.1719824,0.2425564,C189
E2164,C646,646,ES,ES514,41.2629413,1.5908674,3,Glass,12,glass-float,145.5913556,164,170,169,(NG)-CC,(EL)-CC,(EL),0.580169919,0.487,0.14,0.052,0.0,0.0,250.42840994222226,260.07431572,277.62331572,83.46000000000001,66.228,58.0,166.96840994222225,193.84631572000004,219.62331572,2.4,0.016,0.006,0.182,0.08442004666666666,0.1873836,0.36231559999999996,C188
E2030,C647,647,ES,ES511,41.3256197999999,2.1255224,3,Glass,11,glass-container,149.183415,140,146,145,(NG)-CC,(EL)-CC,(EL),0.44358809,0.338,0.097,0.021,0.0,0.0,251.80920304444447,260.61025659999996,267.09275660000003,68.483,53.919,50.0,183.32620304444447,206.6912566,217.09275660000003,1.6499999999999997,0.011,0.002,0.073,0.08259808833333333,0.1719824,0.2425564,C174
E1577,C649,649,ES,ES521,38.3804518999999,-0.5407508,2,Cement,8,cement,926.7424356,34,63,36,CEM2-(Afm)Oxy-MEA,EU-mix-2050,CEM2-(BMW),0.536074117,0.49818,0.485,0.501418443,0.0,0.0,69.07946884110001,69.18344591111111,104.71368770000001,18.088320381099997,12.345486,3.0,50.991148460000005,56.83795991111111,101.71368770000001,13.799999999999999,0.092,0.033971836,0.342,0.11191325199999999,0.05687816046263333,0.3516348,C190
E1578,C650,650,ES,ES523,39.434612,-0.7768106,2,Cement,8,cement,978.3437935,34,63,36,CEM2-(Afm)Oxy-MEA,EU-mix-2050,CEM2-(BMW),0.536074117,0.49818,0.485,0.501418443,0.0,0.0,69.07946884110001,69.18344591111111,104.71368770000001,18.088320381099997,12.345486,3.0,50.991148460000005,56.83795991111111,101.71368770000001,13.799999999999999,0.092,0.033971836,0.342,0.11191325199999999,0.05687816046263333,0.3516348,C191
E1579,C651,651,ES,ES523,39.6647899,-0.2488124,2,Cement,8,cement,996.2303607,34,63,36,CEM2-(Afm)Oxy-MEA,EU-mix-2050,CEM2-(BMW),0.536074117,0.49818,0.485,0.501418443,0.0,0.0,69.07946884110001,69.18344591111111,104.71368770000001,18.088320381099997,12.345486,3.0,50.991148460000005,56.83795991111111,101.71368770000001,13.799999999999999,0.092,0.033971836,0.342,0.11191325199999999,0.05687816046263333,0.3516348,C192
E2328,C652,652,ES,ES522,39.9566819,-0.0051243,6,Chemical,19,chemical-olefins,43.56271,83,82,82,(LN)O-MEA,(LN)O,(LN)O,1.348312693,0.967,1.002,0.0,0.0,0.0,730.4031431035622,746.908569,746.908569,106.49401988134,55.0,55.0,623.9091232222222,691.908569,691.908569,16.65,0.111,0.967,0.967,0.5322865194666667,1.3156651228,1.3156651228,C193
E2466,C652,652,ES,ES522,39.9566819,-0.0051243,6,Chemical,20,chemical-PEA,43.406178,74,77,77,(NG)PEA-MEA,(EL)PEA,(EL)PEA,0.600555118,0.459,0.443,0.0,0.0,0.0,1250.9949502544825,1272.57565,1272.57565,120.499307810038,111.0,111.0,1130.4956424444445,1161.57565,1161.57565,7.35,0.049,0.0,0.0,0.16401245333333336,0.284634,0.284634,C193
E2593,C652,652,ES,ES522,39.9566819,-0.0051243,6,Chemical,21,chemical-PE,47.165769,65,68,68,(NG)PE-MEA,(EL)PE,(EL)PE,0.050040025,0.016,0.015,0.0,0.0,0.0,1000.7329960451451,1001.8245000000001,1001.8245000000001,37.033860045145,37.0,37.0,963.6991360000001,964.8245000000001,964.8245000000001,0.3,0.002,0.0,0.0,0.02090579,0.024953999999999997,0.024953999999999997,C193
E72,C669,669,ES,ES522,39.9562507999999,-0.0038818,4,Refineries,15,refineries-light-liquid-fuel,1520.48,178,177,175,REF-SMR-MEA,REF(H2)-MEA,REF-SMR,0.622573543,0.231,0.208,0.17,0.0,0.0,678.4894344371378,682.5657872661224,704.4289424577778,47.98003797936,46.4356079639,44.0,630.5093964577778,636.1301793022224,660.4289424577778,3.4499999999999997,0.023,0.019,0.231,0.4144009225333334,0.4040080408666667,0.6181601225333334,C193
E2008,C673,673,ES,ES431,38.5654778999999,-6.3567133,3,Glass,11,glass-container,342.9548712,140,146,145,(NG)-CC,(EL)-CC,(EL),0.44358809,0.338,0.097,0.021,0.0,0.0,251.80920304444447,260.61025659999996,267.09275660000003,68.483,53.919,50.0,183.32620304444447,206.6912566,217.09275660000003,1.6499999999999997,0.011,0.002,0.073,0.08259808833333333,0.1719824,0.2425564,C194
E1580,C674,674,ES,ES112,42.7162475,-7.4498834,2,Cement,8,cement,219.2303433,34,63,36,CEM2-(Afm)Oxy-MEA,EU-mix-2050,CEM2-(BMW),0.536074117,0.49818,0.485,0.501418443,0.0,0.0,69.07946884110001,69.18344591111111,104.71368770000001,18.088320381099997,12.345486,3.0,50.991148460000005,56.83795991111111,101.71368770000001,13.799999999999999,0.092,0.033971836,0.342,0.11191325199999999,0.05687816046263333,0.3516348,C195
E73,C675,675,ES,ES612,36.1886978,-5.3882031,4,Refineries,15,refineries-light-liquid-fuel,3508.7999999999997,178,177,175,REF-SMR-MEA,REF(H2)-MEA,REF-SMR,0.622573543,0.231,0.208,0.17,0.0,0.0,678.4894344371378,682.5657872661224,704.4289424577778,47.98003797936,46.4356079639,44.0,630.5093964577778,636.1301793022224,660.4289424577778,3.4499999999999997,0.023,0.019,0.231,0.4144009225333334,0.4040080408666667,0.6181601225333334,C196
E2329,C676,676,ES,ES111,43.4612959999999,-8.23405829999999,6,Chemical,19,chemical-olefins,43.56271,83,82,82,(LN)O-MEA,(LN)O,(LN)O,1.348312693,0.967,1.002,0.0,0.0,0.0,730.4031431035622,746.908569,746.908569,106.49401988134,55.0,55.0,623.9091232222222,691.908569,691.908569,16.65,0.111,0.967,0.967,0.5322865194666667,1.3156651228,1.3156651228,C197
E2467,C676,676,ES,ES111,43.4612959999999,-8.23405829999999,6,Chemical,20,chemical-PEA,43.406178,74,77,77,(NG)PEA-MEA,(EL)PEA,(EL)PEA,0.600555118,0.459,0.443,0.0,0.0,0.0,1250.9949502544825,1272.57565,1272.57565,120.499307810038,111.0,111.0,1130.4956424444445,1161.57565,1161.57565,7.35,0.049,0.0,0.0,0.16401245333333336,0.284634,0.284634,C197
E2594,C676,676,ES,ES111,43.4612959999999,-8.23405829999999,6,Chemical,21,chemical-PE,47.165769,65,68,68,(NG)PE-MEA,(EL)PE,(EL)PE,0.050040025,0.016,0.015,0.0,0.0,0.0,1000.7329960451451,1001.8245000000001,1001.8245000000001,37.033860045145,37.0,37.0,963.6991360000001,964.8245000000001,964.8245000000001,0.3,0.002,0.0,0.0,0.02090579,0.024953999999999997,0.024953999999999997,C197
E74,C677,677,ES,ES615,37.22406,-6.89246,4,Refineries,15,refineries-light-liquid-fuel,1462.0,178,177,175,REF-SMR-MEA,REF(H2)-MEA,REF-SMR,0.622573543,0.231,0.208,0.17,0.0,0.0,678.4894344371378,682.5657872661224,704.4289424577778,47.98003797936,46.4356079639,44.0,630.5093964577778,636.1301793022224,660.4289424577778,3.4499999999999997,0.023,0.019,0.231,0.4144009225333334,0.4040080408666667,0.6181601225333334,C167
E75,C678,678,ES,ES111,43.3521842,-8.44026369999999,4,Refineries,15,refineries-light-liquid-fuel,1754.3999999999999,178,177,175,REF-SMR-MEA,REF(H2)-MEA,REF-SMR,0.622573543,0.231,0.208,0.17,0.0,0.0,678.4894344371378,682.5657872661224,704.4289424577778,47.98003797936,46.4356079639,44.0,630.5093964577778,636.1301793022224,660.4289424577778,3.4499999999999997,0.023,0.019,0.231,0.4144009225333334,0.4040080408666667,0.6181601225333334,C198
E747,C679,679,ES,ES111,43.5154889,-8.1675843,1,Steel,2,steel-secondary,384.7546729,214,218,214,Scraps EAF,EU-mix-2050,Scraps EAF,0.143477203,0.04,0.0,0.0,0.0,0.0,531.9477585,531.9477585,531.9477585,18.0,18.0,18.0,513.9477585,513.9477585,513.9477585,6.0,0.04,0.04,0.04,0.0973878205,0.0973878205,0.0973878205,C197
E748,C680,680,ES,ES612,36.1755525,-5.4355255,1,Steel,2,steel-secondary,659.5794393,214,218,214,Scraps EAF,EU-mix-2050,Scraps EAF,0.143477203,0.04,0.0,0.0,0.0,0.0,531.9477585,531.9477585,531.9477585,18.0,18.0,18.0,513.9477585,513.9477585,513.9477585,6.0,0.04,0.04,0.04,0.0973878205,0.0973878205,0.0973878205,C196
E1581,C681,681,ES,ES532,39.7028836,2.8680353,2,Cement,8,cement,251.213349,34,63,36,CEM2-(Afm)Oxy-MEA,EU-mix-2050,CEM2-(BMW),0.536074117,0.49818,0.485,0.501418443,0.0,0.0,69.07946884110001,69.18344591111111,104.71368770000001,18.088320381099997,12.345486,3.0,50.991148460000005,56.83795991111111,101.71368770000001,13.799999999999999,0.092,0.033971836,0.342,0.11191325199999999,0.05687816046263333,0.3516348,C199
E749,C682,682,ES,ES618,37.3658639,-5.8846177,1,Steel,2,steel-secondary,714.5443925,214,218,214,Scraps EAF,EU-mix-2050,Scraps EAF,0.143477203,0.04,0.0,0.0,0.0,0.0,531.9477585,531.9477585,531.9477585,18.0,18.0,18.0,513.9477585,513.9477585,513.9477585,6.0,0.04,0.04,0.04,0.0973878205,0.0973878205,0.0973878205,C164
E1584,C685,685,ES,ES300,40.2451,-3.47458,2,Cement,8,cement,1068.701878,34,63,36,CEM2-(Afm)Oxy-MEA,EU-mix-2050,CEM2-(BMW),0.536074117,0.49818,0.485,0.501418443,0.0,0.0,69.07946884110001,69.18344591111111,104.71368770000001,18.088320381099997,12.345486,3.0,50.991148460000005,56.83795991111111,101.71368770000001,13.799999999999999,0.092,0.033971836,0.342,0.11191325199999999,0.05687816046263333,0.3516348,C200
E1585,C686,686,ES,ES618,37.3582058,-5.8689266,2,Cement,8,cement,985.1072602,34,63,36,CEM2-(Afm)Oxy-MEA,EU-mix-2050,CEM2-(BMW),0.536074117,0.49818,0.485,0.501418443,0.0,0.0,69.07946884110001,69.18344591111111,104.71368770000001,18.088320381099997,12.345486,3.0,50.991148460000005,56.83795991111111,101.71368770000001,13.799999999999999,0.092,0.033971836,0.342,0.11191325199999999,0.05687816046263333,0.3516348,C164
E750,C687,687,ES,ES300,40.3105879,-3.7032669,1,Steel,2,steel-secondary,329.7897196,214,218,214,Scraps EAF,EU-mix-2050,Scraps EAF,0.143477203,0.04,0.0,0.0,0.0,0.0,531.9477585,531.9477585,531.9477585,18.0,18.0,18.0,513.9477585,513.9477585,513.9477585,6.0,0.04,0.04,0.04,0.0973878205,0.0973878205,0.0973878205,C183
E76,C688,688,ES,ES620,37.5777608,-0.9166755,4,Refineries,15,refineries-light-liquid-fuel,3216.4,178,177,175,REF-SMR-MEA,REF(H2)-MEA,REF-SMR,0.622573543,0.231,0.208,0.17,0.0,0.0,678.4894344371378,682.5657872661224,704.4289424577778,47.98003797936,46.4356079639,44.0,630.5093964577778,636.1301793022224,660.4289424577778,3.4499999999999997,0.023,0.019,0.231,0.4144009225333334,0.4040080408666667,0.6181601225333334,C201
E1587,C690,690,ES,ES220,42.8837242,-2.1883366,2,Cement,8,cement,519.6644867,34,63,36,CEM2-(Afm)Oxy-MEA,EU-mix-2050,CEM2-(BMW),0.536074117,0.49818,0.485,0.501418443,0.0,0.0,69.07946884110001,69.18344591111111,104.71368770000001,18.088320381099997,12.345486,3.0,50.991148460000005,56.83795991111111,101.71368770000001,13.799999999999999,0.092,0.033971836,0.342,0.11191325199999999,0.05687816046263333,0.3516348,C202
E2174,C691,691,ES,ES220,42.1241018999999,-1.6685871,3,Glass,12,glass-float,240.0388016,164,170,169,(NG)-CC,(EL)-CC,(EL),0.580169919,0.487,0.14,0.052,0.0,0.0,250.42840994222226,260.07431572,277.62331572,83.46000000000001,66.228,58.0,166.96840994222225,193.84631572000004,219.62331572,2.4,0.016,0.006,0.182,0.08442004666666666,0.1873836,0.36231559999999996,C203
E1589,C693,693,ES,ES213,43.2060163,-2.7736143,2,Cement,8,cement,735.5318304,34,63,36,CEM2-(Afm)Oxy-MEA,EU-mix-2050,CEM2-(BMW),0.536074117,0.49818,0.485,0.501418443,0.0,0.0,69.07946884110001,69.18344591111111,104.71368770000001,18.088320381099997,12.345486,3.0,50.991148460000005,56.83795991111111,101.71368770000001,13.799999999999999,0.092,0.033971836,0.342,0.11191325199999999,0.05687816046263333,0.3516348,C204
E1590,C694,694,ES,ES212,43.2852499999999,-1.997108,2,Cement,8,cement,447.2083506,34,63,36,CEM2-(Afm)Oxy-MEA,EU-mix-2050,CEM2-(BMW),0.536074117,0.49818,0.485,0.501418443,0.0,0.0,69.07946884110001,69.18344591111111,104.71368770000001,18.088320381099997,12.345486,3.0,50.991148460000005,56.83795991111111,101.71368770000001,13.799999999999999,0.092,0.033971836,0.342,0.11191325199999999,0.05687816046263333,0.3516348,C205
E1591,C695,695,ES,ES213,43.2075122999999,-2.8860184,2,Cement,8,cement,526.3881195,34,63,36,CEM2-(Afm)Oxy-MEA,EU-mix-2050,CEM2-(BMW),0.536074117,0.49818,0.485,0.501418443,0.0,0.0,69.07946884110001,69.18344591111111,104.71368770000001,18.088320381099997,12.345486,3.0,50.991148460000005,56.83795991111111,101.71368770000001,13.799999999999999,0.092,0.033971836,0.342,0.11191325199999999,0.05687816046263333,0.3516348,C204
E77,C696,696,ES,ES213,43.3252533,-3.113108,4,Refineries,15,refineries-light-liquid-fuel,3216.4,178,177,175,REF-SMR-MEA,REF(H2)-MEA,REF-SMR,0.622573543,0.231,0.208,0.17,0.0,0.0,678.4894344371378,682.5657872661224,704.4289424577778,47.98003797936,46.4356079639,44.0,630.5093964577778,636.1301793022224,660.4289424577778,3.4499999999999997,0.023,0.019,0.231,0.4144009225333334,0.4040080408666667,0.6181601225333334,C204
E752,C698,698,ES,ES212,43.2514521,-2.0223881,1,Steel,2,steel-secondary,1346.641355,214,218,214,Scraps EAF,EU-mix-2050,Scraps EAF,0.143477203,0.04,0.0,0.0,0.0,0.0,531.9477585,531.9477585,531.9477585,18.0,18.0,18.0,513.9477585,513.9477585,513.9477585,6.0,0.04,0.04,0.04,0.0973878205,0.0973878205,0.0973878205,C205
E753,C699,699,ES,ES213,43.3140799999999,-3.0012865,1,Steel,2,steel-secondary,1099.299065,214,218,214,Scraps EAF,EU-mix-2050,Scraps EAF,0.143477203,0.04,0.0,0.0,0.0,0.0,531.9477585,531.9477585,531.9477585,18.0,18.0,18.0,513.9477585,513.9477585,513.9477585,6.0,0.04,0.04,0.04,0.0973878205,0.0973878205,0.0973878205,C204
E754,C700,700,ES,ES211,43.034584,-3.0031199,1,Steel,2,steel-secondary,82.44742991,214,218,214,Scraps EAF,EU-mix-2050,Scraps EAF,0.143477203,0.04,0.0,0.0,0.0,0.0,531.9477585,531.9477585,531.9477585,18.0,18.0,18.0,513.9477585,513.9477585,513.9477585,6.0,0.04,0.04,0.04,0.0973878205,0.0973878205,0.0973878205,C204
E755,C701,701,ES,ES213,43.2963673,-2.9106878,1,Steel,2,steel-secondary,71.45443925,214,218,214,Scraps EAF,EU-mix-2050,Scraps EAF,0.143477203,0.04,0.0,0.0,0.0,0.0,531.9477585,531.9477585,531.9477585,18.0,18.0,18.0,513.9477585,513.9477585,513.9477585,6.0,0.04,0.04,0.04,0.0973878205,0.0973878205,0.0973878205,C204
E756,C702,702,ES,ES213,43.3086625999999,-3.0269521,1,Steel,2,steel-secondary,604.614486,214,218,214,Scraps EAF,EU-mix-2050,Scraps EAF,0.143477203,0.04,0.0,0.0,0.0,0.0,531.9477585,531.9477585,531.9477585,18.0,18.0,18.0,513.9477585,513.9477585,513.9477585,6.0,0.04,0.04,0.04,0.0973878205,0.0973878205,0.0973878205,C204
E757,C703,703,ES,ES213,43.2982593999999,-3.0131398,1,Steel,2,steel-secondary,219.8598131,214,218,214,Scraps EAF,EU-mix-2050,Scraps EAF,0.143477203,0.04,0.0,0.0,0.0,0.0,531.9477585,531.9477585,531.9477585,18.0,18.0,18.0,513.9477585,513.9477585,513.9477585,6.0,0.04,0.04,0.04,0.0973878205,0.0973878205,0.0973878205,C204
E758,C704,704,ES,ES213,43.2288633,-2.8866443,1,Steel,2,steel-secondary,406.7406542,214,218,214,Scraps EAF,EU-mix-2050,Scraps EAF,0.143477203,0.04,0.0,0.0,0.0,0.0,531.9477585,531.9477585,531.9477585,18.0,18.0,18.0,513.9477585,513.9477585,513.9477585,6.0,0.04,0.04,0.04,0.0973878205,0.0973878205,0.0973878205,C204
E759,C705,705,ES,ES211,43.0647195999999,-2.9966658,1,Steel,2,steel-secondary,197.8738318,214,218,214,Scraps EAF,EU-mix-2050,Scraps EAF,0.143477203,0.04,0.0,0.0,0.0,0.0,531.9477585,531.9477585,531.9477585,18.0,18.0,18.0,513.9477585,513.9477585,513.9477585,6.0,0.04,0.04,0.04,0.0973878205,0.0973878205,0.0973878205,C204
E2178,C706,706,ES,ES211,43.1470843999999,-2.9530762,3,Glass,12,glass-float,211.1134578,164,170,169,(NG)-CC,(EL)-CC,(EL),0.580169919,0.487,0.14,0.052,0.0,0.0,250.42840994222226,260.07431572,277.62331572,83.46000000000001,66.228,58.0,166.96840994222225,193.84631572000004,219.62331572,2.4,0.016,0.006,0.182,0.08442004666666666,0.1873836,0.36231559999999996,C204
E2043,C707,707,ES,ES211,43.1468811,-2.9501032,3,Glass,11,glass-container,327.179782,140,146,145,(NG)-CC,(EL)-CC,(EL),0.44358809,0.338,0.097,0.021,0.0,0.0,251.80920304444447,260.61025659999996,267.09275660000003,68.483,53.919,50.0,183.32620304444447,206.6912566,217.09275660000003,1.6499999999999997,0.011,0.002,0.073,0.08259808833333333,0.1719824,0.2425564,C204
E2108,C708,708,ES,ES213,43.3213157,-3.0053789,3,Glass,11,glass-container,74.8150185,140,146,145,(NG)-CC,(EL)-CC,(EL),0.44358809,0.338,0.097,0.021,0.0,0.0,251.80920304444447,260.61025659999996,267.09275660000003,68.483,53.919,50.0,183.32620304444447,206.6912566,217.09275660000003,1.6499999999999997,0.011,0.002,0.073,0.08259808833333333,0.1719824,0.2425564,C204
E1592,C710,710,ES,ES431,38.3786209,-6.4828488,2,Cement,8,cement,570.1615408,34,63,36,CEM2-(Afm)Oxy-MEA,EU-mix-2050,CEM2-(BMW),0.536074117,0.49818,0.485,0.501418443,0.0,0.0,69.07946884110001,69.18344591111111,104.71368770000001,18.088320381099997,12.345486,3.0,50.991148460000005,56.83795991111111,101.71368770000001,13.799999999999999,0.092,0.033971836,0.342,0.11191325199999999,0.05687816046263333,0.3516348,C206
E1895,C711,711,ES,ES615,37.2288941999999,-6.8954258,6,Chemical,20,chemical-PEA,1600.0,74,77,77,(NG)PEA-MEA,(EL)PEA,(EL)PEA,0.600555118,0.459,0.443,0.0,0.0,0.0,1250.9949502544825,1272.57565,1272.57565,120.499307810038,111.0,111.0,1130.4956424444445,1161.57565,1161.57565,7.35,0.049,0.0,0.0,0.16401245333333336,0.284634,0.284634,C167
E2330,C712,712,ES,ES612,36.2017151,-5.4142446,6,Chemical,19,chemical-olefins,43.56271,83,82,82,(LN)O-MEA,(LN)O,(LN)O,1.348312693,0.967,1.002,0.0,0.0,0.0,730.4031431035622,746.908569,746.908569,106.49401988134,55.0,55.0,623.9091232222222,691.908569,691.908569,16.65,0.111,0.967,0.967,0.5322865194666667,1.3156651228,1.3156651228,C196
E2468,C712,712,ES,ES612,36.2017151,-5.4142446,6,Chemical,20,chemical-PEA,43.406178,74,77,77,(NG)PEA-MEA,(EL)PEA,(EL)PEA,0.600555118,0.459,0.443,0.0,0.0,0.0,1250.9949502544825,1272.57565,1272.57565,120.499307810038,111.0,111.0,1130.4956424444445,1161.57565,1161.57565,7.35,0.049,0.0,0.0,0.16401245333333336,0.284634,0.284634,C196
E2595,C712,712,ES,ES612,36.2017151,-5.4142446,6,Chemical,21,chemical-PE,47.165769,65,68,68,(NG)PE-MEA,(EL)PE,(EL)PE,0.050040025,0.016,0.015,0.0,0.0,0.0,1000.7329960451451,1001.8245000000001,1001.8245000000001,37.033860045145,37.0,37.0,963.6991360000001,964.8245000000001,964.8245000000001,0.3,0.002,0.0,0.0,0.02090579,0.024953999999999997,0.024953999999999997,C196
E1894,C713,713,ES,ES612,36.1811811999999,-5.3857755,6,Chemical,21,chemical-PE,600.0,65,68,68,(NG)PE-MEA,(EL)PE,(EL)PE,0.050040025,0.016,0.015,0.0,0.0,0.0,1000.7329960451451,1001.8245000000001,1001.8245000000001,37.033860045145,37.0,37.0,963.6991360000001,964.8245000000001,964.8245000000001,0.3,0.002,0.0,0.0,0.02090579,0.024953999999999997,0.024953999999999997,C196
E1593,C714,714,ES,ES612,36.666609,-6.115514,2,Cement,8,cement,674.4306986,34,63,36,CEM2-(Afm)Oxy-MEA,EU-mix-2050,CEM2-(BMW),0.536074117,0.49818,0.485,0.501418443,0.0,0.0,69.07946884110001,69.18344591111111,104.71368770000001,18.088320381099997,12.345486,3.0,50.991148460000005,56.83795991111111,101.71368770000001,13.799999999999999,0.092,0.033971836,0.342,0.11191325199999999,0.05687816046263333,0.3516348,C207
E760,C715,715,ES,ES431,38.3272424999999,-6.7684955,1,Steel,2,steel-secondary,714.5443925,214,218,214,Scraps EAF,EU-mix-2050,Scraps EAF,0.143477203,0.04,0.0,0.0,0.0,0.0,531.9477585,531.9477585,531.9477585,18.0,18.0,18.0,513.9477585,513.9477585,513.9477585,6.0,0.04,0.04,0.04,0.0973878205,0.0973878205,0.0973878205,C208
E2331,C716,716,ES,ES422,38.6767747999999,-4.0610804,6,Chemical,19,chemical-olefins,102.0,83,82,82,(LN)O-MEA,(LN)O,(LN)O,1.348312693,0.967,1.002,0.0,0.0,0.0,730.4031431035622,746.908569,746.908569,106.49401988134,55.0,55.0,623.9091232222222,691.908569,691.908569,16.65,0.111,0.967,0.967,0.5322865194666667,1.3156651228,1.3156651228,C168
E2469,C716,716,ES,ES422,38.6767747999999,-4.0610804,6,Chemical,20,chemical-PEA,43.406178,74,77,77,(NG)PEA-MEA,(EL)PEA,(EL)PEA,0.600555118,0.459,0.443,0.0,0.0,0.0,1250.9949502544825,1272.57565,1272.57565,120.499307810038,111.0,111.0,1130.4956424444445,1161.57565,1161.57565,7.35,0.049,0.0,0.0,0.16401245333333336,0.284634,0.284634,C168
E2596,C716,716,ES,ES422,38.6767747999999,-4.0610804,6,Chemical,21,chemical-PE,47.165769,65,68,68,(NG)PE-MEA,(EL)PE,(EL)PE,0.050040025,0.016,0.015,0.0,0.0,0.0,1000.7329960451451,1001.8245000000001,1001.8245000000001,37.033860045145,37.0,37.0,963.6991360000001,964.8245000000001,964.8245000000001,0.3,0.002,0.0,0.0,0.02090579,0.024953999999999997,0.024953999999999997,C168
E3012,C716,716,ES,ES422,38.6767747999999,-4.0610804,6,Chemical,19,chemical-olefins,52.54545455,83,82,82,(LN)O-MEA,(LN)O,(LN)O,1.348312693,0.967,1.002,0.0,0.0,0.0,730.4031431035622,746.908569,746.908569,106.49401988134,55.0,55.0,623.9091232222222,691.908569,691.908569,16.65,0.111,0.967,0.967,0.5322865194666667,1.3156651228,1.3156651228,C168
E3013,C716,716,ES,ES422,38.6767747999999,-4.0610804,6,Chemical,19,chemical-olefins,154.5454545,83,82,82,(LN)O-MEA,(LN)O,(LN)O,1.348312693,0.967,1.002,0.0,0.0,0.0,730.4031431035622,746.908569,746.908569,106.49401988134,55.0,55.0,623.9091232222222,691.908569,691.908569,16.65,0.111,0.967,0.967,0.5322865194666667,1.3156651228,1.3156651228,C168
E2332,C717,717,ES,ES514,41.1052500999999,1.1608277,6,Chemical,19,chemical-olefins,43.56271,83,82,82,(LN)O-MEA,(LN)O,(LN)O,1.348312693,0.967,1.002,0.0,0.0,0.0,730.4031431035622,746.908569,746.908569,106.49401988134,55.0,55.0,623.9091232222222,691.908569,691.908569,16.65,0.111,0.967,0.967,0.5322865194666667,1.3156651228,1.3156651228,C189
E2470,C717,717,ES,ES514,41.1052500999999,1.1608277,6,Chemical,20,chemical-PEA,43.406178,74,77,77,(NG)PEA-MEA,(EL)PEA,(EL)PEA,0.600555118,0.459,0.443,0.0,0.0,0.0,1250.9949502544825,1272.57565,1272.57565,120.499307810038,111.0,111.0,1130.4956424444445,1161.57565,1161.57565,7.35,0.049,0.0,0.0,0.16401245333333336,0.284634,0.284634,C189
E2597,C717,717,ES,ES514,41.1052500999999,1.1608277,6,Chemical,21,chemical-PE,47.165769,65,68,68,(NG)PE-MEA,(EL)PE,(EL)PE,0.050040025,0.016,0.015,0.0,0.0,0.0,1000.7329960451451,1001.8245000000001,1001.8245000000001,37.033860045145,37.0,37.0,963.6991360000001,964.8245000000001,964.8245000000001,0.3,0.002,0.0,0.0,0.02090579,0.024953999999999997,0.024953999999999997,C189
E2431,C718,718,ES,ES514,41.1102855,1.1911355,6,Chemical,20,chemical-PEA,43.406178,74,77,77,(NG)PEA-MEA,(EL)PEA,(EL)PEA,0.600555118,0.459,0.443,0.0,0.0,0.0,1250.9949502544825,1272.57565,1272.57565,120.499307810038,111.0,111.0,1130.4956424444445,1161.57565,1161.57565,7.35,0.049,0.0,0.0,0.16401245333333336,0.284634,0.284634,C189
E2271,C719,719,ES,ES523,39.647447,-0.2246494,5,Fertilisers,18,fertiliser-nitric-acid,220.79999999999998,117,118,117,(BM)HNO3,(BM)HNO3-DEA,(BM)HNO3,0.455609314,0.409,0.0,0.736,0.0,0.736,97.43214512,105.90694141568,97.43214512,30.0,38.47479629568,30.0,67.43214512,67.43214512,67.43214512,0.0,0.0,-0.736,0.0,0.0,-0.736,0.0,C192
E2333,C720,720,ES,ES523,39.3238266999999,-0.4086564,6,Chemical,19,chemical-olefins,43.56271,83,82,82,(LN)O-MEA,(LN)O,(LN)O,1.348312693,0.967,1.002,0.0,0.0,0.0,730.4031431035622,746.908569,746.908569,106.49401988134,55.0,55.0,623.9091232222222,691.908569,691.908569,16.65,0.111,0.967,0.967,0.5322865194666667,1.3156651228,1.3156651228,C209
E2471,C720,720,ES,ES523,39.3238266999999,-0.4086564,6,Chemical,20,chemical-PEA,43.406178,74,77,77,(NG)PEA-MEA,(EL)PEA,(EL)PEA,0.600555118,0.459,0.443,0.0,0.0,0.0,1250.9949502544825,1272.57565,1272.57565,120.499307810038,111.0,111.0,1130.4956424444445,1161.57565,1161.57565,7.35,0.049,0.0,0.0,0.16401245333333336,0.284634,0.284634,C209
E2598,C720,720,ES,ES523,39.3238266999999,-0.4086564,6,Chemical,21,chemical-PE,47.165769,65,68,68,(NG)PE-MEA,(EL)PE,(EL)PE,0.050040025,0.016,0.015,0.0,0.0,0.0,1000.7329960451451,1001.8245000000001,1001.8245000000001,37.033860045145,37.0,37.0,963.6991360000001,964.8245000000001,964.8245000000001,0.3,0.002,0.0,0.0,0.02090579,0.024953999999999997,0.024953999999999997,C209
E2282,C725,725,FI,FI1D2,63.0973419,27.732433,5,Fertilisers,18,fertiliser-nitric-acid,138.0,117,118,117,(BM)HNO3,(BM)HNO3-DEA,(BM)HNO3,0.455609314,0.409,0.0,0.736,0.0,0.736,97.43214512,105.90694141568,97.43214512,30.0,38.47479629568,30.0,67.43214512,67.43214512,67.43214512,0.0,0.0,-0.736,0.0,0.0,-0.736,0.0,C210
E2334,C726,726,FI,FI1D9,65.0120888,25.4650772,6,Chemical,19,chemical-olefins,43.56271,83,82,82,(LN)O-MEA,(LN)O,(LN)O,1.348312693,0.967,1.002,0.0,0.0,0.0,730.4031431035622,746.908569,746.908569,106.49401988134,55.0,55.0,623.9091232222222,691.908569,691.908569,16.65,0.111,0.967,0.967,0.5322865194666667,1.3156651228,1.3156651228,C211
E2472,C726,726,FI,FI1D9,65.0120888,25.4650772,6,Chemical,20,chemical-PEA,43.406178,74,77,77,(NG)PEA-MEA,(EL)PEA,(EL)PEA,0.600555118,0.459,0.443,0.0,0.0,0.0,1250.9949502544825,1272.57565,1272.57565,120.499307810038,111.0,111.0,1130.4956424444445,1161.57565,1161.57565,7.35,0.049,0.0,0.0,0.16401245333333336,0.284634,0.284634,C211
E2599,C726,726,FI,FI1D9,65.0120888,25.4650772,6,Chemical,21,chemical-PE,47.165769,65,68,68,(NG)PE-MEA,(EL)PE,(EL)PE,0.050040025,0.016,0.015,0.0,0.0,0.0,1000.7329960451451,1001.8245000000001,1001.8245000000001,37.033860045145,37.0,37.0,963.6991360000001,964.8245000000001,964.8245000000001,0.3,0.002,0.0,0.0,0.02090579,0.024953999999999997,0.024953999999999997,C211
E2112,C728,728,FI,FI1C5,60.9181625,27.5380404,3,Glass,11,glass-container,69.7096957,140,146,145,(NG)-CC,(EL)-CC,(EL),0.44358809,0.338,0.097,0.021,0.0,0.0,251.80920304444447,260.61025659999996,267.09275660000003,68.483,53.919,50.0,183.32620304444447,206.6912566,217.09275660000003,1.6499999999999997,0.011,0.002,0.073,0.08259808833333333,0.1719824,0.2425564,C212
E2212,C729,729,FI,FI1C2,60.8082466999999,23.6014576,3,Glass,13,glass-fibre,6.746980676,158,152,157,(EL)-CC,(NG)-CC,(EL),0.827356012,0.634,0.066,0.183,0.0,0.0,328.847314,329.405778,350.893514,81.174,109.437,71.0,247.673314,219.968778,279.893514,1.05,0.007,0.02,0.227,0.2712316,0.14762786,0.48989479999999996,C213
E2213,C730,730,FI,FI1B1,60.6299525,24.8580797,3,Glass,13,glass-fibre,24.64251208,158,152,157,(EL)-CC,(NG)-CC,(EL),0.827356012,0.634,0.066,0.183,0.0,0.0,328.847314,329.405778,350.893514,81.174,109.437,71.0,247.673314,219.968778,279.893514,1.05,0.007,0.02,0.227,0.2712316,0.14762786,0.48989479999999996,C214
E762,C731,731,FI,FI1C5,61.1543718,28.8018494999999,1,Steel,2,steel-secondary,292.7710843,214,218,214,Scraps EAF,EU-mix-2050,Scraps EAF,0.143477203,0.04,0.0,0.0,0.0,0.0,531.9477585,531.9477585,531.9477585,18.0,18.0,18.0,513.9477585,513.9477585,513.9477585,6.0,0.04,0.04,0.04,0.0973878205,0.0973878205,0.0973878205,C215
E763,C732,732,FI,FI1D7,65.8517444999999,24.1533659999999,1,Steel,2,steel-secondary,1057.228916,214,218,214,Scraps EAF,EU-mix-2050,Scraps EAF,0.143477203,0.04,0.0,0.0,0.0,0.0,531.9477585,531.9477585,531.9477585,18.0,18.0,18.0,513.9477585,513.9477585,513.9477585,6.0,0.04,0.04,0.04,0.0973878205,0.0973878205,0.0973878205,C216
E764,C733,733,FI,FI1D9,64.6576950999999,24.4311535999999,1,Steel,1,steel-primary,2600.0,204,203,203,(NG)DRI-EAF-MEA,(NG)DRI-EAF,(NG)DRI-EAF,2.36399401,2.002,0.586,0.0,0.0,0.0,435.4523586444444,502.38245864444445,502.38245864444445,46.0,32.0,32.0,389.4523586444444,470.38245864444445,470.38245864444445,9.75,0.065,0.651,0.651,0.20736103233333333,0.7814126323333334,0.7814126323333334,C217
E1597,C734,734,FI,FI1C5,61.0395861,28.1804473999999,2,Cement,8,cement,547.6787033,34,63,36,CEM2-(Afm)Oxy-MEA,EU-mix-2050,CEM2-(BMW),0.536074117,0.49818,0.485,0.501418443,0.0,0.0,69.07946884110001,69.18344591111111,104.71368770000001,18.088320381099997,12.345486,3.0,50.991148460000005,56.83795991111111,101.71368770000001,13.799999999999999,0.092,0.033971836,0.342,0.11191325199999999,0.05687816046263333,0.3516348,C218
E1598,C735,735,FI,FI1C1,60.286259,22.2843504,2,Cement,8,cement,831.0643673,34,63,36,CEM2-(Afm)Oxy-MEA,EU-mix-2050,CEM2-(BMW),0.536074117,0.49818,0.485,0.501418443,0.0,0.0,69.07946884110001,69.18344591111111,104.71368770000001,18.088320381099997,12.345486,3.0,50.991148460000005,56.83795991111111,101.71368770000001,13.799999999999999,0.092,0.033971836,0.342,0.11191325199999999,0.05687816046263333,0.3516348,C219
E80,C738,738,FI,FI1B1,60.3931918999999,25.6652738999999,4,Refineries,15,refineries-light-liquid-fuel,3011.72,178,177,175,REF-SMR-MEA,REF(H2)-MEA,REF-SMR,0.622573543,0.231,0.208,0.17,0.0,0.0,678.4894344371378,682.5657872661224,704.4289424577778,47.98003797936,46.4356079639,44.0,630.5093964577778,636.1301793022224,660.4289424577778,3.4499999999999997,0.023,0.019,0.231,0.4144009225333334,0.4040080408666667,0.6181601225333334,C220
E81,C738,738,FI,FI1B1,60.3931918999999,25.6652738999999,6,Chemical,19,chemical-olefins,400.0,83,82,82,(LN)O-MEA,(LN)O,(LN)O,1.348312693,0.967,1.002,0.0,0.0,0.0,730.4031431035622,746.908569,746.908569,106.49401988134,55.0,55.0,623.9091232222222,691.908569,691.908569,16.65,0.111,0.967,0.967,0.5322865194666667,1.3156651228,1.3156651228,C220
E82,C738,738,FI,FI1B1,60.3931918999999,25.6652738999999,6,Chemical,19,chemical-olefins,206.0606061,83,82,82,(LN)O-MEA,(LN)O,(LN)O,1.348312693,0.967,1.002,0.0,0.0,0.0,730.4031431035622,746.908569,746.908569,106.49401988134,55.0,55.0,623.9091232222222,691.908569,691.908569,16.65,0.111,0.967,0.967,0.5322865194666667,1.3156651228,1.3156651228,C220
E83,C738,738,FI,FI1B1,60.3931918999999,25.6652738999999,6,Chemical,19,chemical-olefins,606.0606061,83,82,82,(LN)O-MEA,(LN)O,(LN)O,1.348312693,0.967,1.002,0.0,0.0,0.0,730.4031431035622,746.908569,746.908569,106.49401988134,55.0,55.0,623.9091232222222,691.908569,691.908569,16.65,0.111,0.967,0.967,0.5322865194666667,1.3156651228,1.3156651228,C220
E765,C741,741,FR,FRI13,43.5323410999999,-1.4956564,1,Steel,2,steel-secondary,830.2702703,214,218,214,Scraps EAF,EU-mix-2050,Scraps EAF,0.143477203,0.04,0.0,0.0,0.0,0.0,531.9477585,531.9477585,531.9477585,18.0,18.0,18.0,513.9477585,513.9477585,513.9477585,6.0,0.04,0.04,0.04,0.0973878205,0.0973878205,0.0973878205,C221
E1889,C742,742,FR,FRE11,51.030968,2.3053659,6,Chemical,19,chemical-olefins,380.0,83,82,82,(LN)O-MEA,(LN)O,(LN)O,1.348312693,0.967,1.002,0.0,0.0,0.0,730.4031431035622,746.908569,746.908569,106.49401988134,55.0,55.0,623.9091232222222,691.908569,691.908569,16.65,0.111,0.967,0.967,0.5322865194666667,1.3156651228,1.3156651228,C222
E2307,C742,742,FR,FRE11,51.030968,2.3053659,6,Chemical,19,chemical-olefins,475.0,83,82,82,(LN)O-MEA,(LN)O,(LN)O,1.348312693,0.967,1.002,0.0,0.0,0.0,730.4031431035622,746.908569,746.908569,106.49401988134,55.0,55.0,623.9091232222222,691.908569,691.908569,16.65,0.111,0.967,0.967,0.5322865194666667,1.3156651228,1.3156651228,C222
E2120,C744,744,FR,FRE11,50.1147956,3.2079246,3,Glass,11,glass-container,53.64296904,140,146,145,(NG)-CC,(EL)-CC,(EL),0.44358809,0.338,0.097,0.021,0.0,0.0,251.80920304444447,260.61025659999996,267.09275660000003,68.483,53.919,50.0,183.32620304444447,206.6912566,217.09275660000003,1.6499999999999997,0.011,0.002,0.073,0.08259808833333333,0.1719824,0.2425564,C223
E1601,C745,745,FR,FRI33,46.8112793999999,-0.1358395,2,Cement,8,cement,820.2607261,34,63,36,CEM2-(Afm)Oxy-MEA,EU-mix-2050,CEM2-(BMW),0.536074117,0.49818,0.485,0.501418443,0.0,0.0,69.07946884110001,69.18344591111111,104.71368770000001,18.088320381099997,12.345486,3.0,50.991148460000005,56.83795991111111,101.71368770000001,13.799999999999999,0.092,0.033971836,0.342,0.11191325199999999,0.05687816046263333,0.3516348,C224
E1969,C746,746,FR,FRI31,45.6824372,-0.3252204,3,Glass,11,glass-container,381.5793421,140,146,145,(NG)-CC,(EL)-CC,(EL),0.44358809,0.338,0.097,0.021,0.0,0.0,251.80920304444447,260.61025659999996,267.09275660000003,68.483,53.919,50.0,183.32620304444447,206.6912566,217.09275660000003,1.6499999999999997,0.011,0.002,0.073,0.08259808833333333,0.1719824,0.2425564,C225
E1602,C747,747,FR,FRI32,45.2244846999999,-0.367415,2,Cement,8,cement,662.1342753,34,63,36,CEM2-(Afm)Oxy-MEA,EU-mix-2050,CEM2-(BMW),0.536074117,0.49818,0.485,0.501418443,0.0,0.0,69.07946884110001,69.18344591111111,104.71368770000001,18.088320381099997,12.345486,3.0,50.991148460000005,56.83795991111111,101.71368770000001,13.799999999999999,0.092,0.033971836,0.342,0.11191325199999999,0.05687816046263333,0.3516348,C226
E2123,C749,749,FR,FRB03,46.7993011,1.7292056,3,Glass,11,glass-container,46.63533647,140,146,145,(NG)-CC,(EL)-CC,(EL),0.44358809,0.338,0.097,0.021,0.0,0.0,251.80920304444447,260.61025659999996,267.09275660000003,68.483,53.919,50.0,183.32620304444447,206.6912566,217.09275660000003,1.6499999999999997,0.011,0.002,0.073,0.08259808833333333,0.1719824,0.2425564,C227
E1604,C750,750,FR,FRB04,47.5877501,0.3293217,2,Cement,8,cement,377.5240173,34,63,36,CEM2-(Afm)Oxy-MEA,EU-mix-2050,CEM2-(BMW),0.536074117,0.49818,0.485,0.501418443,0.0,0.0,69.07946884110001,69.18344591111111,104.71368770000001,18.088320381099997,12.345486,3.0,50.991148460000005,56.83795991111111,101.71368770000001,13.799999999999999,0.092,0.033971836,0.342,0.11191325199999999,0.05687816046263333,0.3516348,C228
E2109,C751,751,FR,FRB06,47.8958664,1.8255187,3,Glass,11,glass-container,86.93547312,140,146,145,(NG)-CC,(EL)-CC,(EL),0.44358809,0.338,0.097,0.021,0.0,0.0,251.80920304444447,260.61025659999996,267.09275660000003,68.483,53.919,50.0,183.32620304444447,206.6912566,217.09275660000003,1.6499999999999997,0.011,0.002,0.073,0.08259808833333333,0.1719824,0.2425564,C229
E1605,C752,752,FR,FRB01,47.0831668,3.0022846,2,Cement,8,cement,526.1487222,34,63,36,CEM2-(Afm)Oxy-MEA,EU-mix-2050,CEM2-(BMW),0.536074117,0.49818,0.485,0.501418443,0.0,0.0,69.07946884110001,69.18344591111111,104.71368770000001,18.088320381099997,12.345486,3.0,50.991148460000005,56.83795991111111,101.71368770000001,13.799999999999999,0.092,0.033971836,0.342,0.11191325199999999,0.05687816046263333,0.3516348,C230
E84,C754,754,FR,FRY20,14.6111179,-61.0323143,4,Refineries,15,refineries-light-liquid-fuel,263.15999999999997,178,177,175,REF-SMR-MEA,REF(H2)-MEA,REF-SMR,0.622573543,0.231,0.208,0.17,0.0,0.0,678.4894344371378,682.5657872661224,704.4289424577778,47.98003797936,46.4356079639,44.0,630.5093964577778,636.1301793022224,660.4289424577778,3.4499999999999997,0.023,0.019,0.231,0.4144009225333334,0.4040080408666667,0.6181601225333334,C231
E2203,C755,755,FR,FRJ26,43.0954255999999,0.3839812,3,Glass,13,glass-fibre,77.59178744,158,152,157,(EL)-CC,(NG)-CC,(EL),0.827356012,0.634,0.066,0.183,0.0,0.0,328.847314,329.405778,350.893514,81.174,109.437,71.0,247.673314,219.968778,279.893514,1.05,0.007,0.02,0.227,0.2712316,0.14762786,0.48989479999999996,C232
E2335,C756,756,FR,FRI33,46.2188923,-0.1339988,6,Chemical,19,chemical-olefins,43.56271,83,82,82,(LN)O-MEA,(LN)O,(LN)O,1.348312693,0.967,1.002,0.0,0.0,0.0,730.4031431035622,746.908569,746.908569,106.49401988134,55.0,55.0,623.9091232222222,691.908569,691.908569,16.65,0.111,0.967,0.967,0.5322865194666667,1.3156651228,1.3156651228,C233
E2473,C756,756,FR,FRI33,46.2188923,-0.1339988,6,Chemical,20,chemical-PEA,43.406178,74,77,77,(NG)PEA-MEA,(EL)PEA,(EL)PEA,0.600555118,0.459,0.443,0.0,0.0,0.0,1250.9949502544825,1272.57565,1272.57565,120.499307810038,111.0,111.0,1130.4956424444445,1161.57565,1161.57565,7.35,0.049,0.0,0.0,0.16401245333333336,0.284634,0.284634,C233
E2600,C756,756,FR,FRI33,46.2188923,-0.1339988,6,Chemical,21,chemical-PE,47.165769,65,68,68,(NG)PE-MEA,(EL)PE,(EL)PE,0.050040025,0.016,0.015,0.0,0.0,0.0,1000.7329960451451,1001.8245000000001,1001.8245000000001,37.033860045145,37.0,37.0,963.6991360000001,964.8245000000001,964.8245000000001,0.3,0.002,0.0,0.0,0.02090579,0.024953999999999997,0.024953999999999997,C233
E1607,C757,757,FR,FRD11,49.2225504999999,-0.2736807,2,Cement,8,cement,450.5796325,34,63,36,CEM2-(Afm)Oxy-MEA,EU-mix-2050,CEM2-(BMW),0.536074117,0.49818,0.485,0.501418443,0.0,0.0,69.07946884110001,69.18344591111111,104.71368770000001,18.088320381099997,12.345486,3.0,50.991148460000005,56.83795991111111,101.71368770000001,13.799999999999999,0.092,0.033971836,0.342,0.11191325199999999,0.05687816046263333,0.3516348,C234
E767,C758,758,FR,FRC13,46.8042003999999,4.4274759,1,Steel,2,steel-secondary,103.7837838,214,218,214,Scraps EAF,EU-mix-2050,Scraps EAF,0.143477203,0.04,0.0,0.0,0.0,0.0,531.9477585,531.9477585,531.9477585,18.0,18.0,18.0,513.9477585,513.9477585,513.9477585,6.0,0.04,0.04,0.04,0.0973878205,0.0973878205,0.0973878205,C235
E1968,C759,759,FR,FRC13,46.8012969999999,4.8425782,3,Glass,11,glass-container,479.9570043,140,146,145,(NG)-CC,(EL)-CC,(EL),0.44358809,0.338,0.097,0.021,0.0,0.0,251.80920304444447,260.61025659999996,267.09275660000003,68.483,53.919,50.0,183.32620304444447,206.6912566,217.09275660000003,1.6499999999999997,0.011,0.002,0.073,0.08259808833333333,0.1719824,0.2425564,C236
E768,C760,760,FR,FRC12,46.9353741999999,3.2550957,1,Steel,2,steel-secondary,62.27027027,214,218,214,Scraps EAF,EU-mix-2050,Scraps EAF,0.143477203,0.04,0.0,0.0,0.0,0.0,531.9477585,531.9477585,531.9477585,18.0,18.0,18.0,513.9477585,513.9477585,513.9477585,6.0,0.04,0.04,0.04,0.0973878205,0.0973878205,0.0973878205,C237
E2336,C763,763,FR,FRI15,43.4104749999999,-0.650587,6,Chemical,19,chemical-olefins,43.56271,83,82,82,(LN)O-MEA,(LN)O,(LN)O,1.348312693,0.967,1.002,0.0,0.0,0.0,730.4031431035622,746.908569,746.908569,106.49401988134,55.0,55.0,623.9091232222222,691.908569,691.908569,16.65,0.111,0.967,0.967,0.5322865194666667,1.3156651228,1.3156651228,C238
E2474,C763,763,FR,FRI15,43.4104749999999,-0.650587,6,Chemical,20,chemical-PEA,43.406178,74,77,77,(NG)PEA-MEA,(EL)PEA,(EL)PEA,0.600555118,0.459,0.443,0.0,0.0,0.0,1250.9949502544825,1272.57565,1272.57565,120.499307810038,111.0,111.0,1130.4956424444445,1161.57565,1161.57565,7.35,0.049,0.0,0.0,0.16401245333333336,0.284634,0.284634,C238
E2601,C763,763,FR,FRI15,43.4104749999999,-0.650587,6,Chemical,21,chemical-PE,47.165769,65,68,68,(NG)PE-MEA,(EL)PE,(EL)PE,0.050040025,0.016,0.015,0.0,0.0,0.0,1000.7329960451451,1001.8245000000001,1001.8245000000001,37.033860045145,37.0,37.0,963.6991360000001,964.8245000000001,964.8245000000001,0.3,0.002,0.0,0.0,0.02090579,0.024953999999999997,0.024953999999999997,C238
E2252,C764,764,FR,FRD22,49.4195490999999,1.0323546,5,Fertilisers,18,fertiliser-ammonia,276.0,105,107,107,(NG)NH3-MVR-DEA,(BM)NH3,(BM)NH3,2.07811468,1.742,1.42,0.0,0.0,0.0,482.6432713651555,490.9891,490.9891,120.3508298096,170.0,170.0,362.2924415555555,320.9891,320.9891,30.3,0.202,0.0,0.0,0.46096393166666666,0.1487316,0.1487316,C239
E2253,C764,764,FR,FRD22,49.4195490999999,1.0323546,5,Fertilisers,18,fertiliser-nitric-acid,621.0,117,118,117,(BM)HNO3,(BM)HNO3-DEA,(BM)HNO3,0.455609314,0.409,0.0,0.736,0.0,0.736,97.43214512,105.90694141568,97.43214512,30.0,38.47479629568,30.0,67.43214512,67.43214512,67.43214512,0.0,0.0,-0.736,0.0,0.0,-0.736,0.0,C239
E2246,C765,765,FR,FR102,48.610984,2.888184,5,Fertilisers,18,fertiliser-ammonia,302.90999999999997,105,107,107,(NG)NH3-MVR-DEA,(BM)NH3,(BM)NH3,2.07811468,1.742,1.42,0.0,0.0,0.0,482.6432713651555,490.9891,490.9891,120.3508298096,170.0,170.0,362.2924415555555,320.9891,320.9891,30.3,0.202,0.0,0.0,0.46096393166666666,0.1487316,0.1487316,C240
E2247,C765,765,FR,FR102,48.610984,2.888184,5,Fertilisers,18,fertiliser-nitric-acid,276.0,117,118,117,(BM)HNO3,(BM)HNO3-DEA,(BM)HNO3,0.455609314,0.409,0.0,0.736,0.0,0.736,97.43214512,105.90694141568,97.43214512,30.0,38.47479629568,30.0,67.43214512,67.43214512,67.43214512,0.0,0.0,-0.736,0.0,0.0,-0.736,0.0,C240
E4033,C765,765,FR,FR102,48.610984,2.888184,5,Fertilisers,18,fertiliser-urea,276.0,130,131,130,(BM)Urea,(BM)Urea-DEA,(BM)Urea,0.345423371,0.186,0.0,1.451,0.0,1.451,195.9229408,212.63072534488,195.9229408,11.0,27.707784544880003,11.0,184.9229408,184.9229408,184.9229408,0.0,0.0,-1.451,0.0,0.0578748,-1.3931252,0.0578748,C240
E2337,C768,768,FR,FRI15,43.4065078,-0.6248192,6,Chemical,19,chemical-olefins,43.56271,83,82,82,(LN)O-MEA,(LN)O,(LN)O,1.348312693,0.967,1.002,0.0,0.0,0.0,730.4031431035622,746.908569,746.908569,106.49401988134,55.0,55.0,623.9091232222222,691.908569,691.908569,16.65,0.111,0.967,0.967,0.5322865194666667,1.3156651228,1.3156651228,C238
E2475,C768,768,FR,FRI15,43.4065078,-0.6248192,6,Chemical,20,chemical-PEA,43.406178,74,77,77,(NG)PEA-MEA,(EL)PEA,(EL)PEA,0.600555118,0.459,0.443,0.0,0.0,0.0,1250.9949502544825,1272.57565,1272.57565,120.499307810038,111.0,111.0,1130.4956424444445,1161.57565,1161.57565,7.35,0.049,0.0,0.0,0.16401245333333336,0.284634,0.284634,C238
E2602,C768,768,FR,FRI15,43.4065078,-0.6248192,6,Chemical,21,chemical-PE,47.165769,65,68,68,(NG)PE-MEA,(EL)PE,(EL)PE,0.050040025,0.016,0.015,0.0,0.0,0.0,1000.7329960451451,1001.8245000000001,1001.8245000000001,37.033860045145,37.0,37.0,963.6991360000001,964.8245000000001,964.8245000000001,0.3,0.002,0.0,0.0,0.02090579,0.024953999999999997,0.024953999999999997,C238
E2338,C769,769,FR,FRI15,43.438777,-0.6775954,6,Chemical,19,chemical-olefins,43.56271,83,82,82,(LN)O-MEA,(LN)O,(LN)O,1.348312693,0.967,1.002,0.0,0.0,0.0,730.4031431035622,746.908569,746.908569,106.49401988134,55.0,55.0,623.9091232222222,691.908569,691.908569,16.65,0.111,0.967,0.967,0.5322865194666667,1.3156651228,1.3156651228,C238
E2476,C769,769,FR,FRI15,43.438777,-0.6775954,6,Chemical,20,chemical-PEA,43.406178,74,77,77,(NG)PEA-MEA,(EL)PEA,(EL)PEA,0.600555118,0.459,0.443,0.0,0.0,0.0,1250.9949502544825,1272.57565,1272.57565,120.499307810038,111.0,111.0,1130.4956424444445,1161.57565,1161.57565,7.35,0.049,0.0,0.0,0.16401245333333336,0.284634,0.284634,C238
E2603,C769,769,FR,FRI15,43.438777,-0.6775954,6,Chemical,21,chemical-PE,47.165769,65,68,68,(NG)PE-MEA,(EL)PE,(EL)PE,0.050040025,0.016,0.015,0.0,0.0,0.0,1000.7329960451451,1001.8245000000001,1001.8245000000001,37.033860045145,37.0,37.0,963.6991360000001,964.8245000000001,964.8245000000001,0.3,0.002,0.0,0.0,0.02090579,0.024953999999999997,0.024953999999999997,C238
E2557,C771,771,FR,FRK26,45.688093,4.8466283,6,Chemical,21,chemical-PE,47.165769,65,68,68,(NG)PE-MEA,(EL)PE,(EL)PE,0.050040025,0.016,0.015,0.0,0.0,0.0,1000.7329960451451,1001.8245000000001,1001.8245000000001,37.033860045145,37.0,37.0,963.6991360000001,964.8245000000001,964.8245000000001,0.3,0.002,0.0,0.0,0.02090579,0.024953999999999997,0.024953999999999997,C241
E2558,C772,772,FR,FRK24,45.3604496,4.7958675,6,Chemical,21,chemical-PE,47.165769,65,68,68,(NG)PE-MEA,(EL)PE,(EL)PE,0.050040025,0.016,0.015,0.0,0.0,0.0,1000.7329960451451,1001.8245000000001,1001.8245000000001,37.033860045145,37.0,37.0,963.6991360000001,964.8245000000001,964.8245000000001,0.3,0.002,0.0,0.0,0.02090579,0.024953999999999997,0.024953999999999997,C242
E2339,C773,773,FR,FRL04,43.3827323,5.0217628,6,Chemical,19,chemical-olefins,43.56271,83,82,82,(LN)O-MEA,(LN)O,(LN)O,1.348312693,0.967,1.002,0.0,0.0,0.0,730.4031431035622,746.908569,746.908569,106.49401988134,55.0,55.0,623.9091232222222,691.908569,691.908569,16.65,0.111,0.967,0.967,0.5322865194666667,1.3156651228,1.3156651228,C243
E2477,C773,773,FR,FRL04,43.3827323,5.0217628,6,Chemical,20,chemical-PEA,43.406178,74,77,77,(NG)PEA-MEA,(EL)PEA,(EL)PEA,0.600555118,0.459,0.443,0.0,0.0,0.0,1250.9949502544825,1272.57565,1272.57565,120.499307810038,111.0,111.0,1130.4956424444445,1161.57565,1161.57565,7.35,0.049,0.0,0.0,0.16401245333333336,0.284634,0.284634,C243
E2604,C773,773,FR,FRL04,43.3827323,5.0217628,6,Chemical,21,chemical-PE,47.165769,65,68,68,(NG)PE-MEA,(EL)PE,(EL)PE,0.050040025,0.016,0.015,0.0,0.0,0.0,1000.7329960451451,1001.8245000000001,1001.8245000000001,37.033860045145,37.0,37.0,963.6991360000001,964.8245000000001,964.8245000000001,0.3,0.002,0.0,0.0,0.02090579,0.024953999999999997,0.024953999999999997,C243
E2340,C774,774,FR,FRK26,45.7007030999999,4.8464746,6,Chemical,19,chemical-olefins,43.56271,83,82,82,(LN)O-MEA,(LN)O,(LN)O,1.348312693,0.967,1.002,0.0,0.0,0.0,730.4031431035622,746.908569,746.908569,106.49401988134,55.0,55.0,623.9091232222222,691.908569,691.908569,16.65,0.111,0.967,0.967,0.5322865194666667,1.3156651228,1.3156651228,C241
E2478,C774,774,FR,FRK26,45.7007030999999,4.8464746,6,Chemical,20,chemical-PEA,43.406178,74,77,77,(NG)PEA-MEA,(EL)PEA,(EL)PEA,0.600555118,0.459,0.443,0.0,0.0,0.0,1250.9949502544825,1272.57565,1272.57565,120.499307810038,111.0,111.0,1130.4956424444445,1161.57565,1161.57565,7.35,0.049,0.0,0.0,0.16401245333333336,0.284634,0.284634,C241
E2605,C774,774,FR,FRK26,45.7007030999999,4.8464746,6,Chemical,21,chemical-PE,47.165769,65,68,68,(NG)PE-MEA,(EL)PE,(EL)PE,0.050040025,0.016,0.015,0.0,0.0,0.0,1000.7329960451451,1001.8245000000001,1001.8245000000001,37.033860045145,37.0,37.0,963.6991360000001,964.8245000000001,964.8245000000001,0.3,0.002,0.0,0.0,0.02090579,0.024953999999999997,0.024953999999999997,C241
E2280,C778,778,FR,FRG01,47.3088247,-2.1187173,5,Fertilisers,18,fertiliser-nitric-acid,206.99999999999997,117,118,117,(BM)HNO3,(BM)HNO3-DEA,(BM)HNO3,0.455609314,0.409,0.0,0.736,0.0,0.736,97.43214512,105.90694141568,97.43214512,30.0,38.47479629568,30.0,67.43214512,67.43214512,67.43214512,0.0,0.0,-0.736,0.0,0.0,-0.736,0.0,C244
E1898,C784,784,FR,FRC22,47.05697,5.4132316,6,Chemical,21,chemical-PE,260.0,65,68,68,(NG)PE-MEA,(EL)PE,(EL)PE,0.050040025,0.016,0.015,0.0,0.0,0.0,1000.7329960451451,1001.8245000000001,1001.8245000000001,37.033860045145,37.0,37.0,963.6991360000001,964.8245000000001,964.8245000000001,0.3,0.002,0.0,0.0,0.02090579,0.024953999999999997,0.024953999999999997,C245
E1900,C784,784,FR,FRC22,47.05697,5.4132316,6,Chemical,20,chemical-PEA,360.0,74,77,77,(NG)PEA-MEA,(EL)PEA,(EL)PEA,0.600555118,0.459,0.443,0.0,0.0,0.0,1250.9949502544825,1272.57565,1272.57565,120.499307810038,111.0,111.0,1130.4956424444445,1161.57565,1161.57565,7.35,0.049,0.0,0.0,0.16401245333333336,0.284634,0.284634,C245
E2559,C785,785,FR,FRC22,47.05697,5.4132316,6,Chemical,21,chemical-PE,47.165769,65,68,68,(NG)PE-MEA,(EL)PE,(EL)PE,0.050040025,0.016,0.015,0.0,0.0,0.0,1000.7329960451451,1001.8245000000001,1001.8245000000001,37.033860045145,37.0,37.0,963.6991360000001,964.8245000000001,964.8245000000001,0.3,0.002,0.0,0.0,0.02090579,0.024953999999999997,0.024953999999999997,C245
E1610,C787,787,FR,FRL04,43.4275853999999,4.9704659,2,Cement,8,cement,273.3680505,34,63,36,CEM2-(Afm)Oxy-MEA,EU-mix-2050,CEM2-(BMW),0.536074117,0.49818,0.485,0.501418443,0.0,0.0,69.07946884110001,69.18344591111111,104.71368770000001,18.088320381099997,12.345486,3.0,50.991148460000005,56.83795991111111,101.71368770000001,13.799999999999999,0.092,0.033971836,0.342,0.11191325199999999,0.05687816046263333,0.3516348,C243
E1611,C788,788,FR,FRE11,51.0418463999999,2.3733285,2,Cement,8,cement,249.3537802,34,63,36,CEM2-(Afm)Oxy-MEA,EU-mix-2050,CEM2-(BMW),0.536074117,0.49818,0.485,0.501418443,0.0,0.0,69.07946884110001,69.18344591111111,104.71368770000001,18.088320381099997,12.345486,3.0,50.991148460000005,56.83795991111111,101.71368770000001,13.799999999999999,0.092,0.033971836,0.342,0.11191325199999999,0.05687816046263333,0.3516348,C222
E1612,C789,789,FR,FRK24,45.3640065,5.7541356,2,Cement,8,cement,34.34345519,34,63,36,CEM2-(Afm)Oxy-MEA,EU-mix-2050,CEM2-(BMW),0.536074117,0.49818,0.485,0.501418443,0.0,0.0,69.07946884110001,69.18344591111111,104.71368770000001,18.088320381099997,12.345486,3.0,50.991148460000005,56.83795991111111,101.71368770000001,13.799999999999999,0.092,0.033971836,0.342,0.11191325199999999,0.05687816046263333,0.3516348,C246
E2432,C790,790,FR,FRL04,43.3832128999999,5.0130305,6,Chemical,20,chemical-PEA,43.406178,74,77,77,(NG)PEA-MEA,(EL)PEA,(EL)PEA,0.600555118,0.459,0.443,0.0,0.0,0.0,1250.9949502544825,1272.57565,1272.57565,120.499307810038,111.0,111.0,1130.4956424444445,1161.57565,1161.57565,7.35,0.049,0.0,0.0,0.16401245333333336,0.284634,0.284634,C243
E2342,C791,791,FR,FRK24,45.3504866,4.7939888,6,Chemical,19,chemical-olefins,43.56271,83,82,82,(LN)O-MEA,(LN)O,(LN)O,1.348312693,0.967,1.002,0.0,0.0,0.0,730.4031431035622,746.908569,746.908569,106.49401988134,55.0,55.0,623.9091232222222,691.908569,691.908569,16.65,0.111,0.967,0.967,0.5322865194666667,1.3156651228,1.3156651228,C242
E2480,C791,791,FR,FRK24,45.3504866,4.7939888,6,Chemical,20,chemical-PEA,43.406178,74,77,77,(NG)PEA-MEA,(EL)PEA,(EL)PEA,0.600555118,0.459,0.443,0.0,0.0,0.0,1250.9949502544825,1272.57565,1272.57565,120.499307810038,111.0,111.0,1130.4956424444445,1161.57565,1161.57565,7.35,0.049,0.0,0.0,0.16401245333333336,0.284634,0.284634,C242
E2607,C791,791,FR,FRK24,45.3504866,4.7939888,6,Chemical,21,chemical-PE,47.165769,65,68,68,(NG)PE-MEA,(EL)PE,(EL)PE,0.050040025,0.016,0.015,0.0,0.0,0.0,1000.7329960451451,1001.8245000000001,1001.8245000000001,37.033860045145,37.0,37.0,963.6991360000001,964.8245000000001,964.8245000000001,0.3,0.002,0.0,0.0,0.02090579,0.024953999999999997,0.024953999999999997,C242
E775,C792,792,FR,FRE11,50.3963551,3.5596977,1,Steel,2,steel-secondary,505.0810811,214,218,214,Scraps EAF,EU-mix-2050,Scraps EAF,0.143477203,0.04,0.0,0.0,0.0,0.0,531.9477585,531.9477585,531.9477585,18.0,18.0,18.0,513.9477585,513.9477585,513.9477585,6.0,0.04,0.04,0.04,0.0973878205,0.0973878205,0.0973878205,C247
E2343,C799,799,FR,FRI12,44.9251323,-0.5227176,6,Chemical,19,chemical-olefins,43.56271,83,82,82,(LN)O-MEA,(LN)O,(LN)O,1.348312693,0.967,1.002,0.0,0.0,0.0,730.4031431035622,746.908569,746.908569,106.49401988134,55.0,55.0,623.9091232222222,691.908569,691.908569,16.65,0.111,0.967,0.967,0.5322865194666667,1.3156651228,1.3156651228,C248
E2481,C799,799,FR,FRI12,44.9251323,-0.5227176,6,Chemical,20,chemical-PEA,43.406178,74,77,77,(NG)PEA-MEA,(EL)PEA,(EL)PEA,0.600555118,0.459,0.443,0.0,0.0,0.0,1250.9949502544825,1272.57565,1272.57565,120.499307810038,111.0,111.0,1130.4956424444445,1161.57565,1161.57565,7.35,0.049,0.0,0.0,0.16401245333333336,0.284634,0.284634,C248
E2608,C799,799,FR,FRI12,44.9251323,-0.5227176,6,Chemical,21,chemical-PE,47.165769,65,68,68,(NG)PE-MEA,(EL)PE,(EL)PE,0.050040025,0.016,0.015,0.0,0.0,0.0,1000.7329960451451,1001.8245000000001,1001.8245000000001,37.033860045145,37.0,37.0,963.6991360000001,964.8245000000001,964.8245000000001,0.3,0.002,0.0,0.0,0.02090579,0.024953999999999997,0.024953999999999997,C248
E2560,C800,800,FR,FRF33,49.1431916,6.7069376,6,Chemical,21,chemical-PE,47.165769,65,68,68,(NG)PE-MEA,(EL)PE,(EL)PE,0.050040025,0.016,0.015,0.0,0.0,0.0,1000.7329960451451,1001.8245000000001,1001.8245000000001,37.033860045145,37.0,37.0,963.6991360000001,964.8245000000001,964.8245000000001,0.3,0.002,0.0,0.0,0.02090579,0.024953999999999997,0.024953999999999997,C129
E2258,C803,803,FR,FRF12,47.7898917999999,7.5192619,5,Fertilisers,18,fertiliser-ammonia,229.99977,105,107,107,(NG)NH3-MVR-DEA,(BM)NH3,(BM)NH3,2.07811468,1.742,1.42,0.0,0.0,0.0,482.6432713651555,490.9891,490.9891,120.3508298096,170.0,170.0,362.2924415555555,320.9891,320.9891,30.3,0.202,0.0,0.0,0.46096393166666666,0.1487316,0.1487316,C249
E3002,C803,803,FR,FRF12,47.7898917999999,7.5192619,5,Fertilisers,18,fertiliser-nitric-acid,229.99977,117,118,117,(BM)HNO3,(BM)HNO3-DEA,(BM)HNO3,0.455609314,0.409,0.0,0.736,0.0,0.736,97.43214512,105.90694141568,97.43214512,30.0,38.47479629568,30.0,67.43214512,67.43214512,67.43214512,0.0,0.0,-0.736,0.0,0.0,-0.736,0.0,C249
E4036,C803,803,FR,FRF12,47.7898917999999,7.5192619,5,Fertilisers,18,fertiliser-urea,229.99977,130,131,130,(BM)Urea,(BM)Urea-DEA,(BM)Urea,0.345423371,0.186,0.0,1.451,0.0,1.451,195.9229408,212.63072534488,195.9229408,11.0,27.707784544880003,11.0,184.9229408,184.9229408,184.9229408,0.0,0.0,-1.451,0.0,0.0578748,-1.3931252,0.0578748,C249
E2344,C806,806,FR,FRE11,51.0349566,2.2414656,6,Chemical,19,chemical-olefins,43.56271,83,82,82,(LN)O-MEA,(LN)O,(LN)O,1.348312693,0.967,1.002,0.0,0.0,0.0,730.4031431035622,746.908569,746.908569,106.49401988134,55.0,55.0,623.9091232222222,691.908569,691.908569,16.65,0.111,0.967,0.967,0.5322865194666667,1.3156651228,1.3156651228,C222
E2482,C806,806,FR,FRE11,51.0349566,2.2414656,6,Chemical,20,chemical-PEA,43.406178,74,77,77,(NG)PEA-MEA,(EL)PEA,(EL)PEA,0.600555118,0.459,0.443,0.0,0.0,0.0,1250.9949502544825,1272.57565,1272.57565,120.499307810038,111.0,111.0,1130.4956424444445,1161.57565,1161.57565,7.35,0.049,0.0,0.0,0.16401245333333336,0.284634,0.284634,C222
E2609,C806,806,FR,FRE11,51.0349566,2.2414656,6,Chemical,21,chemical-PE,47.165769,65,68,68,(NG)PE-MEA,(EL)PE,(EL)PE,0.050040025,0.016,0.015,0.0,0.0,0.0,1000.7329960451451,1001.8245000000001,1001.8245000000001,37.033860045145,37.0,37.0,963.6991360000001,964.8245000000001,964.8245000000001,0.3,0.002,0.0,0.0,0.02090579,0.024953999999999997,0.024953999999999997,C222
E2270,C809,809,FR,FRE12,50.4732388999999,2.730757,5,Fertilisers,18,fertiliser-ammonia,62.099999999999994,105,107,107,(NG)NH3-MVR-DEA,(BM)NH3,(BM)NH3,2.07811468,1.742,1.42,0.0,0.0,0.0,482.6432713651555,490.9891,490.9891,120.3508298096,170.0,170.0,362.2924415555555,320.9891,320.9891,30.3,0.202,0.0,0.0,0.46096393166666666,0.1487316,0.1487316,C250
E4038,C809,809,FR,FRE12,50.4732388999999,2.730757,5,Fertilisers,18,fertiliser-urea,62.099999999999994,130,131,130,(BM)Urea,(BM)Urea-DEA,(BM)Urea,0.345423371,0.186,0.0,1.451,0.0,1.451,195.9229408,212.63072534488,195.9229408,11.0,27.707784544880003,11.0,184.9229408,184.9229408,184.9229408,0.0,0.0,-1.451,0.0,0.0578748,-1.3931252,0.0578748,C250
E2063,C810,810,FR,FRE23,50.0666709999999,1.4729404,3,Glass,11,glass-container,23.33683298,140,146,145,(NG)-CC,(EL)-CC,(EL),0.44358809,0.338,0.097,0.021,0.0,0.0,251.80920304444447,260.61025659999996,267.09275660000003,68.483,53.919,50.0,183.32620304444447,206.6912566,217.09275660000003,1.6499999999999997,0.011,0.002,0.073,0.08259808833333333,0.1719824,0.2425564,C251
E1962,C814,814,FR,FRK14,45.9542732,3.4783928,3,Glass,11,glass-container,283.2608406,140,146,145,(NG)-CC,(EL)-CC,(EL),0.44358809,0.338,0.097,0.021,0.0,0.0,251.80920304444447,260.61025659999996,267.09275660000003,68.483,53.919,50.0,183.32620304444447,206.6912566,217.09275660000003,1.6499999999999997,0.011,0.002,0.073,0.08259808833333333,0.1719824,0.2425564,C252
E1613,C815,815,FR,FRF23,48.7685943999999,4.5652459,2,Cement,8,cement,1095.261569,34,63,36,CEM2-(Afm)Oxy-MEA,EU-mix-2050,CEM2-(BMW),0.536074117,0.49818,0.485,0.501418443,0.0,0.0,69.07946884110001,69.18344591111111,104.71368770000001,18.088320381099997,12.345486,3.0,50.991148460000005,56.83795991111111,101.71368770000001,13.799999999999999,0.092,0.033971836,0.342,0.11191325199999999,0.05687816046263333,0.3516348,C253
E1963,C816,816,FR,FRF23,49.2330911,4.0498394,3,Glass,11,glass-container,258.4708196,140,146,145,(NG)-CC,(EL)-CC,(EL),0.44358809,0.338,0.097,0.021,0.0,0.0,251.80920304444447,260.61025659999996,267.09275660000003,68.483,53.919,50.0,183.32620304444447,206.6912566,217.09275660000003,1.6499999999999997,0.011,0.002,0.073,0.08259808833333333,0.1719824,0.2425564,C254
E1972,C817,817,FR,FRF23,49.0187105999999,4.0381342,3,Glass,11,glass-container,138.3928274,140,146,145,(NG)-CC,(EL)-CC,(EL),0.44358809,0.338,0.097,0.021,0.0,0.0,251.80920304444447,260.61025659999996,267.09275660000003,68.483,53.919,50.0,183.32620304444447,206.6912566,217.09275660000003,1.6499999999999997,0.011,0.002,0.073,0.08259808833333333,0.1719824,0.2425564,C255
E2070,C819,819,FR,FRD22,49.4957157999999,0.1559594,3,Glass,11,glass-container,225.2883045,140,146,145,(NG)-CC,(EL)-CC,(EL),0.44358809,0.338,0.097,0.021,0.0,0.0,251.80920304444447,260.61025659999996,267.09275660000003,68.483,53.919,50.0,183.32620304444447,206.6912566,217.09275660000003,1.6499999999999997,0.011,0.002,0.073,0.08259808833333333,0.1719824,0.2425564,C256
E87,C820,820,FR,FRD22,49.4822040999999,0.5420292,4,Refineries,15,refineries-light-liquid-fuel,3450.3199999999997,178,177,175,REF-SMR-MEA,REF(H2)-MEA,REF-SMR,0.622573543,0.231,0.208,0.17,0.0,0.0,678.4894344371378,682.5657872661224,704.4289424577778,47.98003797936,46.4356079639,44.0,630.5093964577778,636.1301793022224,660.4289424577778,3.4499999999999997,0.023,0.019,0.231,0.4144009225333334,0.4040080408666667,0.6181601225333334,C257
E88,C820,820,FR,FRD22,49.4822040999999,0.5420292,6,Chemical,19,chemical-olefins,425.0,83,82,82,(LN)O-MEA,(LN)O,(LN)O,1.348312693,0.967,1.002,0.0,0.0,0.0,730.4031431035622,746.908569,746.908569,106.49401988134,55.0,55.0,623.9091232222222,691.908569,691.908569,16.65,0.111,0.967,0.967,0.5322865194666667,1.3156651228,1.3156651228,C257
E89,C820,820,FR,FRD22,49.4822040999999,0.5420292,6,Chemical,19,chemical-olefins,218.9393939,83,82,82,(LN)O-MEA,(LN)O,(LN)O,1.348312693,0.967,1.002,0.0,0.0,0.0,730.4031431035622,746.908569,746.908569,106.49401988134,55.0,55.0,623.9091232222222,691.908569,691.908569,16.65,0.111,0.967,0.967,0.5322865194666667,1.3156651228,1.3156651228,C257
E90,C820,820,FR,FRD22,49.4822040999999,0.5420292,6,Chemical,19,chemical-olefins,643.9393939,83,82,82,(LN)O-MEA,(LN)O,(LN)O,1.348312693,0.967,1.002,0.0,0.0,0.0,730.4031431035622,746.908569,746.908569,106.49401988134,55.0,55.0,623.9091232222222,691.908569,691.908569,16.65,0.111,0.967,0.967,0.5322865194666667,1.3156651228,1.3156651228,C257
E2076,C821,821,FR,FRD22,49.8863709,1.7094382,3,Glass,11,glass-container,189.5610439,140,146,145,(NG)-CC,(EL)-CC,(EL),0.44358809,0.338,0.097,0.021,0.0,0.0,251.80920304444447,260.61025659999996,267.09275660000003,68.483,53.919,50.0,183.32620304444447,206.6912566,217.09275660000003,1.6499999999999997,0.011,0.002,0.073,0.08259808833333333,0.1719824,0.2425564,C258
E2118,C823,823,FR,FRD22,49.8355812,1.7194669,3,Glass,11,glass-container,60.34146585,140,146,145,(NG)-CC,(EL)-CC,(EL),0.44358809,0.338,0.097,0.021,0.0,0.0,251.80920304444447,260.61025659999996,267.09275660000003,68.483,53.919,50.0,183.32620304444447,206.6912566,217.09275660000003,1.6499999999999997,0.011,0.002,0.073,0.08259808833333333,0.1719824,0.2425564,C258
E2125,C824,824,FR,FRD22,49.7630181999999,1.7546534,3,Glass,11,glass-container,41.65416792,140,146,145,(NG)-CC,(EL)-CC,(EL),0.44358809,0.338,0.097,0.021,0.0,0.0,251.80920304444447,260.61025659999996,267.09275660000003,68.483,53.919,50.0,183.32620304444447,206.6912566,217.09275660000003,1.6499999999999997,0.011,0.002,0.073,0.08259808833333333,0.1719824,0.2425564,C258
E2071,C825,825,FR,FRD22,50.0628341,1.3956481,3,Glass,11,glass-container,210.2198114,140,146,145,(NG)-CC,(EL)-CC,(EL),0.44358809,0.338,0.097,0.021,0.0,0.0,251.80920304444447,260.61025659999996,267.09275660000003,68.483,53.919,50.0,183.32620304444447,206.6912566,217.09275660000003,1.6499999999999997,0.011,0.002,0.073,0.08259808833333333,0.1719824,0.2425564,C251
E2082,C826,826,FR,FRE22,49.6535757999999,1.8347171,3,Glass,11,glass-container,178.756291,140,146,145,(NG)-CC,(EL)-CC,(EL),0.44358809,0.338,0.097,0.021,0.0,0.0,251.80920304444447,260.61025659999996,267.09275660000003,68.483,53.919,50.0,183.32620304444447,206.6912566,217.09275660000003,1.6499999999999997,0.011,0.002,0.073,0.08259808833333333,0.1719824,0.2425564,C258
E2140,C828,828,FR,FRC23,47.9903678,6.0613312,3,Glass,11,glass-container,12.26877312,140,146,145,(NG)-CC,(EL)-CC,(EL),0.44358809,0.338,0.097,0.021,0.0,0.0,251.80920304444447,260.61025659999996,267.09275660000003,68.483,53.919,50.0,183.32620304444447,206.6912566,217.09275660000003,1.6499999999999997,0.011,0.002,0.073,0.08259808833333333,0.1719824,0.2425564,C259
E1971,C829,829,FR,FRK21,45.9088619999999,5.347114,3,Glass,11,glass-container,373.56681,140,146,145,(NG)-CC,(EL)-CC,(EL),0.44358809,0.338,0.097,0.021,0.0,0.0,251.80920304444447,260.61025659999996,267.09275660000003,68.483,53.919,50.0,183.32620304444447,206.6912566,217.09275660000003,1.6499999999999997,0.011,0.002,0.073,0.08259808833333333,0.1719824,0.2425564,C260
E1615,C830,830,FR,FRK22,44.6431667,4.7563793,2,Cement,8,cement,154.6084543,34,63,36,CEM2-(Afm)Oxy-MEA,EU-mix-2050,CEM2-(BMW),0.536074117,0.49818,0.485,0.501418443,0.0,0.0,69.07946884110001,69.18344591111111,104.71368770000001,18.088320381099997,12.345486,3.0,50.991148460000005,56.83795991111111,101.71368770000001,13.799999999999999,0.092,0.033971836,0.342,0.11191325199999999,0.05687816046263333,0.3516348,C261
E1616,C831,831,FR,FRK22,44.6598808999999,4.7631015,2,Cement,8,cement,79.02989908,34,63,36,CEM2-(Afm)Oxy-MEA,EU-mix-2050,CEM2-(BMW),0.536074117,0.49818,0.485,0.501418443,0.0,0.0,69.07946884110001,69.18344591111111,104.71368770000001,18.088320381099997,12.345486,3.0,50.991148460000005,56.83795991111111,101.71368770000001,13.799999999999999,0.092,0.033971836,0.342,0.11191325199999999,0.05687816046263333,0.3516348,C261
E1961,C832,832,FR,FRK22,44.6439135999999,4.3703669,3,Glass,11,glass-container,110.7372596,140,146,145,(NG)-CC,(EL)-CC,(EL),0.44358809,0.338,0.097,0.021,0.0,0.0,251.80920304444447,260.61025659999996,267.09275660000003,68.483,53.919,50.0,183.32620304444447,206.6912566,217.09275660000003,1.6499999999999997,0.011,0.002,0.073,0.08259808833333333,0.1719824,0.2425564,C262
E1617,C833,833,FR,FRK22,44.5216455999999,4.6909985,2,Cement,8,cement,861.9150672,34,63,36,CEM2-(Afm)Oxy-MEA,EU-mix-2050,CEM2-(BMW),0.536074117,0.49818,0.485,0.501418443,0.0,0.0,69.07946884110001,69.18344591111111,104.71368770000001,18.088320381099997,12.345486,3.0,50.991148460000005,56.83795991111111,101.71368770000001,13.799999999999999,0.092,0.033971836,0.342,0.11191325199999999,0.05687816046263333,0.3516348,C261
E1618,C834,834,FR,FRK24,45.8029440999999,5.419229,2,Cement,8,cement,1158.413551,34,63,36,CEM2-(Afm)Oxy-MEA,EU-mix-2050,CEM2-(BMW),0.536074117,0.49818,0.485,0.501418443,0.0,0.0,69.07946884110001,69.18344591111111,104.71368770000001,18.088320381099997,12.345486,3.0,50.991148460000005,56.83795991111111,101.71368770000001,13.799999999999999,0.092,0.033971836,0.342,0.11191325199999999,0.05687816046263333,0.3516348,C260
E2345,C835,835,FR,FRK24,45.0870093999999,5.7360542,6,Chemical,19,chemical-olefins,43.56271,83,82,82,(LN)O-MEA,(LN)O,(LN)O,1.348312693,0.967,1.002,0.0,0.0,0.0,730.4031431035622,746.908569,746.908569,106.49401988134,55.0,55.0,623.9091232222222,691.908569,691.908569,16.65,0.111,0.967,0.967,0.5322865194666667,1.3156651228,1.3156651228,C263
E2483,C835,835,FR,FRK24,45.0870093999999,5.7360542,6,Chemical,20,chemical-PEA,43.406178,74,77,77,(NG)PEA-MEA,(EL)PEA,(EL)PEA,0.600555118,0.459,0.443,0.0,0.0,0.0,1250.9949502544825,1272.57565,1272.57565,120.499307810038,111.0,111.0,1130.4956424444445,1161.57565,1161.57565,7.35,0.049,0.0,0.0,0.16401245333333336,0.284634,0.284634,C263
E2610,C835,835,FR,FRK24,45.0870093999999,5.7360542,6,Chemical,21,chemical-PE,47.165769,65,68,68,(NG)PE-MEA,(EL)PE,(EL)PE,0.050040025,0.016,0.015,0.0,0.0,0.0,1000.7329960451451,1001.8245000000001,1001.8245000000001,37.033860045145,37.0,37.0,963.6991360000001,964.8245000000001,964.8245000000001,0.3,0.002,0.0,0.0,0.02090579,0.024953999999999997,0.024953999999999997,C263
E2181,C837,837,FR,FRK24,45.3340606,4.7936902,3,Glass,12,glass-float,174.5250491,164,170,169,(NG)-CC,(EL)-CC,(EL),0.580169919,0.487,0.14,0.052,0.0,0.0,250.42840994222226,260.07431572,277.62331572,83.46000000000001,66.228,58.0,166.96840994222225,193.84631572000004,219.62331572,2.4,0.016,0.006,0.182,0.08442004666666666,0.1873836,0.36231559999999996,C242
E1620,C838,838,FR,FRK24,45.6974336999999,5.3078877,2,Cement,8,cement,92.515421,34,63,36,CEM2-(Afm)Oxy-MEA,EU-mix-2050,CEM2-(BMW),0.536074117,0.49818,0.485,0.501418443,0.0,0.0,69.07946884110001,69.18344591111111,104.71368770000001,18.088320381099997,12.345486,3.0,50.991148460000005,56.83795991111111,101.71368770000001,13.799999999999999,0.092,0.033971836,0.342,0.11191325199999999,0.05687816046263333,0.3516348,C260
E1621,C839,839,FR,FRK24,45.0653256,5.7678265,2,Cement,8,cement,5.682037678,34,63,36,CEM2-(Afm)Oxy-MEA,EU-mix-2050,CEM2-(BMW),0.536074117,0.49818,0.485,0.501418443,0.0,0.0,69.07946884110001,69.18344591111111,104.71368770000001,18.088320381099997,12.345486,3.0,50.991148460000005,56.83795991111111,101.71368770000001,13.799999999999999,0.092,0.033971836,0.342,0.11191325199999999,0.05687816046263333,0.3516348,C263
E791,C841,841,FR,FRK25,45.5329985999999,4.633214,1,Steel,2,steel-secondary,69.18918919,214,218,214,Scraps EAF,EU-mix-2050,Scraps EAF,0.143477203,0.04,0.0,0.0,0.0,0.0,531.9477585,531.9477585,531.9477585,18.0,18.0,18.0,513.9477585,513.9477585,513.9477585,6.0,0.04,0.04,0.04,0.0973878205,0.0973878205,0.0973878205,C264
E2183,C842,842,FR,FRE22,49.4819391999999,2.8918682,3,Glass,12,glass-float,171.1905697,164,170,169,(NG)-CC,(EL)-CC,(EL),0.580169919,0.487,0.14,0.052,0.0,0.0,250.42840994222226,260.07431572,277.62331572,83.46000000000001,66.228,58.0,166.96840994222225,193.84631572000004,219.62331572,2.4,0.016,0.006,0.182,0.08442004666666666,0.1873836,0.36231559999999996,C265
E1973,C843,843,FR,FRK25,45.5591331999999,4.1218009,3,Glass,11,glass-container,205.4919508,140,146,145,(NG)-CC,(EL)-CC,(EL),0.44358809,0.338,0.097,0.021,0.0,0.0,251.80920304444447,260.61025659999996,267.09275660000003,68.483,53.919,50.0,183.32620304444447,206.6912566,217.09275660000003,1.6499999999999997,0.011,0.002,0.073,0.08259808833333333,0.1719824,0.2425564,C266
E1965,C844,844,FR,FRK25,45.5663332,4.2952276,3,Glass,11,glass-container,265.9417392,140,146,145,(NG)-CC,(EL)-CC,(EL),0.44358809,0.338,0.097,0.021,0.0,0.0,251.80920304444447,260.61025659999996,267.09275660000003,68.483,53.919,50.0,183.32620304444447,206.6912566,217.09275660000003,1.6499999999999997,0.011,0.002,0.073,0.08259808833333333,0.1719824,0.2425564,C266
E1622,C845,845,FR,FRK26,45.8636288,4.6610195,2,Cement,8,cement,415.148438,34,63,36,CEM2-(Afm)Oxy-MEA,EU-mix-2050,CEM2-(BMW),0.536074117,0.49818,0.485,0.501418443,0.0,0.0,69.07946884110001,69.18344591111111,104.71368770000001,18.088320381099997,12.345486,3.0,50.991148460000005,56.83795991111111,101.71368770000001,13.799999999999999,0.092,0.033971836,0.342,0.11191325199999999,0.05687816046263333,0.3516348,C267
E2346,C846,846,FR,FRK26,45.7077838,4.8258219,6,Chemical,19,chemical-olefins,43.56271,83,82,82,(LN)O-MEA,(LN)O,(LN)O,1.348312693,0.967,1.002,0.0,0.0,0.0,730.4031431035622,746.908569,746.908569,106.49401988134,55.0,55.0,623.9091232222222,691.908569,691.908569,16.65,0.111,0.967,0.967,0.5322865194666667,1.3156651228,1.3156651228,C241
E2484,C846,846,FR,FRK26,45.7077838,4.8258219,6,Chemical,20,chemical-PEA,43.406178,74,77,77,(NG)PEA-MEA,(EL)PEA,(EL)PEA,0.600555118,0.459,0.443,0.0,0.0,0.0,1250.9949502544825,1272.57565,1272.57565,120.499307810038,111.0,111.0,1130.4956424444445,1161.57565,1161.57565,7.35,0.049,0.0,0.0,0.16401245333333336,0.284634,0.284634,C241
E2611,C846,846,FR,FRK26,45.7077838,4.8258219,6,Chemical,21,chemical-PE,47.165769,65,68,68,(NG)PE-MEA,(EL)PE,(EL)PE,0.050040025,0.016,0.015,0.0,0.0,0.0,1000.7329960451451,1001.8245000000001,1001.8245000000001,37.033860045145,37.0,37.0,963.6991360000001,964.8245000000001,964.8245000000001,0.3,0.002,0.0,0.0,0.02090579,0.024953999999999997,0.024953999999999997,C241
E2347,C847,847,FR,FRK26,45.6845199999999,4.8461657,6,Chemical,19,chemical-olefins,43.56271,83,82,82,(LN)O-MEA,(LN)O,(LN)O,1.348312693,0.967,1.002,0.0,0.0,0.0,730.4031431035622,746.908569,746.908569,106.49401988134,55.0,55.0,623.9091232222222,691.908569,691.908569,16.65,0.111,0.967,0.967,0.5322865194666667,1.3156651228,1.3156651228,C241
E2485,C847,847,FR,FRK26,45.6845199999999,4.8461657,6,Chemical,20,chemical-PEA,43.406178,74,77,77,(NG)PEA-MEA,(EL)PEA,(EL)PEA,0.600555118,0.459,0.443,0.0,0.0,0.0,1250.9949502544825,1272.57565,1272.57565,120.499307810038,111.0,111.0,1130.4956424444445,1161.57565,1161.57565,7.35,0.049,0.0,0.0,0.16401245333333336,0.284634,0.284634,C241
E2612,C847,847,FR,FRK26,45.6845199999999,4.8461657,6,Chemical,21,chemical-PE,47.165769,65,68,68,(NG)PE-MEA,(EL)PE,(EL)PE,0.050040025,0.016,0.015,0.0,0.0,0.0,1000.7329960451451,1001.8245000000001,1001.8245000000001,37.033860045145,37.0,37.0,963.6991360000001,964.8245000000001,964.8245000000001,0.3,0.002,0.0,0.0,0.02090579,0.024953999999999997,0.024953999999999997,C241
E91,C849,849,FR,FRK26,45.6737454,4.8471493,4,Refineries,15,refineries-light-liquid-fuel,1608.2,178,177,175,REF-SMR-MEA,REF(H2)-MEA,REF-SMR,0.622573543,0.231,0.208,0.17,0.0,0.0,678.4894344371378,682.5657872661224,704.4289424577778,47.98003797936,46.4356079639,44.0,630.5093964577778,636.1301793022224,660.4289424577778,3.4499999999999997,0.023,0.019,0.231,0.4144009225333334,0.4040080408666667,0.6181601225333334,C241
E92,C849,849,FR,FRK26,45.6737454,4.8471493,6,Chemical,19,chemical-olefins,250.0,83,82,82,(LN)O-MEA,(LN)O,(LN)O,1.348312693,0.967,1.002,0.0,0.0,0.0,730.4031431035622,746.908569,746.908569,106.49401988134,55.0,55.0,623.9091232222222,691.908569,691.908569,16.65,0.111,0.967,0.967,0.5322865194666667,1.3156651228,1.3156651228,C241
E93,C849,849,FR,FRK26,45.6737454,4.8471493,6,Chemical,19,chemical-olefins,128.7878788,83,82,82,(LN)O-MEA,(LN)O,(LN)O,1.348312693,0.967,1.002,0.0,0.0,0.0,730.4031431035622,746.908569,746.908569,106.49401988134,55.0,55.0,623.9091232222222,691.908569,691.908569,16.65,0.111,0.967,0.967,0.5322865194666667,1.3156651228,1.3156651228,C241
E94,C849,849,FR,FRK26,45.6737454,4.8471493,6,Chemical,19,chemical-olefins,378.7878788,83,82,82,(LN)O-MEA,(LN)O,(LN)O,1.348312693,0.967,1.002,0.0,0.0,0.0,730.4031431035622,746.908569,746.908569,106.49401988134,55.0,55.0,623.9091232222222,691.908569,691.908569,16.65,0.111,0.967,0.967,0.5322865194666667,1.3156651228,1.3156651228,C241
E2202,C850,850,FR,FRK27,45.5827795,5.9058025,3,Glass,13,glass-fibre,96.66002415,158,152,157,(EL)-CC,(NG)-CC,(EL),0.827356012,0.634,0.066,0.183,0.0,0.0,328.847314,329.405778,350.893514,81.174,109.437,71.0,247.673314,219.968778,279.893514,1.05,0.007,0.02,0.227,0.2712316,0.14762786,0.48989479999999996,C268
E2348,C851,851,FR,FRK27,45.3536559,6.3026357,6,Chemical,19,chemical-olefins,43.56271,83,82,82,(LN)O-MEA,(LN)O,(LN)O,1.348312693,0.967,1.002,0.0,0.0,0.0,730.4031431035622,746.908569,746.908569,106.49401988134,55.0,55.0,623.9091232222222,691.908569,691.908569,16.65,0.111,0.967,0.967,0.5322865194666667,1.3156651228,1.3156651228,C269
E2486,C851,851,FR,FRK27,45.3536559,6.3026357,6,Chemical,20,chemical-PEA,43.406178,74,77,77,(NG)PEA-MEA,(EL)PEA,(EL)PEA,0.600555118,0.459,0.443,0.0,0.0,0.0,1250.9949502544825,1272.57565,1272.57565,120.499307810038,111.0,111.0,1130.4956424444445,1161.57565,1161.57565,7.35,0.049,0.0,0.0,0.16401245333333336,0.284634,0.284634,C269
E2613,C851,851,FR,FRK27,45.3536559,6.3026357,6,Chemical,21,chemical-PE,47.165769,65,68,68,(NG)PE-MEA,(EL)PE,(EL)PE,0.050040025,0.016,0.015,0.0,0.0,0.0,1000.7329960451451,1001.8245000000001,1001.8245000000001,37.033860045145,37.0,37.0,963.6991360000001,964.8245000000001,964.8245000000001,0.3,0.002,0.0,0.0,0.02090579,0.024953999999999997,0.024953999999999997,C269
E792,C852,852,FR,FRK27,45.7460431,6.4250439,1,Steel,2,steel-secondary,172.972973,214,218,214,Scraps EAF,EU-mix-2050,Scraps EAF,0.143477203,0.04,0.0,0.0,0.0,0.0,531.9477585,531.9477585,531.9477585,18.0,18.0,18.0,513.9477585,513.9477585,513.9477585,6.0,0.04,0.04,0.04,0.0973878205,0.0973878205,0.0973878205,C270
E2128,C853,853,FR,FRF31,48.4485618,6.742028,3,Glass,11,glass-container,41.12005466,140,146,145,(NG)-CC,(EL)-CC,(EL),0.44358809,0.338,0.097,0.021,0.0,0.0,251.80920304444447,260.61025659999996,267.09275660000003,68.483,53.919,50.0,183.32620304444447,206.6912566,217.09275660000003,1.6499999999999997,0.011,0.002,0.073,0.08259808833333333,0.1719824,0.2425564,C271
E793,C854,854,FR,FRF31,48.6083120999999,6.1045614,1,Steel,2,steel-secondary,553.5135135,214,218,214,Scraps EAF,EU-mix-2050,Scraps EAF,0.143477203,0.04,0.0,0.0,0.0,0.0,531.9477585,531.9477585,531.9477585,18.0,18.0,18.0,513.9477585,513.9477585,513.9477585,6.0,0.04,0.04,0.04,0.0973878205,0.0973878205,0.0973878205,C272
E1624,C856,856,FR,FRF31,48.5670144999999,6.1036113,2,Cement,8,cement,475.9190674,34,63,36,CEM2-(Afm)Oxy-MEA,EU-mix-2050,CEM2-(BMW),0.536074117,0.49818,0.485,0.501418443,0.0,0.0,69.07946884110001,69.18344591111111,104.71368770000001,18.088320381099997,12.345486,3.0,50.991148460000005,56.83795991111111,101.71368770000001,13.799999999999999,0.092,0.033971836,0.342,0.11191325199999999,0.05687816046263333,0.3516348,C272
E1625,C857,857,FR,FRF32,49.0975795,5.3841175,2,Cement,8,cement,569.5955851,34,63,36,CEM2-(Afm)Oxy-MEA,EU-mix-2050,CEM2-(BMW),0.536074117,0.49818,0.485,0.501418443,0.0,0.0,69.07946884110001,69.18344591111111,104.71368770000001,18.088320381099997,12.345486,3.0,50.991148460000005,56.83795991111111,101.71368770000001,13.799999999999999,0.092,0.033971836,0.342,0.11191325199999999,0.05687816046263333,0.3516348,C273
E795,C858,858,FR,FRF33,49.2410402,6.1557342,1,Steel,2,steel-secondary,318.2702703,214,218,214,Scraps EAF,EU-mix-2050,Scraps EAF,0.143477203,0.04,0.0,0.0,0.0,0.0,531.9477585,531.9477585,531.9477585,18.0,18.0,18.0,513.9477585,513.9477585,513.9477585,6.0,0.04,0.04,0.04,0.0973878205,0.0973878205,0.0973878205,C274
E2217,C861,861,FR,FRF33,49.1445057999999,6.6917446,3,Glass,13,glass-fibre,16.82850242,158,152,157,(EL)-CC,(NG)-CC,(EL),0.827356012,0.634,0.066,0.183,0.0,0.0,328.847314,329.405778,350.893514,81.174,109.437,71.0,247.673314,219.968778,279.893514,1.05,0.007,0.02,0.227,0.2712316,0.14762786,0.48989479999999996,C129
E2349,C862,862,FR,FRF33,49.1413371,6.7112281,6,Chemical,19,chemical-olefins,43.56271,83,82,82,(LN)O-MEA,(LN)O,(LN)O,1.348312693,0.967,1.002,0.0,0.0,0.0,730.4031431035622,746.908569,746.908569,106.49401988134,55.0,55.0,623.9091232222222,691.908569,691.908569,16.65,0.111,0.967,0.967,0.5322865194666667,1.3156651228,1.3156651228,C129
E2487,C862,862,FR,FRF33,49.1413371,6.7112281,6,Chemical,20,chemical-PEA,43.406178,74,77,77,(NG)PEA-MEA,(EL)PEA,(EL)PEA,0.600555118,0.459,0.443,0.0,0.0,0.0,1250.9949502544825,1272.57565,1272.57565,120.499307810038,111.0,111.0,1130.4956424444445,1161.57565,1161.57565,7.35,0.049,0.0,0.0,0.16401245333333336,0.284634,0.284634,C129
E2614,C862,862,FR,FRF33,49.1413371,6.7112281,6,Chemical,21,chemical-PE,47.165769,65,68,68,(NG)PE-MEA,(EL)PE,(EL)PE,0.050040025,0.016,0.015,0.0,0.0,0.0,1000.7329960451451,1001.8245000000001,1001.8245000000001,37.033860045145,37.0,37.0,963.6991360000001,964.8245000000001,964.8245000000001,0.3,0.002,0.0,0.0,0.02090579,0.024953999999999997,0.024953999999999997,C129
E1960,C863,863,FR,FRF34,48.3075741999999,5.9172696,3,Glass,11,glass-container,209.8998433,140,146,145,(NG)-CC,(EL)-CC,(EL),0.44358809,0.338,0.097,0.021,0.0,0.0,251.80920304444447,260.61025659999996,267.09275660000003,68.483,53.919,50.0,183.32620304444447,206.6912566,217.09275660000003,1.6499999999999997,0.011,0.002,0.073,0.08259808833333333,0.1719824,0.2425564,C275
E2171,C864,864,FR,FRF33,49.109622,6.846369,3,Glass,12,glass-float,231.358055,164,170,169,(NG)-CC,(EL)-CC,(EL),0.580169919,0.487,0.14,0.052,0.0,0.0,250.42840994222226,260.07431572,277.62331572,83.46000000000001,66.228,58.0,166.96840994222225,193.84631572000004,219.62331572,2.4,0.016,0.006,0.182,0.08442004666666666,0.1873836,0.36231559999999996,C129
E1627,C865,865,FR,FRF32,48.7162283999999,5.6781177,2,Cement,8,cement,457.9492831,34,63,36,CEM2-(Afm)Oxy-MEA,EU-mix-2050,CEM2-(BMW),0.536074117,0.49818,0.485,0.501418443,0.0,0.0,69.07946884110001,69.18344591111111,104.71368770000001,18.088320381099997,12.345486,3.0,50.991148460000005,56.83795991111111,101.71368770000001,13.799999999999999,0.092,0.033971836,0.342,0.11191325199999999,0.05687816046263333,0.3516348,C276
E1628,C866,866,FR,FRG03,48.1076728999999,-1.0339994,2,Cement,8,cement,1355.224948,34,63,36,CEM2-(Afm)Oxy-MEA,EU-mix-2050,CEM2-(BMW),0.536074117,0.49818,0.485,0.501418443,0.0,0.0,69.07946884110001,69.18344591111111,104.71368770000001,18.088320381099997,12.345486,3.0,50.991148460000005,56.83795991111111,101.71368770000001,13.799999999999999,0.092,0.033971836,0.342,0.11191325199999999,0.05687816046263333,0.3516348,C277
E95,C867,867,FR,FRG01,47.3161446,-2.0663511,4,Refineries,15,refineries-light-liquid-fuel,3216.4,178,177,175,REF-SMR-MEA,REF(H2)-MEA,REF-SMR,0.622573543,0.231,0.208,0.17,0.0,0.0,678.4894344371378,682.5657872661224,704.4289424577778,47.98003797936,46.4356079639,44.0,630.5093964577778,636.1301793022224,660.4289424577778,3.4499999999999997,0.023,0.019,0.231,0.4144009225333334,0.4040080408666667,0.6181601225333334,C244
E1630,C869,869,FR,FRG03,48.0415819999999,-0.480618,2,Cement,8,cement,51.75280532,34,63,36,CEM2-(Afm)Oxy-MEA,EU-mix-2050,CEM2-(BMW),0.536074117,0.49818,0.485,0.501418443,0.0,0.0,69.07946884110001,69.18344591111111,104.71368770000001,18.088320381099997,12.345486,3.0,50.991148460000005,56.83795991111111,101.71368770000001,13.799999999999999,0.092,0.033971836,0.342,0.11191325199999999,0.05687816046263333,0.3516348,C278
E1631,C870,870,FR,FRL03,43.7963893,7.3248625,2,Cement,8,cement,332.0046127,34,63,36,CEM2-(Afm)Oxy-MEA,EU-mix-2050,CEM2-(BMW),0.536074117,0.49818,0.485,0.501418443,0.0,0.0,69.07946884110001,69.18344591111111,104.71368770000001,18.088320381099997,12.345486,3.0,50.991148460000005,56.83795991111111,101.71368770000001,13.799999999999999,0.092,0.033971836,0.342,0.11191325199999999,0.05687816046263333,0.3516348,C279
E1632,C871,871,FR,FRL03,43.7911120999999,7.3752311,2,Cement,8,cement,629.0296124,34,63,36,CEM2-(Afm)Oxy-MEA,EU-mix-2050,CEM2-(BMW),0.536074117,0.49818,0.485,0.501418443,0.0,0.0,69.07946884110001,69.18344591111111,104.71368770000001,18.088320381099997,12.345486,3.0,50.991148460000005,56.83795991111111,101.71368770000001,13.799999999999999,0.092,0.033971836,0.342,0.11191325199999999,0.05687816046263333,0.3516348,C279
E2199,C872,872,FR,FRL06,44.1301349,4.8419239,3,Glass,13,glass-fibre,98.9468599,158,152,157,(EL)-CC,(NG)-CC,(EL),0.827356012,0.634,0.066,0.183,0.0,0.0,328.847314,329.405778,350.893514,81.174,109.437,71.0,247.673314,219.968778,279.893514,1.05,0.007,0.02,0.227,0.2712316,0.14762786,0.48989479999999996,C280
E2350,C873,873,FR,FRL04,43.2840229999999,5.5013364,6,Chemical,19,chemical-olefins,43.56271,83,82,82,(LN)O-MEA,(LN)O,(LN)O,1.348312693,0.967,1.002,0.0,0.0,0.0,730.4031431035622,746.908569,746.908569,106.49401988134,55.0,55.0,623.9091232222222,691.908569,691.908569,16.65,0.111,0.967,0.967,0.5322865194666667,1.3156651228,1.3156651228,C281
E2488,C873,873,FR,FRL04,43.2840229999999,5.5013364,6,Chemical,20,chemical-PEA,43.406178,74,77,77,(NG)PEA-MEA,(EL)PEA,(EL)PEA,0.600555118,0.459,0.443,0.0,0.0,0.0,1250.9949502544825,1272.57565,1272.57565,120.499307810038,111.0,111.0,1130.4956424444445,1161.57565,1161.57565,7.35,0.049,0.0,0.0,0.16401245333333336,0.284634,0.284634,C281
E2615,C873,873,FR,FRL04,43.2840229999999,5.5013364,6,Chemical,21,chemical-PE,47.165769,65,68,68,(NG)PE-MEA,(EL)PE,(EL)PE,0.050040025,0.016,0.015,0.0,0.0,0.0,1000.7329960451451,1001.8245000000001,1001.8245000000001,37.033860045145,37.0,37.0,963.6991360000001,964.8245000000001,964.8245000000001,0.3,0.002,0.0,0.0,0.02090579,0.024953999999999997,0.024953999999999997,C281
E2351,C874,874,FR,FRL01,44.067711,5.998763,6,Chemical,19,chemical-olefins,43.56271,83,82,82,(LN)O-MEA,(LN)O,(LN)O,1.348312693,0.967,1.002,0.0,0.0,0.0,730.4031431035622,746.908569,746.908569,106.49401988134,55.0,55.0,623.9091232222222,691.908569,691.908569,16.65,0.111,0.967,0.967,0.5322865194666667,1.3156651228,1.3156651228,C282
E2489,C874,874,FR,FRL01,44.067711,5.998763,6,Chemical,20,chemical-PEA,43.406178,74,77,77,(NG)PEA-MEA,(EL)PEA,(EL)PEA,0.600555118,0.459,0.443,0.0,0.0,0.0,1250.9949502544825,1272.57565,1272.57565,120.499307810038,111.0,111.0,1130.4956424444445,1161.57565,1161.57565,7.35,0.049,0.0,0.0,0.16401245333333336,0.284634,0.284634,C282
E2616,C874,874,FR,FRL01,44.067711,5.998763,6,Chemical,21,chemical-PE,47.165769,65,68,68,(NG)PE-MEA,(EL)PE,(EL)PE,0.050040025,0.016,0.015,0.0,0.0,0.0,1000.7329960451451,1001.8245000000001,1001.8245000000001,37.033860045145,37.0,37.0,963.6991360000001,964.8245000000001,964.8245000000001,0.3,0.002,0.0,0.0,0.02090579,0.024953999999999997,0.024953999999999997,C282
E96,C876,876,FR,FRL04,43.3857128,5.0228729,4,Refineries,15,refineries-light-liquid-fuel,3040.96,178,177,175,REF-SMR-MEA,REF(H2)-MEA,REF-SMR,0.622573543,0.231,0.208,0.17,0.0,0.0,678.4894344371378,682.5657872661224,704.4289424577778,47.98003797936,46.4356079639,44.0,630.5093964577778,636.1301793022224,660.4289424577778,3.4499999999999997,0.023,0.019,0.231,0.4144009225333334,0.4040080408666667,0.6181601225333334,C243
E97,C876,876,FR,FRL04,43.3857128,5.0228729,6,Chemical,19,chemical-olefins,740.0,83,82,82,(LN)O-MEA,(LN)O,(LN)O,1.348312693,0.967,1.002,0.0,0.0,0.0,730.4031431035622,746.908569,746.908569,106.49401988134,55.0,55.0,623.9091232222222,691.908569,691.908569,16.65,0.111,0.967,0.967,0.5322865194666667,1.3156651228,1.3156651228,C243
E98,C876,876,FR,FRL04,43.3857128,5.0228729,6,Chemical,19,chemical-olefins,381.2121212,83,82,82,(LN)O-MEA,(LN)O,(LN)O,1.348312693,0.967,1.002,0.0,0.0,0.0,730.4031431035622,746.908569,746.908569,106.49401988134,55.0,55.0,623.9091232222222,691.908569,691.908569,16.65,0.111,0.967,0.967,0.5322865194666667,1.3156651228,1.3156651228,C243
E99,C876,876,FR,FRL04,43.3857128,5.0228729,6,Chemical,19,chemical-olefins,1121.212121,83,82,82,(LN)O-MEA,(LN)O,(LN)O,1.348312693,0.967,1.002,0.0,0.0,0.0,730.4031431035622,746.908569,746.908569,106.49401988134,55.0,55.0,623.9091232222222,691.908569,691.908569,16.65,0.111,0.967,0.967,0.5322865194666667,1.3156651228,1.3156651228,C243
E797,C878,878,FR,FRL04,43.4450477999999,4.8467304,1,Steel,2,steel-secondary,332.1081081,214,218,214,Scraps EAF,EU-mix-2050,Scraps EAF,0.143477203,0.04,0.0,0.0,0.0,0.0,531.9477585,531.9477585,531.9477585,18.0,18.0,18.0,513.9477585,513.9477585,513.9477585,6.0,0.04,0.04,0.04,0.0973878205,0.0973878205,0.0973878205,C243
E101,C880,880,FR,FRL04,43.4506416999999,4.9231798,4,Refineries,15,refineries-light-liquid-fuel,1959.08,178,177,175,REF-SMR-MEA,REF(H2)-MEA,REF-SMR,0.622573543,0.231,0.208,0.17,0.0,0.0,678.4894344371378,682.5657872661224,704.4289424577778,47.98003797936,46.4356079639,44.0,630.5093964577778,636.1301793022224,660.4289424577778,3.4499999999999997,0.023,0.019,0.231,0.4144009225333334,0.4040080408666667,0.6181601225333334,C243
E798,C881,881,FR,FRL04,43.4359771,4.9108552,1,Steel,1,steel-primary,4529.316456,204,203,203,(NG)DRI-EAF-MEA,(NG)DRI-EAF,(NG)DRI-EAF,2.36399401,2.002,0.586,0.0,0.0,0.0,435.4523586444444,502.38245864444445,502.38245864444445,46.0,32.0,32.0,389.4523586444444,470.38245864444445,470.38245864444445,9.75,0.065,0.651,0.651,0.20736103233333333,0.7814126323333334,0.7814126323333334,C243
E102,C882,882,FR,FRL04,43.3989699999999,5.1019749,4,Refineries,15,refineries-light-liquid-fuel,2193.0,178,177,175,REF-SMR-MEA,REF(H2)-MEA,REF-SMR,0.622573543,0.231,0.208,0.17,0.0,0.0,678.4894344371378,682.5657872661224,704.4289424577778,47.98003797936,46.4356079639,44.0,630.5093964577778,636.1301793022224,660.4289424577778,3.4499999999999997,0.023,0.019,0.231,0.4144009225333334,0.4040080408666667,0.6181601225333334,C243
E1635,C883,883,FR,FRL04,43.3986859999999,5.3684079,2,Cement,8,cement,558.2492574,34,63,36,CEM2-(Afm)Oxy-MEA,EU-mix-2050,CEM2-(BMW),0.536074117,0.49818,0.485,0.501418443,0.0,0.0,69.07946884110001,69.18344591111111,104.71368770000001,18.088320381099997,12.345486,3.0,50.991148460000005,56.83795991111111,101.71368770000001,13.799999999999999,0.092,0.033971836,0.342,0.11191325199999999,0.05687816046263333,0.3516348,C281
E2064,C885,885,FR,FR107,48.7708561999999,2.5016872,3,Glass,11,glass-container,182.2676066,140,146,145,(NG)-CC,(EL)-CC,(EL),0.44358809,0.338,0.097,0.021,0.0,0.0,251.80920304444447,260.61025659999996,267.09275660000003,68.483,53.919,50.0,183.32620304444447,206.6912566,217.09275660000003,1.6499999999999997,0.011,0.002,0.073,0.08259808833333333,0.1719824,0.2425564,C283
E103,C888,888,FR,FR102,48.5893684999999,2.9463316,4,Refineries,15,refineries-light-liquid-fuel,1491.24,178,177,175,REF-SMR-MEA,REF(H2)-MEA,REF-SMR,0.622573543,0.231,0.208,0.17,0.0,0.0,678.4894344371378,682.5657872661224,704.4289424577778,47.98003797936,46.4356079639,44.0,630.5093964577778,636.1301793022224,660.4289424577778,3.4499999999999997,0.023,0.019,0.231,0.4144009225333334,0.4040080408666667,0.6181601225333334,C240
E799,C889,889,FR,FR102,48.3856151999999,2.9809518,1,Steel,2,steel-secondary,498.1621622,214,218,214,Scraps EAF,EU-mix-2050,Scraps EAF,0.143477203,0.04,0.0,0.0,0.0,0.0,531.9477585,531.9477585,531.9477585,18.0,18.0,18.0,513.9477585,513.9477585,513.9477585,6.0,0.04,0.04,0.04,0.0973878205,0.0973878205,0.0973878205,C284
E800,C890,890,FR,FR103,49.0337016,1.5604463,1,Steel,2,steel-secondary,380.5405405,214,218,214,Scraps EAF,EU-mix-2050,Scraps EAF,0.143477203,0.04,0.0,0.0,0.0,0.0,531.9477585,531.9477585,531.9477585,18.0,18.0,18.0,513.9477585,513.9477585,513.9477585,6.0,0.04,0.04,0.04,0.0973878205,0.0973878205,0.0973878205,C285
E1637,C891,891,FR,FR103,48.9802289,1.8203858,2,Cement,8,cement,322.1396299,34,63,36,CEM2-(Afm)Oxy-MEA,EU-mix-2050,CEM2-(BMW),0.536074117,0.49818,0.485,0.501418443,0.0,0.0,69.07946884110001,69.18344591111111,104.71368770000001,18.088320381099997,12.345486,3.0,50.991148460000005,56.83795991111111,101.71368770000001,13.799999999999999,0.092,0.033971836,0.342,0.11191325199999999,0.05687816046263333,0.3516348,C286
E801,C892,892,FR,FR103,48.9836448,1.759638,1,Steel,2,steel-secondary,484.3243243,214,218,214,Scraps EAF,EU-mix-2050,Scraps EAF,0.143477203,0.04,0.0,0.0,0.0,0.0,531.9477585,531.9477585,531.9477585,18.0,18.0,18.0,513.9477585,513.9477585,513.9477585,6.0,0.04,0.04,0.04,0.0973878205,0.0973878205,0.0973878205,C286
E1639,C894,894,FR,FRI11,45.1019003999999,1.3201721,2,Cement,8,cement,67.89575556,34,63,36,CEM2-(Afm)Oxy-MEA,EU-mix-2050,CEM2-(BMW),0.536074117,0.49818,0.485,0.501418443,0.0,0.0,69.07946884110001,69.18344591111111,104.71368770000001,18.088320381099997,12.345486,3.0,50.991148460000005,56.83795991111111,101.71368770000001,13.799999999999999,0.092,0.033971836,0.342,0.11191325199999999,0.05687816046263333,0.3516348,C287
E1640,C895,895,FR,FRJ11,43.0248524,3.0264273,2,Cement,8,cement,750.4442706,34,63,36,CEM2-(Afm)Oxy-MEA,EU-mix-2050,CEM2-(BMW),0.536074117,0.49818,0.485,0.501418443,0.0,0.0,69.07946884110001,69.18344591111111,104.71368770000001,18.088320381099997,12.345486,3.0,50.991148460000005,56.83795991111111,101.71368770000001,13.799999999999999,0.092,0.033971836,0.342,0.11191325199999999,0.05687816046263333,0.3516348,C288
E1641,C896,896,FR,FRJ12,43.805439,4.6198204,2,Cement,8,cement,772.8190441,34,63,36,CEM2-(Afm)Oxy-MEA,EU-mix-2050,CEM2-(BMW),0.536074117,0.49818,0.485,0.501418443,0.0,0.0,69.07946884110001,69.18344591111111,104.71368770000001,18.088320381099997,12.345486,3.0,50.991148460000005,56.83795991111111,101.71368770000001,13.799999999999999,0.092,0.033971836,0.342,0.11191325199999999,0.05687816046263333,0.3516348,C289
E2201,C897,897,FR,FRJ12,44.1060234999999,4.7013613,3,Glass,13,glass-fibre,88.9571256,158,152,157,(EL)-CC,(NG)-CC,(EL),0.827356012,0.634,0.066,0.183,0.0,0.0,328.847314,329.405778,350.893514,81.174,109.437,71.0,247.673314,219.968778,279.893514,1.05,0.007,0.02,0.227,0.2712316,0.14762786,0.48989479999999996,C280
E1966,C898,898,FR,FRJ12,43.7272236,4.2469991,3,Glass,11,glass-container,129.892844,140,146,145,(NG)-CC,(EL)-CC,(EL),0.44358809,0.338,0.097,0.021,0.0,0.0,251.80920304444447,260.61025659999996,267.09275660000003,68.483,53.919,50.0,183.32620304444447,206.6912566,217.09275660000003,1.6499999999999997,0.011,0.002,0.073,0.08259808833333333,0.1719824,0.2425564,C290
E1959,C899,899,FR,FRJ13,43.3479423,3.1345624,3,Glass,11,glass-container,124.5450455,140,146,145,(NG)-CC,(EL)-CC,(EL),0.44358809,0.338,0.097,0.021,0.0,0.0,251.80920304444447,260.61025659999996,267.09275660000003,68.483,53.919,50.0,183.32620304444447,206.6912566,217.09275660000003,1.6499999999999997,0.011,0.002,0.073,0.08259808833333333,0.1719824,0.2425564,C291
E1964,C900,900,FR,FRI12,44.9077535999999,-0.3413121,3,Glass,11,glass-container,275.0683265,140,146,145,(NG)-CC,(EL)-CC,(EL),0.44358809,0.338,0.097,0.021,0.0,0.0,251.80920304444447,260.61025659999996,267.09275660000003,68.483,53.919,50.0,183.32620304444447,206.6912566,217.09275660000003,1.6499999999999997,0.011,0.002,0.073,0.08259808833333333,0.1719824,0.2425564,C248
E1642,C901,901,FR,FRF12,47.6291569999999,7.237193,2,Cement,8,cement,405.2097034,34,63,36,CEM2-(Afm)Oxy-MEA,EU-mix-2050,CEM2-(BMW),0.536074117,0.49818,0.485,0.501418443,0.0,0.0,69.07946884110001,69.18344591111111,104.71368770000001,18.088320381099997,12.345486,3.0,50.991148460000005,56.83795991111111,101.71368770000001,13.799999999999999,0.092,0.033971836,0.342,0.11191325199999999,0.05687816046263333,0.3516348,C292
E1643,C902,902,FR,FRJ26,43.0144869,0.6130678,2,Cement,8,cement,36.52169453,34,63,36,CEM2-(Afm)Oxy-MEA,EU-mix-2050,CEM2-(BMW),0.536074117,0.49818,0.485,0.501418443,0.0,0.0,69.07946884110001,69.18344591111111,104.71368770000001,18.088320381099997,12.345486,3.0,50.991148460000005,56.83795991111111,101.71368770000001,13.799999999999999,0.092,0.033971836,0.342,0.11191325199999999,0.05687816046263333,0.3516348,C293
E2058,C903,903,FR,FRJ27,43.9301914999999,2.196605,3,Glass,11,glass-container,244.6530347,140,146,145,(NG)-CC,(EL)-CC,(EL),0.44358809,0.338,0.097,0.021,0.0,0.0,251.80920304444447,260.61025659999996,267.09275660000003,68.483,53.919,50.0,183.32620304444447,206.6912566,217.09275660000003,1.6499999999999997,0.011,0.002,0.073,0.08259808833333333,0.1719824,0.2425564,C294
E2352,C904,904,FR,FRJ26,43.0918734999999,0.3738607,6,Chemical,19,chemical-olefins,43.56271,83,82,82,(LN)O-MEA,(LN)O,(LN)O,1.348312693,0.967,1.002,0.0,0.0,0.0,730.4031431035622,746.908569,746.908569,106.49401988134,55.0,55.0,623.9091232222222,691.908569,691.908569,16.65,0.111,0.967,0.967,0.5322865194666667,1.3156651228,1.3156651228,C232
E2490,C904,904,FR,FRJ26,43.0918734999999,0.3738607,6,Chemical,20,chemical-PEA,43.406178,74,77,77,(NG)PEA-MEA,(EL)PEA,(EL)PEA,0.600555118,0.459,0.443,0.0,0.0,0.0,1250.9949502544825,1272.57565,1272.57565,120.499307810038,111.0,111.0,1130.4956424444445,1161.57565,1161.57565,7.35,0.049,0.0,0.0,0.16401245333333336,0.284634,0.284634,C232
E2617,C904,904,FR,FRJ26,43.0918734999999,0.3738607,6,Chemical,21,chemical-PE,47.165769,65,68,68,(NG)PE-MEA,(EL)PE,(EL)PE,0.050040025,0.016,0.015,0.0,0.0,0.0,1000.7329960451451,1001.8245000000001,1001.8245000000001,37.033860045145,37.0,37.0,963.6991360000001,964.8245000000001,964.8245000000001,0.3,0.002,0.0,0.0,0.02090579,0.024953999999999997,0.024953999999999997,C232
E1644,C905,905,FR,FRJ23,43.1939903,0.9976346,2,Cement,8,cement,681.2513525,34,63,36,CEM2-(Afm)Oxy-MEA,EU-mix-2050,CEM2-(BMW),0.536074117,0.49818,0.485,0.501418443,0.0,0.0,69.07946884110001,69.18344591111111,104.71368770000001,18.088320381099997,12.345486,3.0,50.991148460000005,56.83795991111111,101.71368770000001,13.799999999999999,0.092,0.033971836,0.342,0.11191325199999999,0.05687816046263333,0.3516348,C295
E1970,C906,906,FR,FRE21,49.3980022,3.3295293,3,Glass,11,glass-container,164.1627504,140,146,145,(NG)-CC,(EL)-CC,(EL),0.44358809,0.338,0.097,0.021,0.0,0.0,251.80920304444447,260.61025659999996,267.09275660000003,68.483,53.919,50.0,183.32620304444447,206.6912566,217.09275660000003,1.6499999999999997,0.011,0.002,0.073,0.08259808833333333,0.1719824,0.2425564,C296
E2006,C907,907,FR,FRE12,50.7305441,2.301345,3,Glass,11,glass-container,851.249875,140,146,145,(NG)-CC,(EL)-CC,(EL),0.44358809,0.338,0.097,0.021,0.0,0.0,251.80920304444447,260.61025659999996,267.09275660000003,68.483,53.919,50.0,183.32620304444447,206.6912566,217.09275660000003,1.6499999999999997,0.011,0.002,0.073,0.08259808833333333,0.1719824,0.2425564,C297
E1645,C908,908,FR,FRE11,50.1145945999999,3.9074569,2,Cement,8,cement,176.8660926,34,63,36,CEM2-(Afm)Oxy-MEA,EU-mix-2050,CEM2-(BMW),0.536074117,0.49818,0.485,0.501418443,0.0,0.0,69.07946884110001,69.18344591111111,104.71368770000001,18.088320381099997,12.345486,3.0,50.991148460000005,56.83795991111111,101.71368770000001,13.799999999999999,0.092,0.033971836,0.342,0.11191325199999999,0.05687816046263333,0.3516348,C298
E2353,C910,910,FR,FRI13,43.9473762,-1.2979545,6,Chemical,19,chemical-olefins,43.56271,83,82,82,(LN)O-MEA,(LN)O,(LN)O,1.348312693,0.967,1.002,0.0,0.0,0.0,730.4031431035622,746.908569,746.908569,106.49401988134,55.0,55.0,623.9091232222222,691.908569,691.908569,16.65,0.111,0.967,0.967,0.5322865194666667,1.3156651228,1.3156651228,C299
E2491,C910,910,FR,FRI13,43.9473762,-1.2979545,6,Chemical,20,chemical-PEA,43.406178,74,77,77,(NG)PEA-MEA,(EL)PEA,(EL)PEA,0.600555118,0.459,0.443,0.0,0.0,0.0,1250.9949502544825,1272.57565,1272.57565,120.499307810038,111.0,111.0,1130.4956424444445,1161.57565,1161.57565,7.35,0.049,0.0,0.0,0.16401245333333336,0.284634,0.284634,C299
E2618,C910,910,FR,FRI13,43.9473762,-1.2979545,6,Chemical,21,chemical-PE,47.165769,65,68,68,(NG)PE-MEA,(EL)PE,(EL)PE,0.050040025,0.016,0.015,0.0,0.0,0.0,1000.7329960451451,1001.8245000000001,1001.8245000000001,37.033860045145,37.0,37.0,963.6991360000001,964.8245000000001,964.8245000000001,0.3,0.002,0.0,0.0,0.02090579,0.024953999999999997,0.024953999999999997,C299
E2160,C911,911,FR,FRE11,50.2857966999999,4.0278367,3,Glass,12,glass-float,376.8511788,164,170,169,(NG)-CC,(EL)-CC,(EL),0.580169919,0.487,0.14,0.052,0.0,0.0,250.42840994222226,260.07431572,277.62331572,83.46000000000001,66.228,58.0,166.96840994222225,193.84631572000004,219.62331572,2.4,0.016,0.006,0.182,0.08442004666666666,0.1873836,0.36231559999999996,C19
E803,C913,913,FR,FRE11,50.3295243999999,3.4901221,1,Steel,2,steel-secondary,553.5135135,214,218,214,Scraps EAF,EU-mix-2050,Scraps EAF,0.143477203,0.04,0.0,0.0,0.0,0.0,531.9477585,531.9477585,531.9477585,18.0,18.0,18.0,513.9477585,513.9477585,513.9477585,6.0,0.04,0.04,0.04,0.0973878205,0.0973878205,0.0973878205,C247
E1647,C914,914,FR,FRE12,50.8128814,1.7823917,2,Cement,8,cement,940.1912789,34,63,36,CEM2-(Afm)Oxy-MEA,EU-mix-2050,CEM2-(BMW),0.536074117,0.49818,0.485,0.501418443,0.0,0.0,69.07946884110001,69.18344591111111,104.71368770000001,18.088320381099997,12.345486,3.0,50.991148460000005,56.83795991111111,101.71368770000001,13.799999999999999,0.092,0.033971836,0.342,0.11191325199999999,0.05687816046263333,0.3516348,C300
E1967,C917,917,FR,FRE12,50.4944175999999,2.8701246,3,Glass,11,glass-container,119.6871979,140,146,145,(NG)-CC,(EL)-CC,(EL),0.44358809,0.338,0.097,0.021,0.0,0.0,251.80920304444447,260.61025659999996,267.09275660000003,68.483,53.919,50.0,183.32620304444447,206.6912566,217.09275660000003,1.6499999999999997,0.011,0.002,0.073,0.08259808833333333,0.1719824,0.2425564,C250
E2088,C918,918,GR,EL302,37.9833725,23.6700902999999,3,Glass,11,glass-container,159.8740126,140,146,145,(NG)-CC,(EL)-CC,(EL),0.44358809,0.338,0.097,0.021,0.0,0.0,251.80920304444447,260.61025659999996,267.09275660000003,68.483,53.919,50.0,183.32620304444447,206.6912566,217.09275660000003,1.6499999999999997,0.011,0.002,0.073,0.08259808833333333,0.1719824,0.2425564,C301
E2262,C926,926,GR,EL642,40.9624178999999,24.5082695999999,5,Fertilisers,18,fertiliser-ammonia,113.85,105,107,107,(NG)NH3-MVR-DEA,(BM)NH3,(BM)NH3,2.07811468,1.742,1.42,0.0,0.0,0.0,482.6432713651555,490.9891,490.9891,120.3508298096,170.0,170.0,362.2924415555555,320.9891,320.9891,30.3,0.202,0.0,0.0,0.46096393166666666,0.1487316,0.1487316,C302
E1658,C927,927,GR,EL613,39.3408388,23.0126047,2,Cement,8,cement,2088.126563,34,63,36,CEM2-(Afm)Oxy-MEA,EU-mix-2050,CEM2-(BMW),0.536074117,0.49818,0.485,0.501418443,0.0,0.0,69.07946884110001,69.18344591111111,104.71368770000001,18.088320381099997,12.345486,3.0,50.991148460000005,56.83795991111111,101.71368770000001,13.799999999999999,0.092,0.033971836,0.342,0.11191325199999999,0.05687816046263333,0.3516348,C303
E1659,C928,928,GR,EL642,38.3762969,24.0618468,2,Cement,8,cement,1528.602624,34,63,36,CEM2-(Afm)Oxy-MEA,EU-mix-2050,CEM2-(BMW),0.536074117,0.49818,0.485,0.501418443,0.0,0.0,69.07946884110001,69.18344591111111,104.71368770000001,18.088320381099997,12.345486,3.0,50.991148460000005,56.83795991111111,101.71368770000001,13.799999999999999,0.092,0.033971836,0.342,0.11191325199999999,0.05687816046263333,0.3516348,C304
E1660,C929,929,GR,EL632,38.324767,21.853798,2,Cement,8,cement,1142.218935,34,63,36,CEM2-(Afm)Oxy-MEA,EU-mix-2050,CEM2-(BMW),0.536074117,0.49818,0.485,0.501418443,0.0,0.0,69.07946884110001,69.18344591111111,104.71368770000001,18.088320381099997,12.345486,3.0,50.991148460000005,56.83795991111111,101.71368770000001,13.799999999999999,0.092,0.033971836,0.342,0.11191325199999999,0.05687816046263333,0.3516348,C305
E1661,C930,930,GR,EL652,38.0946818999999,22.5796338,2,Cement,8,cement,2615.996817,34,63,36,CEM2-(Afm)Oxy-MEA,EU-mix-2050,CEM2-(BMW),0.536074117,0.49818,0.485,0.501418443,0.0,0.0,69.07946884110001,69.18344591111111,104.71368770000001,18.088320381099997,12.345486,3.0,50.991148460000005,56.83795991111111,101.71368770000001,13.799999999999999,0.092,0.033971836,0.342,0.11191325199999999,0.05687816046263333,0.3516348,C306
E1662,C931,931,GR,EL522,40.6400628999999,22.9444191,2,Cement,8,cement,1194.712807,34,63,36,CEM2-(Afm)Oxy-MEA,EU-mix-2050,CEM2-(BMW),0.536074117,0.49818,0.485,0.501418443,0.0,0.0,69.07946884110001,69.18344591111111,104.71368770000001,18.088320381099997,12.345486,3.0,50.991148460000005,56.83795991111111,101.71368770000001,13.799999999999999,0.092,0.033971836,0.342,0.11191325199999999,0.05687816046263333,0.3516348,C307
E1663,C932,932,GR,EL306,38.0436374,23.5833559999999,2,Cement,8,cement,416.2271063,34,63,36,CEM2-(Afm)Oxy-MEA,EU-mix-2050,CEM2-(BMW),0.536074117,0.49818,0.485,0.501418443,0.0,0.0,69.07946884110001,69.18344591111111,104.71368770000001,18.088320381099997,12.345486,3.0,50.991148460000005,56.83795991111111,101.71368770000001,13.799999999999999,0.092,0.033971836,0.342,0.11191325199999999,0.05687816046263333,0.3516348,C301
E104,C945,945,GR,EL306,38.0431833,23.5842893999999,4,Refineries,15,refineries-light-liquid-fuel,2134.52,178,177,175,REF-SMR-MEA,REF(H2)-MEA,REF-SMR,0.622573543,0.231,0.208,0.17,0.0,0.0,678.4894344371378,682.5657872661224,704.4289424577778,47.98003797936,46.4356079639,44.0,630.5093964577778,636.1301793022224,660.4289424577778,3.4499999999999997,0.023,0.019,0.231,0.4144009225333334,0.4040080408666667,0.6181601225333334,C301
E105,C946,946,GR,EL522,40.6535397,22.9185681,4,Refineries,15,refineries-light-liquid-fuel,964.92,178,177,175,REF-SMR-MEA,REF(H2)-MEA,REF-SMR,0.622573543,0.231,0.208,0.17,0.0,0.0,678.4894344371378,682.5657872661224,704.4289424577778,47.98003797936,46.4356079639,44.0,630.5093964577778,636.1301793022224,660.4289424577778,3.4499999999999997,0.023,0.019,0.231,0.4144009225333334,0.4040080408666667,0.6181601225333334,C307
E106,C947,947,GR,EL652,37.9282447,23.1433311,4,Refineries,15,refineries-light-liquid-fuel,1608.2,178,177,175,REF-SMR-MEA,REF(H2)-MEA,REF-SMR,0.622573543,0.231,0.208,0.17,0.0,0.0,678.4894344371378,682.5657872661224,704.4289424577778,47.98003797936,46.4356079639,44.0,630.5093964577778,636.1301793022224,660.4289424577778,3.4499999999999997,0.023,0.019,0.231,0.4144009225333334,0.4040080408666667,0.6181601225333334,C308
E107,C948,948,GR,EL306,38.0499753,23.5592398,4,Refineries,15,refineries-light-liquid-fuel,1462.0,178,177,175,REF-SMR-MEA,REF(H2)-MEA,REF-SMR,0.622573543,0.231,0.208,0.17,0.0,0.0,678.4894344371378,682.5657872661224,704.4289424577778,47.98003797936,46.4356079639,44.0,630.5093964577778,636.1301793022224,660.4289424577778,3.4499999999999997,0.023,0.019,0.231,0.4144009225333334,0.4040080408666667,0.6181601225333334,C301
E806,C950,950,GR,EL306,38.0436223999999,23.5833854,1,Steel,2,steel-secondary,170.0869565,214,218,214,Scraps EAF,EU-mix-2050,Scraps EAF,0.143477203,0.04,0.0,0.0,0.0,0.0,531.9477585,531.9477585,531.9477585,18.0,18.0,18.0,513.9477585,513.9477585,513.9477585,6.0,0.04,0.04,0.04,0.0973878205,0.0973878205,0.0973878205,C301
E807,C951,951,GR,EL306,38.0418355999999,23.5062120999999,1,Steel,2,steel-secondary,340.173913,214,218,214,Scraps EAF,EU-mix-2050,Scraps EAF,0.143477203,0.04,0.0,0.0,0.0,0.0,531.9477585,531.9477585,531.9477585,18.0,18.0,18.0,513.9477585,513.9477585,513.9477585,6.0,0.04,0.04,0.04,0.0973878205,0.0973878205,0.0973878205,C301
E808,C952,952,GR,EL522,40.7026289,22.8164583,1,Steel,2,steel-secondary,255.1304348,214,218,214,Scraps EAF,EU-mix-2050,Scraps EAF,0.143477203,0.04,0.0,0.0,0.0,0.0,531.9477585,531.9477585,531.9477585,18.0,18.0,18.0,513.9477585,513.9477585,513.9477585,6.0,0.04,0.04,0.04,0.0973878205,0.0973878205,0.0973878205,C307
E809,C953,953,GR,EL613,39.3809140999999,22.7451966,1,Steel,2,steel-secondary,191.3478261,214,218,214,Scraps EAF,EU-mix-2050,Scraps EAF,0.143477203,0.04,0.0,0.0,0.0,0.0,531.9477585,531.9477585,531.9477585,18.0,18.0,18.0,513.9477585,513.9477585,513.9477585,6.0,0.04,0.04,0.04,0.0973878205,0.0973878205,0.0973878205,C309
E810,C954,954,GR,EL613,39.1686175,22.840109,1,Steel,2,steel-secondary,510.2608696,214,218,214,Scraps EAF,EU-mix-2050,Scraps EAF,0.143477203,0.04,0.0,0.0,0.0,0.0,531.9477585,531.9477585,531.9477585,18.0,18.0,18.0,513.9477585,513.9477585,513.9477585,6.0,0.04,0.04,0.04,0.0973878205,0.0973878205,0.0973878205,C310
E2233,C958,958,HR,HR028,45.471282,16.7945123,5,Fertilisers,18,fertiliser-ammonia,342.51599999999996,105,107,107,(NG)NH3-MVR-DEA,(BM)NH3,(BM)NH3,2.07811468,1.742,1.42,0.0,0.0,0.0,482.6432713651555,490.9891,490.9891,120.3508298096,170.0,170.0,362.2924415555555,320.9891,320.9891,30.3,0.202,0.0,0.0,0.46096393166666666,0.1487316,0.1487316,C311
E2234,C958,958,HR,HR028,45.471282,16.7945123,5,Fertilisers,18,fertiliser-nitric-acid,317.4,117,118,117,(BM)HNO3,(BM)HNO3-DEA,(BM)HNO3,0.455609314,0.409,0.0,0.736,0.0,0.736,97.43214512,105.90694141568,97.43214512,30.0,38.47479629568,30.0,67.43214512,67.43214512,67.43214512,0.0,0.0,-0.736,0.0,0.0,-0.736,0.0,C311
E4067,C958,958,HR,HR028,45.471282,16.7945123,5,Fertilisers,18,fertiliser-urea,377.775,130,131,130,(BM)Urea,(BM)Urea-DEA,(BM)Urea,0.345423371,0.186,0.0,1.451,0.0,1.451,195.9229408,212.63072534488,195.9229408,11.0,27.707784544880003,11.0,184.9229408,184.9229408,184.9229408,0.0,0.0,-1.451,0.0,0.0578748,-1.3931252,0.0578748,C311
E813,C959,959,HR,HR028,45.4522333,16.3929309,1,Steel,2,steel-secondary,88.97196262,214,218,214,Scraps EAF,EU-mix-2050,Scraps EAF,0.143477203,0.04,0.0,0.0,0.0,0.0,531.9477585,531.9477585,531.9477585,18.0,18.0,18.0,513.9477585,513.9477585,513.9477585,6.0,0.04,0.04,0.04,0.0973878205,0.0973878205,0.0973878205,C312
E1676,C960,960,HR,HR036,44.8636079999999,13.827304,2,Cement,8,cement,169.8541576,34,63,36,CEM2-(Afm)Oxy-MEA,EU-mix-2050,CEM2-(BMW),0.536074117,0.49818,0.485,0.501418443,0.0,0.0,69.07946884110001,69.18344591111111,104.71368770000001,18.088320381099997,12.345486,3.0,50.991148460000005,56.83795991111111,101.71368770000001,13.799999999999999,0.092,0.033971836,0.342,0.11191325199999999,0.05687816046263333,0.3516348,C313
E1677,C962,962,HR,HR025,45.4603304999999,18.0420209,2,Cement,8,cement,948.3012074,34,63,36,CEM2-(Afm)Oxy-MEA,EU-mix-2050,CEM2-(BMW),0.536074117,0.49818,0.485,0.501418443,0.0,0.0,69.07946884110001,69.18344591111111,104.71368770000001,18.088320381099997,12.345486,3.0,50.991148460000005,56.83795991111111,101.71368770000001,13.799999999999999,0.092,0.033971836,0.342,0.11191325199999999,0.05687816046263333,0.3516348,C314
E108,C963,963,HR,HR031,45.2857819,14.5338008,4,Refineries,15,refineries-light-liquid-fuel,1315.8,178,177,175,REF-SMR-MEA,REF(H2)-MEA,REF-SMR,0.622573543,0.231,0.208,0.17,0.0,0.0,678.4894344371378,682.5657872661224,704.4289424577778,47.98003797936,46.4356079639,44.0,630.5093964577778,636.1301793022224,660.4289424577778,3.4499999999999997,0.023,0.019,0.231,0.4144009225333334,0.4040080408666667,0.6181601225333334,C315
E109,C964,964,HR,HR028,45.4653793,16.3829862,4,Refineries,15,refineries-light-liquid-fuel,643.28,178,177,175,REF-SMR-MEA,REF(H2)-MEA,REF-SMR,0.622573543,0.231,0.208,0.17,0.0,0.0,678.4894344371378,682.5657872661224,704.4289424577778,47.98003797936,46.4356079639,44.0,630.5093964577778,636.1301793022224,660.4289424577778,3.4499999999999997,0.023,0.019,0.231,0.4144009225333334,0.4040080408666667,0.6181601225333334,C312
E1678,C965,965,HR,HR035,43.5425572999999,16.4411829,2,Cement,8,cement,1417.379113,34,63,36,CEM2-(Afm)Oxy-MEA,EU-mix-2050,CEM2-(BMW),0.536074117,0.49818,0.485,0.501418443,0.0,0.0,69.07946884110001,69.18344591111111,104.71368770000001,18.088320381099997,12.345486,3.0,50.991148460000005,56.83795991111111,101.71368770000001,13.799999999999999,0.092,0.033971836,0.342,0.11191325199999999,0.05687816046263333,0.3516348,C316
E2031,C966,966,HR,HR064,46.2211598,15.7059123,3,Glass,11,glass-container,356.2310436,140,146,145,(NG)-CC,(EL)-CC,(EL),0.44358809,0.338,0.097,0.021,0.0,0.0,251.80920304444447,260.61025659999996,267.09275660000003,68.483,53.919,50.0,183.32620304444447,206.6912566,217.09275660000003,1.6499999999999997,0.011,0.002,0.073,0.08259808833333333,0.1719824,0.2425564,C317
E1679,C967,967,HR,HR036,44.9672095999999,14.1220196999999,2,Cement,8,cement,507.1440475,34,63,36,CEM2-(Afm)Oxy-MEA,EU-mix-2050,CEM2-(BMW),0.536074117,0.49818,0.485,0.501418443,0.0,0.0,69.07946884110001,69.18344591111111,104.71368770000001,18.088320381099997,12.345486,3.0,50.991148460000005,56.83795991111111,101.71368770000001,13.799999999999999,0.092,0.033971836,0.342,0.11191325199999999,0.05687816046263333,0.3516348,C318
E2243,C970,970,HU,HU213,47.1666306999999,18.1283476999999,5,Fertilisers,18,fertiliser-ammonia,265.65,105,107,107,(NG)NH3-MVR-DEA,(BM)NH3,(BM)NH3,2.07811468,1.742,1.42,0.0,0.0,0.0,482.6432713651555,490.9891,490.9891,120.3508298096,170.0,170.0,362.2924415555555,320.9891,320.9891,30.3,0.202,0.0,0.0,0.46096393166666666,0.1487316,0.1487316,C319
E2244,C970,970,HU,HU213,47.1666306999999,18.1283476999999,5,Fertilisers,18,fertiliser-nitric-acid,372.59999999999997,117,118,117,(BM)HNO3,(BM)HNO3-DEA,(BM)HNO3,0.455609314,0.409,0.0,0.736,0.0,0.736,97.43214512,105.90694141568,97.43214512,30.0,38.47479629568,30.0,67.43214512,67.43214512,67.43214512,0.0,0.0,-0.736,0.0,0.0,-0.736,0.0,C319
E4042,C970,970,HU,HU213,47.1666306999999,18.1283476999999,5,Fertilisers,18,fertiliser-urea,85.1736,130,131,130,(BM)Urea,(BM)Urea-DEA,(BM)Urea,0.345423371,0.186,0.0,1.451,0.0,1.451,195.9229408,212.63072534488,195.9229408,11.0,27.707784544880003,11.0,184.9229408,184.9229408,184.9229408,0.0,0.0,-1.451,0.0,0.0578748,-1.3931252,0.0578748,C319
E815,C971,971,HU,HU311,48.2392340999999,20.3303002,1,Steel,2,steel-secondary,329.0,214,218,214,Scraps EAF,EU-mix-2050,Scraps EAF,0.143477203,0.04,0.0,0.0,0.0,0.0,531.9477585,531.9477585,531.9477585,18.0,18.0,18.0,513.9477585,513.9477585,513.9477585,6.0,0.04,0.04,0.04,0.0973878205,0.0973878205,0.0973878205,C320
E2354,C972,972,HU,HU311,48.2491885,20.6470085999999,6,Chemical,19,chemical-olefins,43.56271,83,82,82,(LN)O-MEA,(LN)O,(LN)O,1.348312693,0.967,1.002,0.0,0.0,0.0,730.4031431035622,746.908569,746.908569,106.49401988134,55.0,55.0,623.9091232222222,691.908569,691.908569,16.65,0.111,0.967,0.967,0.5322865194666667,1.3156651228,1.3156651228,C321
E2492,C972,972,HU,HU311,48.2491885,20.6470085999999,6,Chemical,20,chemical-PEA,43.406178,74,77,77,(NG)PEA-MEA,(EL)PEA,(EL)PEA,0.600555118,0.459,0.443,0.0,0.0,0.0,1250.9949502544825,1272.57565,1272.57565,120.499307810038,111.0,111.0,1130.4956424444445,1161.57565,1161.57565,7.35,0.049,0.0,0.0,0.16401245333333336,0.284634,0.284634,C321
E2619,C972,972,HU,HU311,48.2491885,20.6470085999999,6,Chemical,21,chemical-PE,47.165769,65,68,68,(NG)PE-MEA,(EL)PE,(EL)PE,0.050040025,0.016,0.015,0.0,0.0,0.0,1000.7329960451451,1001.8245000000001,1001.8245000000001,37.033860045145,37.0,37.0,963.6991360000001,964.8245000000001,964.8245000000001,0.3,0.002,0.0,0.0,0.02090579,0.024953999999999997,0.024953999999999997,C321
E1886,C973,973,HU,HU311,47.9145019999999,21.0238382,6,Chemical,19,chemical-olefins,660.0,83,82,82,(LN)O-MEA,(LN)O,(LN)O,1.348312693,0.967,1.002,0.0,0.0,0.0,730.4031431035622,746.908569,746.908569,106.49401988134,55.0,55.0,623.9091232222222,691.908569,691.908569,16.65,0.111,0.967,0.967,0.5322865194666667,1.3156651228,1.3156651228,C322
E1887,C973,973,HU,HU311,47.9145019999999,21.0238382,6,Chemical,21,chemical-PE,765.0,65,68,68,(NG)PE-MEA,(EL)PE,(EL)PE,0.050040025,0.016,0.015,0.0,0.0,0.0,1000.7329960451451,1001.8245000000001,1001.8245000000001,37.033860045145,37.0,37.0,963.6991360000001,964.8245000000001,964.8245000000001,0.3,0.002,0.0,0.0,0.02090579,0.024953999999999997,0.024953999999999997,C322
E2300,C973,973,HU,HU311,47.9145019999999,21.0238382,6,Chemical,19,chemical-olefins,130.0,83,82,82,(LN)O-MEA,(LN)O,(LN)O,1.348312693,0.967,1.002,0.0,0.0,0.0,730.4031431035622,746.908569,746.908569,106.49401988134,55.0,55.0,623.9091232222222,691.908569,691.908569,16.65,0.111,0.967,0.967,0.5322865194666667,1.3156651228,1.3156651228,C322
E2355,C975,975,HU,HU311,48.2485339999999,20.647853,6,Chemical,19,chemical-olefins,43.56271,83,82,82,(LN)O-MEA,(LN)O,(LN)O,1.348312693,0.967,1.002,0.0,0.0,0.0,730.4031431035622,746.908569,746.908569,106.49401988134,55.0,55.0,623.9091232222222,691.908569,691.908569,16.65,0.111,0.967,0.967,0.5322865194666667,1.3156651228,1.3156651228,C321
E2493,C975,975,HU,HU311,48.2485339999999,20.647853,6,Chemical,20,chemical-PEA,43.406178,74,77,77,(NG)PEA-MEA,(EL)PEA,(EL)PEA,0.600555118,0.459,0.443,0.0,0.0,0.0,1250.9949502544825,1272.57565,1272.57565,120.499307810038,111.0,111.0,1130.4956424444445,1161.57565,1161.57565,7.35,0.049,0.0,0.0,0.16401245333333336,0.284634,0.284634,C321
E2620,C975,975,HU,HU311,48.2485339999999,20.647853,6,Chemical,21,chemical-PE,47.165769,65,68,68,(NG)PE-MEA,(EL)PE,(EL)PE,0.050040025,0.016,0.015,0.0,0.0,0.0,1000.7329960451451,1001.8245000000001,1001.8245000000001,37.033860045145,37.0,37.0,963.6991360000001,964.8245000000001,964.8245000000001,0.3,0.002,0.0,0.0,0.02090579,0.024953999999999997,0.024953999999999997,C321
E2356,C976,976,HU,HU311,47.9167327999999,21.0231327,6,Chemical,19,chemical-olefins,43.56271,83,82,82,(LN)O-MEA,(LN)O,(LN)O,1.348312693,0.967,1.002,0.0,0.0,0.0,730.4031431035622,746.908569,746.908569,106.49401988134,55.0,55.0,623.9091232222222,691.908569,691.908569,16.65,0.111,0.967,0.967,0.5322865194666667,1.3156651228,1.3156651228,C322
E2494,C976,976,HU,HU311,47.9167327999999,21.0231327,6,Chemical,20,chemical-PEA,43.406178,74,77,77,(NG)PEA-MEA,(EL)PEA,(EL)PEA,0.600555118,0.459,0.443,0.0,0.0,0.0,1250.9949502544825,1272.57565,1272.57565,120.499307810038,111.0,111.0,1130.4956424444445,1161.57565,1161.57565,7.35,0.049,0.0,0.0,0.16401245333333336,0.284634,0.284634,C322
E2621,C976,976,HU,HU311,47.9167327999999,21.0231327,6,Chemical,21,chemical-PE,47.165769,65,68,68,(NG)PE-MEA,(EL)PE,(EL)PE,0.050040025,0.016,0.015,0.0,0.0,0.0,1000.7329960451451,1001.8245000000001,1001.8245000000001,37.033860045145,37.0,37.0,963.6991360000001,964.8245000000001,964.8245000000001,0.3,0.002,0.0,0.0,0.02090579,0.024953999999999997,0.024953999999999997,C322
E1684,C979,979,HU,HU120,47.8037601999999,19.104893,2,Cement,8,cement,753.7335185,34,63,36,CEM2-(Afm)Oxy-MEA,EU-mix-2050,CEM2-(BMW),0.536074117,0.49818,0.485,0.501418443,0.0,0.0,69.07946884110001,69.18344591111111,104.71368770000001,18.088320381099997,12.345486,3.0,50.991148460000005,56.83795991111111,101.71368770000001,13.799999999999999,0.092,0.033971836,0.342,0.11191325199999999,0.05687816046263333,0.3516348,C323
E1685,C980,980,HU,HU231,45.8127526999999,18.396291,2,Cement,8,cement,608.6792645,34,63,36,CEM2-(Afm)Oxy-MEA,EU-mix-2050,CEM2-(BMW),0.536074117,0.49818,0.485,0.501418443,0.0,0.0,69.07946884110001,69.18344591111111,104.71368770000001,18.088320381099997,12.345486,3.0,50.991148460000005,56.83795991111111,101.71368770000001,13.799999999999999,0.092,0.033971836,0.342,0.11191325199999999,0.05687816046263333,0.3516348,C324
E816,C982,982,HU,HU211,46.9507728999999,18.9458285999999,1,Steel,1,steel-primary,1650.0,204,203,203,(NG)DRI-EAF-MEA,(NG)DRI-EAF,(NG)DRI-EAF,2.36399401,2.002,0.586,0.0,0.0,0.0,435.4523586444444,502.38245864444445,502.38245864444445,46.0,32.0,32.0,389.4523586444444,470.38245864444445,470.38245864444445,9.75,0.065,0.651,0.651,0.20736103233333333,0.7814126323333334,0.7814126323333334,C325
E2068,C983,983,HU,HU332,46.5773932,20.6869494,3,Glass,11,glass-container,191.4216912,140,146,145,(NG)-CC,(EL)-CC,(EL),0.44358809,0.338,0.097,0.021,0.0,0.0,251.80920304444447,260.61025659999996,267.09275660000003,68.483,53.919,50.0,183.32620304444447,206.6912566,217.09275660000003,1.6499999999999997,0.011,0.002,0.073,0.08259808833333333,0.1719824,0.2425564,C326
E2177,C986,986,HU,HU332,46.5833546,20.690614,3,Glass,12,glass-float,223.5604126,164,170,169,(NG)-CC,(EL)-CC,(EL),0.580169919,0.487,0.14,0.052,0.0,0.0,250.42840994222226,260.07431572,277.62331572,83.46000000000001,66.228,58.0,166.96840994222225,193.84631572000004,219.62331572,2.4,0.016,0.006,0.182,0.08442004666666666,0.1873836,0.36231559999999996,C326
E1686,C987,987,HU,HU231,46.0148271999999,17.9843291,2,Cement,8,cement,698.6496595,34,63,36,CEM2-(Afm)Oxy-MEA,EU-mix-2050,CEM2-(BMW),0.536074117,0.49818,0.485,0.501418443,0.0,0.0,69.07946884110001,69.18344591111111,104.71368770000001,18.088320381099997,12.345486,3.0,50.991148460000005,56.83795991111111,101.71368770000001,13.799999999999999,0.092,0.033971836,0.342,0.11191325199999999,0.05687816046263333,0.3516348,C327
E110,C988,988,IE,IE053,51.8206332,-8.24086179999999,4,Refineries,15,refineries-light-liquid-fuel,1052.6399999999999,178,177,175,REF-SMR-MEA,REF(H2)-MEA,REF-SMR,0.622573543,0.231,0.208,0.17,0.0,0.0,678.4894344371378,682.5657872661224,704.4289424577778,47.98003797936,46.4356079639,44.0,630.5093964577778,636.1301793022224,660.4289424577778,3.4499999999999997,0.023,0.019,0.231,0.4144009225333334,0.4040080408666667,0.6181601225333334,C328
E1688,C990,990,IE,IE051,52.641263,-8.6885905,2,Cement,8,cement,1080.110914,34,63,36,CEM2-(Afm)Oxy-MEA,EU-mix-2050,CEM2-(BMW),0.536074117,0.49818,0.485,0.501418443,0.0,0.0,69.07946884110001,69.18344591111111,104.71368770000001,18.088320381099997,12.345486,3.0,50.991148460000005,56.83795991111111,101.71368770000001,13.799999999999999,0.092,0.033971836,0.342,0.11191325199999999,0.05687816046263333,0.3516348,C329
E1689,C991,991,IE,IE062,53.6840502,-6.3878095,2,Cement,8,cement,1506.432147,34,63,36,CEM2-(Afm)Oxy-MEA,EU-mix-2050,CEM2-(BMW),0.536074117,0.49818,0.485,0.501418443,0.0,0.0,69.07946884110001,69.18344591111111,104.71368770000001,18.088320381099997,12.345486,3.0,50.991148460000005,56.83795991111111,101.71368770000001,13.799999999999999,0.092,0.033971836,0.342,0.11191325199999999,0.05687816046263333,0.3516348,C330
E1692,C994,994,IE,IE062,53.434134,-7.143366,2,Cement,8,cement,661.3123577,34,63,36,CEM2-(Afm)Oxy-MEA,EU-mix-2050,CEM2-(BMW),0.536074117,0.49818,0.485,0.501418443,0.0,0.0,69.07946884110001,69.18344591111111,104.71368770000001,18.088320381099997,12.345486,3.0,50.991148460000005,56.83795991111111,101.71368770000001,13.799999999999999,0.092,0.033971836,0.342,0.11191325199999999,0.05687816046263333,0.3516348,C331
E1693,C995,995,IE,IE041,41.3124310999999,-74.1429430999999,2,Cement,8,cement,1188.682519,34,63,36,CEM2-(Afm)Oxy-MEA,EU-mix-2050,CEM2-(BMW),0.536074117,0.49818,0.485,0.501418443,0.0,0.0,69.07946884110001,69.18344591111111,104.71368770000001,18.088320381099997,12.345486,3.0,50.991148460000005,56.83795991111111,101.71368770000001,13.799999999999999,0.092,0.033971836,0.342,0.11191325199999999,0.05687816046263333,0.3516348,C332
E1993,C996,996,IT,ITC41,45.5980764999999,9.0060894,3,Glass,11,glass-container,164.1160884,140,146,145,(NG)-CC,(EL)-CC,(EL),0.44358809,0.338,0.097,0.021,0.0,0.0,251.80920304444447,260.61025659999996,267.09275660000003,68.483,53.919,50.0,183.32620304444447,206.6912566,217.09275660000003,1.6499999999999997,0.011,0.002,0.073,0.08259808833333333,0.1719824,0.2425564,C333
E2084,C997,997,IT,ITC4C,45.398735,8.951024,3,Glass,11,glass-container,62.11128887,140,146,145,(NG)-CC,(EL)-CC,(EL),0.44358809,0.338,0.097,0.021,0.0,0.0,251.80920304444447,260.61025659999996,267.09275660000003,68.483,53.919,50.0,183.32620304444447,206.6912566,217.09275660000003,1.6499999999999997,0.011,0.002,0.073,0.08259808833333333,0.1719824,0.2425564,C333
E2195,C999,999,IT,ITC4D,45.7037049999999,9.2808949,3,Glass,13,glass-fibre,119.3665459,158,152,157,(EL)-CC,(NG)-CC,(EL),0.827356012,0.634,0.066,0.183,0.0,0.0,328.847314,329.405778,350.893514,81.174,109.437,71.0,247.673314,219.968778,279.893514,1.05,0.007,0.02,0.227,0.2712316,0.14762786,0.48989479999999996,C333
E818,C1000,1000,IT,ITH42,45.7891836,13.2296488,1,Steel,2,steel-secondary,684.2468917,214,218,214,Scraps EAF,EU-mix-2050,Scraps EAF,0.143477203,0.04,0.0,0.0,0.0,0.0,531.9477585,531.9477585,531.9477585,18.0,18.0,18.0,513.9477585,513.9477585,513.9477585,6.0,0.04,0.04,0.04,0.0973878205,0.0973878205,0.0973878205,C334
E2061,C1001,1001,IT,ITC4C,45.4289779,9.0925283,3,Glass,11,glass-container,216.0975569,140,146,145,(NG)-CC,(EL)-CC,(EL),0.44358809,0.338,0.097,0.021,0.0,0.0,251.80920304444447,260.61025659999996,267.09275660000003,68.483,53.919,50.0,183.32620304444447,206.6912566,217.09275660000003,1.6499999999999997,0.011,0.002,0.073,0.08259808833333333,0.1719824,0.2425564,C333
E1864,C1002,1002,IT,ITH56,44.8585573,11.5955356,6,Chemical,21,chemical-PE,254.0,65,68,68,(NG)PE-MEA,(EL)PE,(EL)PE,0.050040025,0.016,0.015,0.0,0.0,0.0,1000.7329960451451,1001.8245000000001,1001.8245000000001,37.033860045145,37.0,37.0,963.6991360000001,964.8245000000001,964.8245000000001,0.3,0.002,0.0,0.0,0.02090579,0.024953999999999997,0.024953999999999997,C335
E2357,C1004,1004,IT,ITC4D,45.6349927999999,9.1087494,6,Chemical,19,chemical-olefins,43.56271,83,82,82,(LN)O-MEA,(LN)O,(LN)O,1.348312693,0.967,1.002,0.0,0.0,0.0,730.4031431035622,746.908569,746.908569,106.49401988134,55.0,55.0,623.9091232222222,691.908569,691.908569,16.65,0.111,0.967,0.967,0.5322865194666667,1.3156651228,1.3156651228,C333
E2495,C1004,1004,IT,ITC4D,45.6349927999999,9.1087494,6,Chemical,20,chemical-PEA,43.406178,74,77,77,(NG)PEA-MEA,(EL)PEA,(EL)PEA,0.600555118,0.459,0.443,0.0,0.0,0.0,1250.9949502544825,1272.57565,1272.57565,120.499307810038,111.0,111.0,1130.4956424444445,1161.57565,1161.57565,7.35,0.049,0.0,0.0,0.16401245333333336,0.284634,0.284634,C333
E2622,C1004,1004,IT,ITC4D,45.6349927999999,9.1087494,6,Chemical,21,chemical-PE,47.165769,65,68,68,(NG)PE-MEA,(EL)PE,(EL)PE,0.050040025,0.016,0.015,0.0,0.0,0.0,1000.7329960451451,1001.8245000000001,1001.8245000000001,37.033860045145,37.0,37.0,963.6991360000001,964.8245000000001,964.8245000000001,0.3,0.002,0.0,0.0,0.02090579,0.024953999999999997,0.024953999999999997,C333
E2170,C1005,1005,IT,ITH42,45.7708982999999,13.2293845,3,Glass,12,glass-float,245.8315324,164,170,169,(NG)-CC,(EL)-CC,(EL),0.580169919,0.487,0.14,0.052,0.0,0.0,250.42840994222226,260.07431572,277.62331572,83.46000000000001,66.228,58.0,166.96840994222225,193.84631572000004,219.62331572,2.4,0.016,0.006,0.182,0.08442004666666666,0.1873836,0.36231559999999996,C334
E2075,C1006,1006,IT,ITC4C,45.5275267999999,9.2203502,3,Glass,11,glass-container,160.2506416,140,146,145,(NG)-CC,(EL)-CC,(EL),0.44358809,0.338,0.097,0.021,0.0,0.0,251.80920304444447,260.61025659999996,267.09275660000003,68.483,53.919,50.0,183.32620304444447,206.6912566,217.09275660000003,1.6499999999999997,0.011,0.002,0.073,0.08259808833333333,0.1719824,0.2425564,C333
E2080,C1007,1007,IT,ITC4C,45.4174002999999,9.08003609999999,3,Glass,11,glass-container,177.1089558,140,146,145,(NG)-CC,(EL)-CC,(EL),0.44358809,0.338,0.097,0.021,0.0,0.0,251.80920304444447,260.61025659999996,267.09275660000003,68.483,53.919,50.0,183.32620304444447,206.6912566,217.09275660000003,1.6499999999999997,0.011,0.002,0.073,0.08259808833333333,0.1719824,0.2425564,C333
E1695,C1008,1008,IT,ITC46,45.68677,9.46829,2,Cement,8,cement,1253.455855,34,63,36,CEM2-(Afm)Oxy-MEA,EU-mix-2050,CEM2-(BMW),0.536074117,0.49818,0.485,0.501418443,0.0,0.0,69.07946884110001,69.18344591111111,104.71368770000001,18.088320381099997,12.345486,3.0,50.991148460000005,56.83795991111111,101.71368770000001,13.799999999999999,0.092,0.033971836,0.342,0.11191325199999999,0.05687816046263333,0.3516348,C333
E819,C1009,1009,IT,ITC46,45.6466515999999,9.60047299999999,1,Steel,2,steel-secondary,622.0426288,214,218,214,Scraps EAF,EU-mix-2050,Scraps EAF,0.143477203,0.04,0.0,0.0,0.0,0.0,531.9477585,531.9477585,531.9477585,18.0,18.0,18.0,513.9477585,513.9477585,513.9477585,6.0,0.04,0.04,0.04,0.0973878205,0.0973878205,0.0973878205,C333
E820,C1010,1010,IT,ITC46,45.8054539,10.0674553,1,Steel,2,steel-secondary,133.294849,214,218,214,Scraps EAF,EU-mix-2050,Scraps EAF,0.143477203,0.04,0.0,0.0,0.0,0.0,531.9477585,531.9477585,531.9477585,18.0,18.0,18.0,513.9477585,513.9477585,513.9477585,6.0,0.04,0.04,0.04,0.0973878205,0.0973878205,0.0973878205,C336
E822,C1012,1012,IT,ITC47,45.9601650999999,10.3126801,1,Steel,2,steel-secondary,88.86323268,214,218,214,Scraps EAF,EU-mix-2050,Scraps EAF,0.143477203,0.04,0.0,0.0,0.0,0.0,531.9477585,531.9477585,531.9477585,18.0,18.0,18.0,513.9477585,513.9477585,513.9477585,6.0,0.04,0.04,0.04,0.0973878205,0.0973878205,0.0973878205,C337
E823,C1013,1013,IT,ITC47,45.5657569999999,10.2144742999999,1,Steel,2,steel-secondary,577.6110124,214,218,214,Scraps EAF,EU-mix-2050,Scraps EAF,0.143477203,0.04,0.0,0.0,0.0,0.0,531.9477585,531.9477585,531.9477585,18.0,18.0,18.0,513.9477585,513.9477585,513.9477585,6.0,0.04,0.04,0.04,0.0973878205,0.0973878205,0.0973878205,C336
E824,C1014,1014,IT,ITC47,45.5092402,10.250423,1,Steel,2,steel-secondary,1066.358792,214,218,214,Scraps EAF,EU-mix-2050,Scraps EAF,0.143477203,0.04,0.0,0.0,0.0,0.0,531.9477585,531.9477585,531.9477585,18.0,18.0,18.0,513.9477585,513.9477585,513.9477585,6.0,0.04,0.04,0.04,0.0973878205,0.0973878205,0.0973878205,C336
E828,C1018,1018,IT,ITC47,45.6429204,10.3823861,1,Steel,2,steel-secondary,799.7690941,214,218,214,Scraps EAF,EU-mix-2050,Scraps EAF,0.143477203,0.04,0.0,0.0,0.0,0.0,531.9477585,531.9477585,531.9477585,18.0,18.0,18.0,513.9477585,513.9477585,513.9477585,6.0,0.04,0.04,0.04,0.0973878205,0.0973878205,0.0973878205,C336
E829,C1019,1019,IT,ITC47,45.5476626999999,10.0870427,1,Steel,2,steel-secondary,133.294849,214,218,214,Scraps EAF,EU-mix-2050,Scraps EAF,0.143477203,0.04,0.0,0.0,0.0,0.0,531.9477585,531.9477585,531.9477585,18.0,18.0,18.0,513.9477585,513.9477585,513.9477585,6.0,0.04,0.04,0.04,0.0973878205,0.0973878205,0.0973878205,C336
E1696,C1020,1020,IT,ITC47,45.5149945,10.3439523999999,2,Cement,8,cement,1451.407052,34,63,36,CEM2-(Afm)Oxy-MEA,EU-mix-2050,CEM2-(BMW),0.536074117,0.49818,0.485,0.501418443,0.0,0.0,69.07946884110001,69.18344591111111,104.71368770000001,18.088320381099997,12.345486,3.0,50.991148460000005,56.83795991111111,101.71368770000001,13.799999999999999,0.092,0.033971836,0.342,0.11191325199999999,0.05687816046263333,0.3516348,C336
E830,C1021,1021,IT,ITC47,45.4766523999999,10.2124301,1,Steel,2,steel-secondary,710.9058615,214,218,214,Scraps EAF,EU-mix-2050,Scraps EAF,0.143477203,0.04,0.0,0.0,0.0,0.0,531.9477585,531.9477585,531.9477585,18.0,18.0,18.0,513.9477585,513.9477585,513.9477585,6.0,0.04,0.04,0.04,0.0973878205,0.0973878205,0.0973878205,C336
E831,C1022,1022,IT,ITC47,45.6491964,10.2083727999999,1,Steel,2,steel-secondary,479.8614565,214,218,214,Scraps EAF,EU-mix-2050,Scraps EAF,0.143477203,0.04,0.0,0.0,0.0,0.0,531.9477585,531.9477585,531.9477585,18.0,18.0,18.0,513.9477585,513.9477585,513.9477585,6.0,0.04,0.04,0.04,0.0973878205,0.0973878205,0.0973878205,C336
E111,C1023,1023,IT,ITC48,45.1021559,8.8974777,4,Refineries,15,refineries-light-liquid-fuel,3274.88,178,177,175,REF-SMR-MEA,REF(H2)-MEA,REF-SMR,0.622573543,0.231,0.208,0.17,0.0,0.0,678.4894344371378,682.5657872661224,704.4289424577778,47.98003797936,46.4356079639,44.0,630.5093964577778,636.1301793022224,660.4289424577778,3.4499999999999997,0.023,0.019,0.231,0.4144009225333334,0.4040080408666667,0.6181601225333334,C338
E832,C1024,1024,IT,ITC4A,45.1501907,9.9437508,1,Steel,2,steel-secondary,3421.234458,214,218,214,Scraps EAF,EU-mix-2050,Scraps EAF,0.143477203,0.04,0.0,0.0,0.0,0.0,531.9477585,531.9477585,531.9477585,18.0,18.0,18.0,513.9477585,513.9477585,513.9477585,6.0,0.04,0.04,0.04,0.0973878205,0.0973878205,0.0973878205,C339
E1865,C1025,1025,IT,ITC4B,45.1456189,10.832546,6,Chemical,21,chemical-PE,1915.0,65,68,68,(NG)PE-MEA,(EL)PE,(EL)PE,0.050040025,0.016,0.015,0.0,0.0,0.0,1000.7329960451451,1001.8245000000001,1001.8245000000001,37.033860045145,37.0,37.0,963.6991360000001,964.8245000000001,964.8245000000001,0.3,0.002,0.0,0.0,0.02090579,0.024953999999999997,0.024953999999999997,C340
E2358,C1028,1028,IT,ITG19,37.1495229,15.194041,6,Chemical,19,chemical-olefins,43.56271,83,82,82,(LN)O-MEA,(LN)O,(LN)O,1.348312693,0.967,1.002,0.0,0.0,0.0,730.4031431035622,746.908569,746.908569,106.49401988134,55.0,55.0,623.9091232222222,691.908569,691.908569,16.65,0.111,0.967,0.967,0.5322865194666667,1.3156651228,1.3156651228,C341
E2496,C1028,1028,IT,ITG19,37.1495229,15.194041,6,Chemical,20,chemical-PEA,43.406178,74,77,77,(NG)PEA-MEA,(EL)PEA,(EL)PEA,0.600555118,0.459,0.443,0.0,0.0,0.0,1250.9949502544825,1272.57565,1272.57565,120.499307810038,111.0,111.0,1130.4956424444445,1161.57565,1161.57565,7.35,0.049,0.0,0.0,0.16401245333333336,0.284634,0.284634,C341
E2623,C1028,1028,IT,ITG19,37.1495229,15.194041,6,Chemical,21,chemical-PE,47.165769,65,68,68,(NG)PE-MEA,(EL)PE,(EL)PE,0.050040025,0.016,0.015,0.0,0.0,0.0,1000.7329960451451,1001.8245000000001,1001.8245000000001,37.033860045145,37.0,37.0,963.6991360000001,964.8245000000001,964.8245000000001,0.3,0.002,0.0,0.0,0.02090579,0.024953999999999997,0.024953999999999997,C341
E882,C1035,1035,IT,ITI22,42.5646814999999,12.6704273,1,Steel,2,steel-secondary,1288.516874,214,218,214,Scraps EAF,EU-mix-2050,Scraps EAF,0.143477203,0.04,0.0,0.0,0.0,0.0,531.9477585,531.9477585,531.9477585,18.0,18.0,18.0,513.9477585,513.9477585,513.9477585,6.0,0.04,0.04,0.04,0.0973878205,0.0973878205,0.0973878205,C342
E2561,C1038,1038,IT,ITC18,44.8836479,8.6684389,6,Chemical,21,chemical-PE,47.165769,65,68,68,(NG)PE-MEA,(EL)PE,(EL)PE,0.050040025,0.016,0.015,0.0,0.0,0.0,1000.7329960451451,1001.8245000000001,1001.8245000000001,37.033860045145,37.0,37.0,963.6991360000001,964.8245000000001,964.8245000000001,0.3,0.002,0.0,0.0,0.02090579,0.024953999999999997,0.024953999999999997,C343
E2359,C1040,1040,IT,ITF44,40.6374665,17.9870492,6,Chemical,19,chemical-olefins,43.56271,83,82,82,(LN)O-MEA,(LN)O,(LN)O,1.348312693,0.967,1.002,0.0,0.0,0.0,730.4031431035622,746.908569,746.908569,106.49401988134,55.0,55.0,623.9091232222222,691.908569,691.908569,16.65,0.111,0.967,0.967,0.5322865194666667,1.3156651228,1.3156651228,C344
E2497,C1040,1040,IT,ITF44,40.6374665,17.9870492,6,Chemical,20,chemical-PEA,43.406178,74,77,77,(NG)PEA-MEA,(EL)PEA,(EL)PEA,0.600555118,0.459,0.443,0.0,0.0,0.0,1250.9949502544825,1272.57565,1272.57565,120.499307810038,111.0,111.0,1130.4956424444445,1161.57565,1161.57565,7.35,0.049,0.0,0.0,0.16401245333333336,0.284634,0.284634,C344
E2624,C1040,1040,IT,ITF44,40.6374665,17.9870492,6,Chemical,21,chemical-PE,47.165769,65,68,68,(NG)PE-MEA,(EL)PE,(EL)PE,0.050040025,0.016,0.015,0.0,0.0,0.0,1000.7329960451451,1001.8245000000001,1001.8245000000001,37.033860045145,37.0,37.0,963.6991360000001,964.8245000000001,964.8245000000001,0.3,0.002,0.0,0.0,0.02090579,0.024953999999999997,0.024953999999999997,C344
E2360,C1042,1042,IT,ITC4B,44.930087,10.6021294,6,Chemical,19,chemical-olefins,43.56271,83,82,82,(LN)O-MEA,(LN)O,(LN)O,1.348312693,0.967,1.002,0.0,0.0,0.0,730.4031431035622,746.908569,746.908569,106.49401988134,55.0,55.0,623.9091232222222,691.908569,691.908569,16.65,0.111,0.967,0.967,0.5322865194666667,1.3156651228,1.3156651228,C345
E2498,C1042,1042,IT,ITC4B,44.930087,10.6021294,6,Chemical,20,chemical-PEA,43.406178,74,77,77,(NG)PEA-MEA,(EL)PEA,(EL)PEA,0.600555118,0.459,0.443,0.0,0.0,0.0,1250.9949502544825,1272.57565,1272.57565,120.499307810038,111.0,111.0,1130.4956424444445,1161.57565,1161.57565,7.35,0.049,0.0,0.0,0.16401245333333336,0.284634,0.284634,C345
E2625,C1042,1042,IT,ITC4B,44.930087,10.6021294,6,Chemical,21,chemical-PE,47.165769,65,68,68,(NG)PE-MEA,(EL)PE,(EL)PE,0.050040025,0.016,0.015,0.0,0.0,0.0,1000.7329960451451,1001.8245000000001,1001.8245000000001,37.033860045145,37.0,37.0,963.6991360000001,964.8245000000001,964.8245000000001,0.3,0.002,0.0,0.0,0.02090579,0.024953999999999997,0.024953999999999997,C345
E1979,C1051,1051,IT,ITC4B,45.0032964,11.1161092,3,Glass,11,glass-container,182.0859581,140,146,145,(NG)-CC,(EL)-CC,(EL),0.44358809,0.338,0.097,0.021,0.0,0.0,251.80920304444447,260.61025659999996,267.09275660000003,68.483,53.919,50.0,183.32620304444447,206.6912566,217.09275660000003,1.6499999999999997,0.011,0.002,0.073,0.08259808833333333,0.1719824,0.2425564,C346
E2361,C1055,1055,IT,ITI45,41.6161117999999,13.3098772,6,Chemical,19,chemical-olefins,43.56271,83,82,82,(LN)O-MEA,(LN)O,(LN)O,1.348312693,0.967,1.002,0.0,0.0,0.0,730.4031431035622,746.908569,746.908569,106.49401988134,55.0,55.0,623.9091232222222,691.908569,691.908569,16.65,0.111,0.967,0.967,0.5322865194666667,1.3156651228,1.3156651228,C347
E2499,C1055,1055,IT,ITI45,41.6161117999999,13.3098772,6,Chemical,20,chemical-PEA,43.406178,74,77,77,(NG)PEA-MEA,(EL)PEA,(EL)PEA,0.600555118,0.459,0.443,0.0,0.0,0.0,1250.9949502544825,1272.57565,1272.57565,120.499307810038,111.0,111.0,1130.4956424444445,1161.57565,1161.57565,7.35,0.049,0.0,0.0,0.16401245333333336,0.284634,0.284634,C347
E2626,C1055,1055,IT,ITI45,41.6161117999999,13.3098772,6,Chemical,21,chemical-PE,47.165769,65,68,68,(NG)PE-MEA,(EL)PE,(EL)PE,0.050040025,0.016,0.015,0.0,0.0,0.0,1000.7329960451451,1001.8245000000001,1001.8245000000001,37.033860045145,37.0,37.0,963.6991360000001,964.8245000000001,964.8245000000001,0.3,0.002,0.0,0.0,0.02090579,0.024953999999999997,0.024953999999999997,C347
E2362,C1056,1056,IT,ITH35,45.4487714999999,12.2300692,6,Chemical,19,chemical-olefins,43.56271,83,82,82,(LN)O-MEA,(LN)O,(LN)O,1.348312693,0.967,1.002,0.0,0.0,0.0,730.4031431035622,746.908569,746.908569,106.49401988134,55.0,55.0,623.9091232222222,691.908569,691.908569,16.65,0.111,0.967,0.967,0.5322865194666667,1.3156651228,1.3156651228,C348
E2500,C1056,1056,IT,ITH35,45.4487714999999,12.2300692,6,Chemical,20,chemical-PEA,43.406178,74,77,77,(NG)PEA-MEA,(EL)PEA,(EL)PEA,0.600555118,0.459,0.443,0.0,0.0,0.0,1250.9949502544825,1272.57565,1272.57565,120.499307810038,111.0,111.0,1130.4956424444445,1161.57565,1161.57565,7.35,0.049,0.0,0.0,0.16401245333333336,0.284634,0.284634,C348
E2627,C1056,1056,IT,ITH35,45.4487714999999,12.2300692,6,Chemical,21,chemical-PE,47.165769,65,68,68,(NG)PE-MEA,(EL)PE,(EL)PE,0.050040025,0.016,0.015,0.0,0.0,0.0,1000.7329960451451,1001.8245000000001,1001.8245000000001,37.033860045145,37.0,37.0,963.6991360000001,964.8245000000001,964.8245000000001,0.3,0.002,0.0,0.0,0.02090579,0.024953999999999997,0.024953999999999997,C348
E2363,C1057,1057,IT,ITC49,45.2724874,9.45245869999999,6,Chemical,19,chemical-olefins,43.56271,83,82,82,(LN)O-MEA,(LN)O,(LN)O,1.348312693,0.967,1.002,0.0,0.0,0.0,730.4031431035622,746.908569,746.908569,106.49401988134,55.0,55.0,623.9091232222222,691.908569,691.908569,16.65,0.111,0.967,0.967,0.5322865194666667,1.3156651228,1.3156651228,C349
E2501,C1057,1057,IT,ITC49,45.2724874,9.45245869999999,6,Chemical,20,chemical-PEA,43.406178,74,77,77,(NG)PEA-MEA,(EL)PEA,(EL)PEA,0.600555118,0.459,0.443,0.0,0.0,0.0,1250.9949502544825,1272.57565,1272.57565,120.499307810038,111.0,111.0,1130.4956424444445,1161.57565,1161.57565,7.35,0.049,0.0,0.0,0.16401245333333336,0.284634,0.284634,C349
E2628,C1057,1057,IT,ITC49,45.2724874,9.45245869999999,6,Chemical,21,chemical-PE,47.165769,65,68,68,(NG)PE-MEA,(EL)PE,(EL)PE,0.050040025,0.016,0.015,0.0,0.0,0.0,1000.7329960451451,1001.8245000000001,1001.8245000000001,37.033860045145,37.0,37.0,963.6991360000001,964.8245000000001,964.8245000000001,0.3,0.002,0.0,0.0,0.02090579,0.024953999999999997,0.024953999999999997,C349
E1918,C1059,1059,IT,ITI16,43.3815628999999,10.4515271999999,6,Chemical,21,chemical-PE,1000.0,65,68,68,(NG)PE-MEA,(EL)PE,(EL)PE,0.050040025,0.016,0.015,0.0,0.0,0.0,1000.7329960451451,1001.8245000000001,1001.8245000000001,37.033860045145,37.0,37.0,963.6991360000001,964.8245000000001,964.8245000000001,0.3,0.002,0.0,0.0,0.02090579,0.024953999999999997,0.024953999999999997,C350
E2364,C1064,1064,IT,ITH57,44.4594455,12.2335238,6,Chemical,19,chemical-olefins,43.56271,83,82,82,(LN)O-MEA,(LN)O,(LN)O,1.348312693,0.967,1.002,0.0,0.0,0.0,730.4031431035622,746.908569,746.908569,106.49401988134,55.0,55.0,623.9091232222222,691.908569,691.908569,16.65,0.111,0.967,0.967,0.5322865194666667,1.3156651228,1.3156651228,C351
E2502,C1064,1064,IT,ITH57,44.4594455,12.2335238,6,Chemical,20,chemical-PEA,43.406178,74,77,77,(NG)PEA-MEA,(EL)PEA,(EL)PEA,0.600555118,0.459,0.443,0.0,0.0,0.0,1250.9949502544825,1272.57565,1272.57565,120.499307810038,111.0,111.0,1130.4956424444445,1161.57565,1161.57565,7.35,0.049,0.0,0.0,0.16401245333333336,0.284634,0.284634,C351
E2629,C1064,1064,IT,ITH57,44.4594455,12.2335238,6,Chemical,21,chemical-PE,47.165769,65,68,68,(NG)PE-MEA,(EL)PE,(EL)PE,0.050040025,0.016,0.015,0.0,0.0,0.0,1000.7329960451451,1001.8245000000001,1001.8245000000001,37.033860045145,37.0,37.0,963.6991360000001,964.8245000000001,964.8245000000001,0.3,0.002,0.0,0.0,0.02090579,0.024953999999999997,0.024953999999999997,C351
E2365,C1067,1067,IT,ITC33,44.3521436999999,9.3411463,6,Chemical,19,chemical-olefins,43.56271,83,82,82,(LN)O-MEA,(LN)O,(LN)O,1.348312693,0.967,1.002,0.0,0.0,0.0,730.4031431035622,746.908569,746.908569,106.49401988134,55.0,55.0,623.9091232222222,691.908569,691.908569,16.65,0.111,0.967,0.967,0.5322865194666667,1.3156651228,1.3156651228,C352
E2503,C1067,1067,IT,ITC33,44.3521436999999,9.3411463,6,Chemical,20,chemical-PEA,43.406178,74,77,77,(NG)PEA-MEA,(EL)PEA,(EL)PEA,0.600555118,0.459,0.443,0.0,0.0,0.0,1250.9949502544825,1272.57565,1272.57565,120.499307810038,111.0,111.0,1130.4956424444445,1161.57565,1161.57565,7.35,0.049,0.0,0.0,0.16401245333333336,0.284634,0.284634,C352
E2630,C1067,1067,IT,ITC33,44.3521436999999,9.3411463,6,Chemical,21,chemical-PE,47.165769,65,68,68,(NG)PE-MEA,(EL)PE,(EL)PE,0.050040025,0.016,0.015,0.0,0.0,0.0,1000.7329960451451,1001.8245000000001,1001.8245000000001,37.033860045145,37.0,37.0,963.6991360000001,964.8245000000001,964.8245000000001,0.3,0.002,0.0,0.0,0.02090579,0.024953999999999997,0.024953999999999997,C352
E2366,C1069,1069,IT,ITC4B,45.066042,11.0561048,6,Chemical,19,chemical-olefins,43.56271,83,82,82,(LN)O-MEA,(LN)O,(LN)O,1.348312693,0.967,1.002,0.0,0.0,0.0,730.4031431035622,746.908569,746.908569,106.49401988134,55.0,55.0,623.9091232222222,691.908569,691.908569,16.65,0.111,0.967,0.967,0.5322865194666667,1.3156651228,1.3156651228,C346
E2504,C1069,1069,IT,ITC4B,45.066042,11.0561048,6,Chemical,20,chemical-PEA,43.406178,74,77,77,(NG)PEA-MEA,(EL)PEA,(EL)PEA,0.600555118,0.459,0.443,0.0,0.0,0.0,1250.9949502544825,1272.57565,1272.57565,120.499307810038,111.0,111.0,1130.4956424444445,1161.57565,1161.57565,7.35,0.049,0.0,0.0,0.16401245333333336,0.284634,0.284634,C346
E2631,C1069,1069,IT,ITC4B,45.066042,11.0561048,6,Chemical,21,chemical-PE,47.165769,65,68,68,(NG)PE-MEA,(EL)PE,(EL)PE,0.050040025,0.016,0.015,0.0,0.0,0.0,1000.7329960451451,1001.8245000000001,1001.8245000000001,37.033860045145,37.0,37.0,963.6991360000001,964.8245000000001,964.8245000000001,0.3,0.002,0.0,0.0,0.02090579,0.024953999999999997,0.024953999999999997,C346
E866,C1073,1073,IT,ITH10,46.4785906999999,11.3325920999999,1,Steel,2,steel-secondary,177.7264654,214,218,214,Scraps EAF,EU-mix-2050,Scraps EAF,0.143477203,0.04,0.0,0.0,0.0,0.0,531.9477585,531.9477585,531.9477585,18.0,18.0,18.0,513.9477585,513.9477585,513.9477585,6.0,0.04,0.04,0.04,0.0973878205,0.0973878205,0.0973878205,C353
E2367,C1075,1075,IT,ITG2D,40.8255194999999,8.37289419999999,6,Chemical,19,chemical-olefins,43.56271,83,82,82,(LN)O-MEA,(LN)O,(LN)O,1.348312693,0.967,1.002,0.0,0.0,0.0,730.4031431035622,746.908569,746.908569,106.49401988134,55.0,55.0,623.9091232222222,691.908569,691.908569,16.65,0.111,0.967,0.967,0.5322865194666667,1.3156651228,1.3156651228,C354
E2505,C1075,1075,IT,ITG2D,40.8255194999999,8.37289419999999,6,Chemical,20,chemical-PEA,43.406178,74,77,77,(NG)PEA-MEA,(EL)PEA,(EL)PEA,0.600555118,0.459,0.443,0.0,0.0,0.0,1250.9949502544825,1272.57565,1272.57565,120.499307810038,111.0,111.0,1130.4956424444445,1161.57565,1161.57565,7.35,0.049,0.0,0.0,0.16401245333333336,0.284634,0.284634,C354
E2632,C1075,1075,IT,ITG2D,40.8255194999999,8.37289419999999,6,Chemical,21,chemical-PE,47.165769,65,68,68,(NG)PE-MEA,(EL)PE,(EL)PE,0.050040025,0.016,0.015,0.0,0.0,0.0,1000.7329960451451,1001.8245000000001,1001.8245000000001,37.033860045145,37.0,37.0,963.6991360000001,964.8245000000001,964.8245000000001,0.3,0.002,0.0,0.0,0.02090579,0.024953999999999997,0.024953999999999997,C354
E2368,C1078,1078,IT,ITH37,45.0266270999999,12.0720667,6,Chemical,19,chemical-olefins,43.56271,83,82,82,(LN)O-MEA,(LN)O,(LN)O,1.348312693,0.967,1.002,0.0,0.0,0.0,730.4031431035622,746.908569,746.908569,106.49401988134,55.0,55.0,623.9091232222222,691.908569,691.908569,16.65,0.111,0.967,0.967,0.5322865194666667,1.3156651228,1.3156651228,C355
E2506,C1078,1078,IT,ITH37,45.0266270999999,12.0720667,6,Chemical,20,chemical-PEA,43.406178,74,77,77,(NG)PEA-MEA,(EL)PEA,(EL)PEA,0.600555118,0.459,0.443,0.0,0.0,0.0,1250.9949502544825,1272.57565,1272.57565,120.499307810038,111.0,111.0,1130.4956424444445,1161.57565,1161.57565,7.35,0.049,0.0,0.0,0.16401245333333336,0.284634,0.284634,C355
E2633,C1078,1078,IT,ITH37,45.0266270999999,12.0720667,6,Chemical,21,chemical-PE,47.165769,65,68,68,(NG)PE-MEA,(EL)PE,(EL)PE,0.050040025,0.016,0.015,0.0,0.0,0.0,1000.7329960451451,1001.8245000000001,1001.8245000000001,37.033860045145,37.0,37.0,963.6991360000001,964.8245000000001,964.8245000000001,0.3,0.002,0.0,0.0,0.02090579,0.024953999999999997,0.024953999999999997,C355
E2042,C1080,1080,IT,ITH20,46.1169346,11.0978894,3,Glass,11,glass-container,63.97193614,140,146,145,(NG)-CC,(EL)-CC,(EL),0.44358809,0.338,0.097,0.021,0.0,0.0,251.80920304444447,260.61025659999996,267.09275660000003,68.483,53.919,50.0,183.32620304444447,206.6912566,217.09275660000003,1.6499999999999997,0.011,0.002,0.073,0.08259808833333333,0.1719824,0.2425564,C356
E2028,C1081,1081,IT,ITH35,45.4684408,12.2558101,3,Glass,11,glass-container,204.3079025,140,146,145,(NG)-CC,(EL)-CC,(EL),0.44358809,0.338,0.097,0.021,0.0,0.0,251.80920304444447,260.61025659999996,267.09275660000003,68.483,53.919,50.0,183.32620304444447,206.6912566,217.09275660000003,1.6499999999999997,0.011,0.002,0.073,0.08259808833333333,0.1719824,0.2425564,C348
E870,C1082,1082,IT,ITH20,46.0499648999999,11.4436988999999,1,Steel,2,steel-secondary,533.1793961,214,218,214,Scraps EAF,EU-mix-2050,Scraps EAF,0.143477203,0.04,0.0,0.0,0.0,0.0,531.9477585,531.9477585,531.9477585,18.0,18.0,18.0,513.9477585,513.9477585,513.9477585,6.0,0.04,0.04,0.04,0.0973878205,0.0973878205,0.0973878205,C357
E2040,C1085,1085,IT,ITH20,46.0798163999999,11.2047101999999,3,Glass,11,glass-container,38.85028164,140,146,145,(NG)-CC,(EL)-CC,(EL),0.44358809,0.338,0.097,0.021,0.0,0.0,251.80920304444447,260.61025659999996,267.09275660000003,68.483,53.919,50.0,183.32620304444447,206.6912566,217.09275660000003,1.6499999999999997,0.011,0.002,0.073,0.08259808833333333,0.1719824,0.2425564,C356
E2187,C1086,1086,IT,ITF46,41.7050316999999,15.9623744,3,Glass,12,glass-float,36.17288802,164,170,169,(NG)-CC,(EL)-CC,(EL),0.580169919,0.487,0.14,0.052,0.0,0.0,250.42840994222226,260.07431572,277.62331572,83.46000000000001,66.228,58.0,166.96840994222225,193.84631572000004,219.62331572,2.4,0.016,0.006,0.182,0.08442004666666666,0.1873836,0.36231559999999996,C358
E1976,C1089,1089,IT,ITH31,45.1439565,11.0912659999999,3,Glass,11,glass-container,435.5964404,140,146,145,(NG)-CC,(EL)-CC,(EL),0.44358809,0.338,0.097,0.021,0.0,0.0,251.80920304444447,260.61025659999996,267.09275660000003,68.483,53.919,50.0,183.32620304444447,206.6912566,217.09275660000003,1.6499999999999997,0.011,0.002,0.073,0.08259808833333333,0.1719824,0.2425564,C346
E873,C1090,1090,IT,ITH31,45.4297363,10.9984493,1,Steel,2,steel-secondary,1110.790409,214,218,214,Scraps EAF,EU-mix-2050,Scraps EAF,0.143477203,0.04,0.0,0.0,0.0,0.0,531.9477585,531.9477585,531.9477585,18.0,18.0,18.0,513.9477585,513.9477585,513.9477585,6.0,0.04,0.04,0.04,0.0973878205,0.0973878205,0.0973878205,C346
E874,C1091,1091,IT,ITH32,45.5222126,11.4951339,1,Steel,2,steel-secondary,1066.358792,214,218,214,Scraps EAF,EU-mix-2050,Scraps EAF,0.143477203,0.04,0.0,0.0,0.0,0.0,531.9477585,531.9477585,531.9477585,18.0,18.0,18.0,513.9477585,513.9477585,513.9477585,6.0,0.04,0.04,0.04,0.0973878205,0.0973878205,0.0973878205,C359
E875,C1092,1092,IT,ITH32,45.5253871999999,11.5027957,1,Steel,2,steel-secondary,151.0674956,214,218,214,Scraps EAF,EU-mix-2050,Scraps EAF,0.143477203,0.04,0.0,0.0,0.0,0.0,531.9477585,531.9477585,531.9477585,18.0,18.0,18.0,513.9477585,513.9477585,513.9477585,6.0,0.04,0.04,0.04,0.0973878205,0.0973878205,0.0973878205,C359
E1700,C1093,1093,IT,ITH34,45.8795987,11.9642379,2,Cement,8,cement,545.5828923,34,63,36,CEM2-(Afm)Oxy-MEA,EU-mix-2050,CEM2-(BMW),0.536074117,0.49818,0.485,0.501418443,0.0,0.0,69.07946884110001,69.18344591111111,104.71368770000001,18.088320381099997,12.345486,3.0,50.991148460000005,56.83795991111111,101.71368770000001,13.799999999999999,0.092,0.033971836,0.342,0.11191325199999999,0.05687816046263333,0.3516348,C360
E1995,C1094,1094,IT,ITH34,45.7839548999999,12.4040342,3,Glass,11,glass-container,268.1165217,140,146,145,(NG)-CC,(EL)-CC,(EL),0.44358809,0.338,0.097,0.021,0.0,0.0,251.80920304444447,260.61025659999996,267.09275660000003,68.483,53.919,50.0,183.32620304444447,206.6912566,217.09275660000003,1.6499999999999997,0.011,0.002,0.073,0.08259808833333333,0.1719824,0.2425564,C361
E2014,C1097,1097,IT,ITH35,45.7689777,12.9019404,3,Glass,11,glass-container,304.5820418,140,146,145,(NG)-CC,(EL)-CC,(EL),0.44358809,0.338,0.097,0.021,0.0,0.0,251.80920304444447,260.61025659999996,267.09275660000003,68.483,53.919,50.0,183.32620304444447,206.6912566,217.09275660000003,1.6499999999999997,0.011,0.002,0.073,0.08259808833333333,0.1719824,0.2425564,C362
E2215,C1098,1098,IT,ITH35,45.5419162999999,12.2930926,3,Glass,13,glass-fibre,23.98248792,158,152,157,(EL)-CC,(NG)-CC,(EL),0.827356012,0.634,0.066,0.183,0.0,0.0,328.847314,329.405778,350.893514,81.174,109.437,71.0,247.673314,219.968778,279.893514,1.05,0.007,0.02,0.227,0.2712316,0.14762786,0.48989479999999996,C348
E1866,C1100,1100,IT,ITH35,45.4505648,12.2352811999999,6,Chemical,19,chemical-olefins,490.0,83,82,82,(LN)O-MEA,(LN)O,(LN)O,1.348312693,0.967,1.002,0.0,0.0,0.0,730.4031431035622,746.908569,746.908569,106.49401988134,55.0,55.0,623.9091232222222,691.908569,691.908569,16.65,0.111,0.967,0.967,0.5322865194666667,1.3156651228,1.3156651228,C348
E1703,C1101,1101,IT,ITH36,45.2532878,11.7516961,2,Cement,8,cement,625.5127991,34,63,36,CEM2-(Afm)Oxy-MEA,EU-mix-2050,CEM2-(BMW),0.536074117,0.49818,0.485,0.501418443,0.0,0.0,69.07946884110001,69.18344591111111,104.71368770000001,18.088320381099997,12.345486,3.0,50.991148460000005,56.83795991111111,101.71368770000001,13.799999999999999,0.092,0.033971836,0.342,0.11191325199999999,0.05687816046263333,0.3516348,C363
E876,C1102,1102,IT,ITH36,45.3798306999999,11.950047,1,Steel,2,steel-secondary,533.1793961,214,218,214,Scraps EAF,EU-mix-2050,Scraps EAF,0.143477203,0.04,0.0,0.0,0.0,0.0,531.9477585,531.9477585,531.9477585,18.0,18.0,18.0,513.9477585,513.9477585,513.9477585,6.0,0.04,0.04,0.04,0.0973878205,0.0973878205,0.0973878205,C364
E2087,C1103,1103,IT,ITH37,45.0594049999999,11.2509841,3,Glass,11,glass-container,174.256741,140,146,145,(NG)-CC,(EL)-CC,(EL),0.44358809,0.338,0.097,0.021,0.0,0.0,251.80920304444447,260.61025659999996,267.09275660000003,68.483,53.919,50.0,183.32620304444447,206.6912566,217.09275660000003,1.6499999999999997,0.011,0.002,0.073,0.08259808833333333,0.1719824,0.2425564,C346
E877,C1104,1104,IT,ITH42,46.2267294999999,13.073289,1,Steel,2,steel-secondary,1954.991119,214,218,214,Scraps EAF,EU-mix-2050,Scraps EAF,0.143477203,0.04,0.0,0.0,0.0,0.0,531.9477585,531.9477585,531.9477585,18.0,18.0,18.0,513.9477585,513.9477585,513.9477585,6.0,0.04,0.04,0.04,0.0973878205,0.0973878205,0.0973878205,C365
E878,C1105,1105,IT,ITH42,46.0090074,13.2547155,1,Steel,2,steel-secondary,444.3161634,214,218,214,Scraps EAF,EU-mix-2050,Scraps EAF,0.143477203,0.04,0.0,0.0,0.0,0.0,531.9477585,531.9477585,531.9477585,18.0,18.0,18.0,513.9477585,513.9477585,513.9477585,6.0,0.04,0.04,0.04,0.0973878205,0.0973878205,0.0973878205,C366
E1704,C1107,1107,IT,ITH51,45.0473955,9.7192262,2,Cement,8,cement,534.6565946,34,63,36,CEM2-(Afm)Oxy-MEA,EU-mix-2050,CEM2-(BMW),0.536074117,0.49818,0.485,0.501418443,0.0,0.0,69.07946884110001,69.18344591111111,104.71368770000001,18.088320381099997,12.345486,3.0,50.991148460000005,56.83795991111111,101.71368770000001,13.799999999999999,0.092,0.033971836,0.342,0.11191325199999999,0.05687816046263333,0.3516348,C367
E1705,C1108,1108,IT,ITH51,44.7966205,9.8266585,2,Cement,8,cement,698.0758159,34,63,36,CEM2-(Afm)Oxy-MEA,EU-mix-2050,CEM2-(BMW),0.536074117,0.49818,0.485,0.501418443,0.0,0.0,69.07946884110001,69.18344591111111,104.71368770000001,18.088320381099997,12.345486,3.0,50.991148460000005,56.83795991111111,101.71368770000001,13.799999999999999,0.092,0.033971836,0.342,0.11191325199999999,0.05687816046263333,0.3516348,C368
E2047,C1109,1109,IT,ITH52,44.8635342999999,10.0717228,3,Glass,11,glass-container,180.9285738,140,146,145,(NG)-CC,(EL)-CC,(EL),0.44358809,0.338,0.097,0.021,0.0,0.0,251.80920304444447,260.61025659999996,267.09275660000003,68.483,53.919,50.0,183.32620304444447,206.6912566,217.09275660000003,1.6499999999999997,0.011,0.002,0.073,0.08259808833333333,0.1719824,0.2425564,C369
E1870,C1112,1112,IT,ITH57,44.442011,12.2383713,6,Chemical,21,chemical-PE,140.0,65,68,68,(NG)PE-MEA,(EL)PE,(EL)PE,0.050040025,0.016,0.015,0.0,0.0,0.0,1000.7329960451451,1001.8245000000001,1001.8245000000001,37.033860045145,37.0,37.0,963.6991360000001,964.8245000000001,964.8245000000001,0.3,0.002,0.0,0.0,0.02090579,0.024953999999999997,0.024953999999999997,C351
E113,C1113,1113,IT,ITI32,43.6385223999999,13.3803903,4,Refineries,15,refineries-light-liquid-fuel,1228.08,178,177,175,REF-SMR-MEA,REF(H2)-MEA,REF-SMR,0.622573543,0.231,0.208,0.17,0.0,0.0,678.4894344371378,682.5657872661224,704.4289424577778,47.98003797936,46.4356079639,44.0,630.5093964577778,636.1301793022224,660.4289424577778,3.4499999999999997,0.023,0.019,0.231,0.4144009225333334,0.4040080408666667,0.6181601225333334,C370
E114,C1114,1114,IT,ITG19,37.2175216999999,15.1687844999999,4,Refineries,15,refineries-light-liquid-fuel,2894.7599999999998,178,177,175,REF-SMR-MEA,REF(H2)-MEA,REF-SMR,0.622573543,0.231,0.208,0.17,0.0,0.0,678.4894344371378,682.5657872661224,704.4289424577778,47.98003797936,46.4356079639,44.0,630.5093964577778,636.1301793022224,660.4289424577778,3.4499999999999997,0.023,0.019,0.231,0.4144009225333334,0.4040080408666667,0.6181601225333334,C341
E1978,C1115,1115,IT,ITI13,43.8685126,10.6841112,3,Glass,11,glass-container,215.6184382,140,146,145,(NG)-CC,(EL)-CC,(EL),0.44358809,0.338,0.097,0.021,0.0,0.0,251.80920304444447,260.61025659999996,267.09275660000003,68.483,53.919,50.0,183.32620304444447,206.6912566,217.09275660000003,1.6499999999999997,0.011,0.002,0.073,0.08259808833333333,0.1719824,0.2425564,C371
E2013,C1116,1116,IT,ITI14,42.8286008999999,13.2090048,3,Glass,11,glass-container,280.8635803,140,146,145,(NG)-CC,(EL)-CC,(EL),0.44358809,0.338,0.097,0.021,0.0,0.0,251.80920304444447,260.61025659999996,267.09275660000003,68.483,53.919,50.0,183.32620304444447,206.6912566,217.09275660000003,1.6499999999999997,0.011,0.002,0.073,0.08259808833333333,0.1719824,0.2425564,C372
E1707,C1117,1117,IT,ITI14,43.6159036,11.2846891,2,Cement,8,cement,310.730988,34,63,36,CEM2-(Afm)Oxy-MEA,EU-mix-2050,CEM2-(BMW),0.536074117,0.49818,0.485,0.501418443,0.0,0.0,69.07946884110001,69.18344591111111,104.71368770000001,18.088320381099997,12.345486,3.0,50.991148460000005,56.83795991111111,101.71368770000001,13.799999999999999,0.092,0.033971836,0.342,0.11191325199999999,0.05687816046263333,0.3516348,C373
E115,C1118,1118,IT,ITI16,43.5827217,10.3435836,4,Refineries,15,refineries-light-liquid-fuel,1549.72,178,177,175,REF-SMR-MEA,REF(H2)-MEA,REF-SMR,0.622573543,0.231,0.208,0.17,0.0,0.0,678.4894344371378,682.5657872661224,704.4289424577778,47.98003797936,46.4356079639,44.0,630.5093964577778,636.1301793022224,660.4289424577778,3.4499999999999997,0.023,0.019,0.231,0.4144009225333334,0.4040080408666667,0.6181601225333334,C374
E2179,C1121,1121,IT,ITI17,43.7063849,10.3861675,3,Glass,12,glass-float,217.6984283,164,170,169,(NG)-CC,(EL)-CC,(EL),0.580169919,0.487,0.14,0.052,0.0,0.0,250.42840994222226,260.07431572,277.62331572,83.46000000000001,66.228,58.0,166.96840994222225,193.84631572000004,219.62331572,2.4,0.016,0.006,0.182,0.08442004666666666,0.1873836,0.36231559999999996,C374
E1708,C1122,1122,IT,ITI18,43.658878,11.8368094999999,2,Cement,8,cement,567.8476298,34,63,36,CEM2-(Afm)Oxy-MEA,EU-mix-2050,CEM2-(BMW),0.536074117,0.49818,0.485,0.501418443,0.0,0.0,69.07946884110001,69.18344591111111,104.71368770000001,18.088320381099997,12.345486,3.0,50.991148460000005,56.83795991111111,101.71368770000001,13.799999999999999,0.092,0.033971836,0.342,0.11191325199999999,0.05687816046263333,0.3516348,C375
E2129,C1123,1123,IT,ITI19,43.4193277999999,11.138056,3,Glass,11,glass-container,32.62340433,140,146,145,(NG)-CC,(EL)-CC,(EL),0.44358809,0.338,0.097,0.021,0.0,0.0,251.80920304444447,260.61025659999996,267.09275660000003,68.483,53.919,50.0,183.32620304444447,206.6912566,217.09275660000003,1.6499999999999997,0.011,0.002,0.073,0.08259808833333333,0.1719824,0.2425564,C376
E1709,C1124,1124,IT,ITI21,43.3445504,12.5806421,2,Cement,8,cement,721.9122144,34,63,36,CEM2-(Afm)Oxy-MEA,EU-mix-2050,CEM2-(BMW),0.536074117,0.49818,0.485,0.501418443,0.0,0.0,69.07946884110001,69.18344591111111,104.71368770000001,18.088320381099997,12.345486,3.0,50.991148460000005,56.83795991111111,101.71368770000001,13.799999999999999,0.092,0.033971836,0.342,0.11191325199999999,0.05687816046263333,0.3516348,C377
E1710,C1125,1125,IT,ITI21,43.3634722999999,12.5394937,2,Cement,8,cement,888.3280432,34,63,36,CEM2-(Afm)Oxy-MEA,EU-mix-2050,CEM2-(BMW),0.536074117,0.49818,0.485,0.501418443,0.0,0.0,69.07946884110001,69.18344591111111,104.71368770000001,18.088320381099997,12.345486,3.0,50.991148460000005,56.83795991111111,101.71368770000001,13.799999999999999,0.092,0.033971836,0.342,0.11191325199999999,0.05687816046263333,0.3516348,C377
E1711,C1126,1126,IT,ITI43,41.7359791,13.0058588,2,Cement,8,cement,528.8361245,34,63,36,CEM2-(Afm)Oxy-MEA,EU-mix-2050,CEM2-(BMW),0.536074117,0.49818,0.485,0.501418443,0.0,0.0,69.07946884110001,69.18344591111111,104.71368770000001,18.088320381099997,12.345486,3.0,50.991148460000005,56.83795991111111,101.71368770000001,13.799999999999999,0.092,0.033971836,0.342,0.11191325199999999,0.05687816046263333,0.3516348,C378
E1712,C1127,1127,IT,ITI43,42.0034667999999,12.7160688,2,Cement,8,cement,796.5793245,34,63,36,CEM2-(Afm)Oxy-MEA,EU-mix-2050,CEM2-(BMW),0.536074117,0.49818,0.485,0.501418443,0.0,0.0,69.07946884110001,69.18344591111111,104.71368770000001,18.088320381099997,12.345486,3.0,50.991148460000005,56.83795991111111,101.71368770000001,13.799999999999999,0.092,0.033971836,0.342,0.11191325199999999,0.05687816046263333,0.3516348,C379
E1988,C1128,1128,IT,ITI44,41.5549456,12.6330448,3,Glass,11,glass-container,217.0174649,140,146,145,(NG)-CC,(EL)-CC,(EL),0.44358809,0.338,0.097,0.021,0.0,0.0,251.80920304444447,260.61025659999996,267.09275660000003,68.483,53.919,50.0,183.32620304444447,206.6912566,217.09275660000003,1.6499999999999997,0.011,0.002,0.073,0.08259808833333333,0.1719824,0.2425564,C380
E116,C1130,1130,IT,ITC15,45.4401893,8.7876365,4,Refineries,15,refineries-light-liquid-fuel,789.48,178,177,175,REF-SMR-MEA,REF(H2)-MEA,REF-SMR,0.622573543,0.231,0.208,0.17,0.0,0.0,678.4894344371378,682.5657872661224,704.4289424577778,47.98003797936,46.4356079639,44.0,630.5093964577778,636.1301793022224,660.4289424577778,3.4499999999999997,0.023,0.019,0.231,0.4144009225333334,0.4040080408666667,0.6181601225333334,C333
E1715,C1133,1133,IT,ITF11,42.4640756,13.258412,2,Cement,8,cement,289.087027,34,63,36,CEM2-(Afm)Oxy-MEA,EU-mix-2050,CEM2-(BMW),0.536074117,0.49818,0.485,0.501418443,0.0,0.0,69.07946884110001,69.18344591111111,104.71368770000001,18.088320381099997,12.345486,3.0,50.991148460000005,56.83795991111111,101.71368770000001,13.799999999999999,0.092,0.033971836,0.342,0.11191325199999999,0.05687816046263333,0.3516348,C381
E2102,C1135,1135,IT,ITF12,42.5922069,13.6958015,3,Glass,11,glass-container,87.38292837,140,146,145,(NG)-CC,(EL)-CC,(EL),0.44358809,0.338,0.097,0.021,0.0,0.0,251.80920304444447,260.61025659999996,267.09275660000003,68.483,53.919,50.0,183.32620304444447,206.6912566,217.09275660000003,1.6499999999999997,0.011,0.002,0.073,0.08259808833333333,0.1719824,0.2425564,C382
E2166,C1136,1136,IT,ITF14,42.0222571999999,14.6864638,3,Glass,12,glass-float,393.3639489,164,170,169,(NG)-CC,(EL)-CC,(EL),0.580169919,0.487,0.14,0.052,0.0,0.0,250.42840994222226,260.07431572,277.62331572,83.46000000000001,66.228,58.0,166.96840994222225,193.84631572000004,219.62331572,2.4,0.016,0.006,0.182,0.08442004666666666,0.1873836,0.36231559999999996,C383
E1990,C1137,1137,IT,ITF47,41.1027691999999,16.8155968999999,3,Glass,11,glass-container,130.0528281,140,146,145,(NG)-CC,(EL)-CC,(EL),0.44358809,0.338,0.097,0.021,0.0,0.0,251.80920304444447,260.61025659999996,267.09275660000003,68.483,53.919,50.0,183.32620304444447,206.6912566,217.09275660000003,1.6499999999999997,0.011,0.002,0.073,0.08259808833333333,0.1719824,0.2425564,C384
E1717,C1138,1138,IT,ITF48,41.3145390999999,16.2891857999999,2,Cement,8,cement,493.4171563,34,63,36,CEM2-(Afm)Oxy-MEA,EU-mix-2050,CEM2-(BMW),0.536074117,0.49818,0.485,0.501418443,0.0,0.0,69.07946884110001,69.18344591111111,104.71368770000001,18.088320381099997,12.345486,3.0,50.991148460000005,56.83795991111111,101.71368770000001,13.799999999999999,0.092,0.033971836,0.342,0.11191325199999999,0.05687816046263333,0.3516348,C385
E117,C1139,1139,IT,ITF43,38.2019707999999,15.2643009,4,Refineries,15,refineries-light-liquid-fuel,1754.3999999999999,178,177,175,REF-SMR-MEA,REF(H2)-MEA,REF-SMR,0.622573543,0.231,0.208,0.17,0.0,0.0,678.4894344371378,682.5657872661224,704.4289424577778,47.98003797936,46.4356079639,44.0,630.5093964577778,636.1301793022224,660.4289424577778,3.4499999999999997,0.023,0.019,0.231,0.4144009225333334,0.4040080408666667,0.6181601225333334,C386
E883,C1141,1141,IT,ITF43,40.5014557,17.2007359,1,Steel,1,steel-primary,4520.0,204,203,203,(NG)DRI-EAF-MEA,(NG)DRI-EAF,(NG)DRI-EAF,2.36399401,2.002,0.586,0.0,0.0,0.0,435.4523586444444,502.38245864444445,502.38245864444445,46.0,32.0,32.0,389.4523586444444,470.38245864444445,470.38245864444445,9.75,0.065,0.651,0.651,0.20736103233333333,0.7814126323333334,0.7814126323333334,C387
E1863,C1142,1142,IT,ITF44,40.643464,17.9912955,6,Chemical,19,chemical-olefins,440.0,83,82,82,(LN)O-MEA,(LN)O,(LN)O,1.348312693,0.967,1.002,0.0,0.0,0.0,730.4031431035622,746.908569,746.908569,106.49401988134,55.0,55.0,623.9091232222222,691.908569,691.908569,16.65,0.111,0.967,0.967,0.5322865194666667,1.3156651228,1.3156651228,C344
E1719,C1143,1143,IT,ITF45,40.1741213,18.1752758999999,2,Cement,8,cement,572.7357519,34,63,36,CEM2-(Afm)Oxy-MEA,EU-mix-2050,CEM2-(BMW),0.536074117,0.49818,0.485,0.501418443,0.0,0.0,69.07946884110001,69.18344591111111,104.71368770000001,18.088320381099997,12.345486,3.0,50.991148460000005,56.83795991111111,101.71368770000001,13.799999999999999,0.092,0.033971836,0.342,0.11191325199999999,0.05687816046263333,0.3516348,C388
E1720,C1145,1145,IT,ITF52,40.6763059,16.6564705,2,Cement,8,cement,796.0942196,34,63,36,CEM2-(Afm)Oxy-MEA,EU-mix-2050,CEM2-(BMW),0.536074117,0.49818,0.485,0.501418443,0.0,0.0,69.07946884110001,69.18344591111111,104.71368770000001,18.088320381099997,12.345486,3.0,50.991148460000005,56.83795991111111,101.71368770000001,13.799999999999999,0.092,0.033971836,0.342,0.11191325199999999,0.05687816046263333,0.3516348,C389
E2176,C1146,1146,IT,ITC16,44.3852454,7.5883618,3,Glass,12,glass-float,220.247053,164,170,169,(NG)-CC,(EL)-CC,(EL),0.580169919,0.487,0.14,0.052,0.0,0.0,250.42840994222226,260.07431572,277.62331572,83.46000000000001,66.228,58.0,166.96840994222225,193.84631572000004,219.62331572,2.4,0.016,0.006,0.182,0.08442004666666666,0.1873836,0.36231559999999996,C390
E1748,C1147,1147,IT,ITF63,38.9098657999999,16.4314819,2,Cement,8,cement,228.8851141,34,63,36,CEM2-(Afm)Oxy-MEA,EU-mix-2050,CEM2-(BMW),0.536074117,0.49818,0.485,0.501418443,0.0,0.0,69.07946884110001,69.18344591111111,104.71368770000001,18.088320381099997,12.345486,3.0,50.991148460000005,56.83795991111111,101.71368770000001,13.799999999999999,0.092,0.033971836,0.342,0.11191325199999999,0.05687816046263333,0.3516348,C391
E1991,C1148,1148,IT,ITG11,37.784762,12.488478,3,Glass,11,glass-container,74.10092324,140,146,145,(NG)-CC,(EL)-CC,(EL),0.44358809,0.338,0.097,0.021,0.0,0.0,251.80920304444447,260.61025659999996,267.09275660000003,68.483,53.919,50.0,183.32620304444447,206.6912566,217.09275660000003,1.6499999999999997,0.011,0.002,0.073,0.08259808833333333,0.1719824,0.2425564,C392
E1722,C1149,1149,IT,ITG12,38.1926199999999,13.24914,2,Cement,8,cement,435.0673187,34,63,36,CEM2-(Afm)Oxy-MEA,EU-mix-2050,CEM2-(BMW),0.536074117,0.49818,0.485,0.501418443,0.0,0.0,69.07946884110001,69.18344591111111,104.71368770000001,18.088320381099997,12.345486,3.0,50.991148460000005,56.83795991111111,101.71368770000001,13.799999999999999,0.092,0.033971836,0.342,0.11191325199999999,0.05687816046263333,0.3516348,C393
E118,C1150,1150,IT,ITG13,38.2070462,15.2582676,4,Refineries,15,refineries-light-liquid-fuel,3538.04,178,177,175,REF-SMR-MEA,REF(H2)-MEA,REF-SMR,0.622573543,0.231,0.208,0.17,0.0,0.0,678.4894344371378,682.5657872661224,704.4289424577778,47.98003797936,46.4356079639,44.0,630.5093964577778,636.1301793022224,660.4289424577778,3.4499999999999997,0.023,0.019,0.231,0.4144009225333334,0.4040080408666667,0.6181601225333334,C386
E119,C1151,1151,IT,ITG15,37.0585776,14.2658118999999,4,Refineries,15,refineries-light-liquid-fuel,1549.72,178,177,175,REF-SMR-MEA,REF(H2)-MEA,REF-SMR,0.622573543,0.231,0.208,0.17,0.0,0.0,678.4894344371378,682.5657872661224,704.4289424577778,47.98003797936,46.4356079639,44.0,630.5093964577778,636.1301793022224,660.4289424577778,3.4499999999999997,0.023,0.019,0.231,0.4144009225333334,0.4040080408666667,0.6181601225333334,C394
E885,C1152,1152,IT,ITG17,37.437772,15.0328053,1,Steel,2,steel-secondary,444.3161634,214,218,214,Scraps EAF,EU-mix-2050,Scraps EAF,0.143477203,0.04,0.0,0.0,0.0,0.0,531.9477585,531.9477585,531.9477585,18.0,18.0,18.0,513.9477585,513.9477585,513.9477585,6.0,0.04,0.04,0.04,0.0973878205,0.0973878205,0.0973878205,C395
E1723,C1153,1153,IT,ITG18,36.92589,14.72582,2,Cement,8,cement,471.3180644,34,63,36,CEM2-(Afm)Oxy-MEA,EU-mix-2050,CEM2-(BMW),0.536074117,0.49818,0.485,0.501418443,0.0,0.0,69.07946884110001,69.18344591111111,104.71368770000001,18.088320381099997,12.345486,3.0,50.991148460000005,56.83795991111111,101.71368770000001,13.799999999999999,0.092,0.033971836,0.342,0.11191325199999999,0.05687816046263333,0.3516348,C396
E1869,C1154,1154,IT,ITG18,36.9155463,14.7273809999999,6,Chemical,21,chemical-PE,165.0,65,68,68,(NG)PE-MEA,(EL)PE,(EL)PE,0.050040025,0.016,0.015,0.0,0.0,0.0,1000.7329960451451,1001.8245000000001,1001.8245000000001,37.033860045145,37.0,37.0,963.6991360000001,964.8245000000001,964.8245000000001,0.3,0.002,0.0,0.0,0.02090579,0.024953999999999997,0.024953999999999997,C396
E1724,C1155,1155,IT,ITG19,37.229931,15.221062,2,Cement,8,cement,714.6064557,34,63,36,CEM2-(Afm)Oxy-MEA,EU-mix-2050,CEM2-(BMW),0.536074117,0.49818,0.485,0.501418443,0.0,0.0,69.07946884110001,69.18344591111111,104.71368770000001,18.088320381099997,12.345486,3.0,50.991148460000005,56.83795991111111,101.71368770000001,13.799999999999999,0.092,0.033971836,0.342,0.11191325199999999,0.05687816046263333,0.3516348,C341
E120,C1157,1157,IT,ITG19,37.1791227,15.1830216999999,4,Refineries,15,refineries-light-liquid-fuel,4678.4,178,177,175,REF-SMR-MEA,REF(H2)-MEA,REF-SMR,0.622573543,0.231,0.208,0.17,0.0,0.0,678.4894344371378,682.5657872661224,704.4289424577778,47.98003797936,46.4356079639,44.0,630.5093964577778,636.1301793022224,660.4289424577778,3.4499999999999997,0.023,0.019,0.231,0.4144009225333334,0.4040080408666667,0.6181601225333334,C341
E1868,C1158,1158,IT,ITG19,37.1455415,15.1671581,6,Chemical,19,chemical-olefins,740.0,83,82,82,(LN)O-MEA,(LN)O,(LN)O,1.348312693,0.967,1.002,0.0,0.0,0.0,730.4031431035622,746.908569,746.908569,106.49401988134,55.0,55.0,623.9091232222222,691.908569,691.908569,16.65,0.111,0.967,0.967,0.5322865194666667,1.3156651228,1.3156651228,C341
E1867,C1159,1159,IT,ITG2D,40.8326475,8.3776378,6,Chemical,19,chemical-olefins,250.0,83,82,82,(LN)O-MEA,(LN)O,(LN)O,1.348312693,0.967,1.002,0.0,0.0,0.0,730.4031431035622,746.908569,746.908569,106.49401988134,55.0,55.0,623.9091232222222,691.908569,691.908569,16.65,0.111,0.967,0.967,0.5322865194666667,1.3156651228,1.3156651228,C354
E1726,C1160,1160,IT,ITG2E,40.5564597999999,9.6740426,2,Cement,8,cement,191.1218665,34,63,36,CEM2-(Afm)Oxy-MEA,EU-mix-2050,CEM2-(BMW),0.536074117,0.49818,0.485,0.501418443,0.0,0.0,69.07946884110001,69.18344591111111,104.71368770000001,18.088320381099997,12.345486,3.0,50.991148460000005,56.83795991111111,101.71368770000001,13.799999999999999,0.092,0.033971836,0.342,0.11191325199999999,0.05687816046263333,0.3516348,C397
E1727,C1161,1161,IT,ITG2H,39.4798199,9.0337455,2,Cement,8,cement,446.9523888,34,63,36,CEM2-(Afm)Oxy-MEA,EU-mix-2050,CEM2-(BMW),0.536074117,0.49818,0.485,0.501418443,0.0,0.0,69.07946884110001,69.18344591111111,104.71368770000001,18.088320381099997,12.345486,3.0,50.991148460000005,56.83795991111111,101.71368770000001,13.799999999999999,0.092,0.033971836,0.342,0.11191325199999999,0.05687816046263333,0.3516348,C398
E121,C1162,1162,IT,ITG2F,39.0809321999999,9.0117813,4,Refineries,15,refineries-light-liquid-fuel,4386.0,178,177,175,REF-SMR-MEA,REF(H2)-MEA,REF-SMR,0.622573543,0.231,0.208,0.17,0.0,0.0,678.4894344371378,682.5657872661224,704.4289424577778,47.98003797936,46.4356079639,44.0,630.5093964577778,636.1301793022224,660.4289424577778,3.4499999999999997,0.023,0.019,0.231,0.4144009225333334,0.4040080408666667,0.6181601225333334,C399
E1996,C1163,1163,IT,ITH41,45.8711588,12.7716677,3,Glass,11,glass-container,125.2541413,140,146,145,(NG)-CC,(EL)-CC,(EL),0.44358809,0.338,0.097,0.021,0.0,0.0,251.80920304444447,260.61025659999996,267.09275660000003,68.483,53.919,50.0,183.32620304444447,206.6912566,217.09275660000003,1.6499999999999997,0.011,0.002,0.073,0.08259808833333333,0.1719824,0.2425564,C362
E1728,C1164,1164,IT,ITH41,46.1762579999999,12.7424696999999,2,Cement,8,cement,633.4034444,34,63,36,CEM2-(Afm)Oxy-MEA,EU-mix-2050,CEM2-(BMW),0.536074117,0.49818,0.485,0.501418443,0.0,0.0,69.07946884110001,69.18344591111111,104.71368770000001,18.088320381099997,12.345486,3.0,50.991148460000005,56.83795991111111,101.71368770000001,13.799999999999999,0.092,0.033971836,0.342,0.11191325199999999,0.05687816046263333,0.3516348,C400
E886,C1166,1166,IT,ITC16,44.3881762999999,7.9436976,1,Steel,2,steel-secondary,533.1793961,214,218,214,Scraps EAF,EU-mix-2050,Scraps EAF,0.143477203,0.04,0.0,0.0,0.0,0.0,531.9477585,531.9477585,531.9477585,18.0,18.0,18.0,513.9477585,513.9477585,513.9477585,6.0,0.04,0.04,0.04,0.0973878205,0.0973878205,0.0973878205,C401
E2041,C1167,1167,IT,ITH41,45.9352184999999,12.8851809,3,Glass,11,glass-container,137.7962204,140,146,145,(NG)-CC,(EL)-CC,(EL),0.44358809,0.338,0.097,0.021,0.0,0.0,251.80920304444447,260.61025659999996,267.09275660000003,68.483,53.919,50.0,183.32620304444447,206.6912566,217.09275660000003,1.6499999999999997,0.011,0.002,0.073,0.08259808833333333,0.1719824,0.2425564,C362
E1730,C1169,1169,IT,ITF21,41.4437766,14.0633614,2,Cement,8,cement,778.815414,34,63,36,CEM2-(Afm)Oxy-MEA,EU-mix-2050,CEM2-(BMW),0.536074117,0.49818,0.485,0.501418443,0.0,0.0,69.07946884110001,69.18344591111111,104.71368770000001,18.088320381099997,12.345486,3.0,50.991148460000005,56.83795991111111,101.71368770000001,13.799999999999999,0.092,0.033971836,0.342,0.11191325199999999,0.05687816046263333,0.3516348,C402
E1992,C1171,1171,IT,ITH20,46.2076630999999,11.1203005,3,Glass,11,glass-container,82.88671133,140,146,145,(NG)-CC,(EL)-CC,(EL),0.44358809,0.338,0.097,0.021,0.0,0.0,251.80920304444447,260.61025659999996,267.09275660000003,68.483,53.919,50.0,183.32620304444447,206.6912566,217.09275660000003,1.6499999999999997,0.011,0.002,0.073,0.08259808833333333,0.1719824,0.2425564,C356
E2105,C1172,1172,IT,ITF33,40.8601667,14.4788849,3,Glass,11,glass-container,81.33186681,140,146,145,(NG)-CC,(EL)-CC,(EL),0.44358809,0.338,0.097,0.021,0.0,0.0,251.80920304444447,260.61025659999996,267.09275660000003,68.483,53.919,50.0,183.32620304444447,206.6912566,217.09275660000003,1.6499999999999997,0.011,0.002,0.073,0.08259808833333333,0.1719824,0.2425564,C403
E1733,C1174,1174,IT,ITC16,44.3016662,7.5058488,2,Cement,8,cement,1135.851834,34,63,36,CEM2-(Afm)Oxy-MEA,EU-mix-2050,CEM2-(BMW),0.536074117,0.49818,0.485,0.501418443,0.0,0.0,69.07946884110001,69.18344591111111,104.71368770000001,18.088320381099997,12.345486,3.0,50.991148460000005,56.83795991111111,101.71368770000001,13.799999999999999,0.092,0.033971836,0.342,0.11191325199999999,0.05687816046263333,0.3516348,C390
E2046,C1175,1175,IT,ITC32,44.3254634999999,8.33016379999999,3,Glass,11,glass-container,133.2808386,140,146,145,(NG)-CC,(EL)-CC,(EL),0.44358809,0.338,0.097,0.021,0.0,0.0,251.80920304444447,260.61025659999996,267.09275660000003,68.483,53.919,50.0,183.32620304444447,206.6912566,217.09275660000003,1.6499999999999997,0.011,0.002,0.073,0.08259808833333333,0.1719824,0.2425564,C404
E1977,C1176,1176,IT,ITH32,45.3866599999999,11.388871,3,Glass,11,glass-container,328.293004,140,146,145,(NG)-CC,(EL)-CC,(EL),0.44358809,0.338,0.097,0.021,0.0,0.0,251.80920304444447,260.61025659999996,267.09275660000003,68.483,53.919,50.0,183.32620304444447,206.6912566,217.09275660000003,1.6499999999999997,0.011,0.002,0.073,0.08259808833333333,0.1719824,0.2425564,C359
E1989,C1177,1177,IT,ITC17,44.9043769,8.2702884,3,Glass,11,glass-container,185.1489851,140,146,145,(NG)-CC,(EL)-CC,(EL),0.44358809,0.338,0.097,0.021,0.0,0.0,251.80920304444447,260.61025659999996,267.09275660000003,68.483,53.919,50.0,183.32620304444447,206.6912566,217.09275660000003,1.6499999999999997,0.011,0.002,0.073,0.08259808833333333,0.1719824,0.2425564,C405
E2085,C1178,1178,IT,ITH52,44.8170681,10.3238698,3,Glass,11,glass-container,101.0773923,140,146,145,(NG)-CC,(EL)-CC,(EL),0.44358809,0.338,0.097,0.021,0.0,0.0,251.80920304444447,260.61025659999996,267.09275660000003,68.483,53.919,50.0,183.32620304444447,206.6912566,217.09275660000003,1.6499999999999997,0.011,0.002,0.073,0.08259808833333333,0.1719824,0.2425564,C406
E890,C1182,1182,IT,ITC20,45.7337775,7.3230198,1,Steel,2,steel-secondary,231.044405,214,218,214,Scraps EAF,EU-mix-2050,Scraps EAF,0.143477203,0.04,0.0,0.0,0.0,0.0,531.9477585,531.9477585,531.9477585,18.0,18.0,18.0,513.9477585,513.9477585,513.9477585,6.0,0.04,0.04,0.04,0.0973878205,0.0973878205,0.0973878205,C407
E891,C1183,1183,IT,ITC46,45.5315452999999,9.84363199999999,1,Steel,2,steel-secondary,222.1580817,214,218,214,Scraps EAF,EU-mix-2050,Scraps EAF,0.143477203,0.04,0.0,0.0,0.0,0.0,531.9477585,531.9477585,531.9477585,18.0,18.0,18.0,513.9477585,513.9477585,513.9477585,6.0,0.04,0.04,0.04,0.0973878205,0.0973878205,0.0973878205,C408
E2216,C1186,1186,IT,ITC46,45.5212264999999,9.6396195,3,Glass,13,glass-fibre,20.85326087,158,152,157,(EL)-CC,(NG)-CC,(EL),0.827356012,0.634,0.066,0.183,0.0,0.0,328.847314,329.405778,350.893514,81.174,109.437,71.0,247.673314,219.968778,279.893514,1.05,0.007,0.02,0.227,0.2712316,0.14762786,0.48989479999999996,C333
E1974,C1187,1187,IT,ITC32,44.3639599999999,8.290526,3,Glass,11,glass-container,137.1946139,140,146,145,(NG)-CC,(EL)-CC,(EL),0.44358809,0.338,0.097,0.021,0.0,0.0,251.80920304444447,260.61025659999996,267.09275660000003,68.483,53.919,50.0,183.32620304444447,206.6912566,217.09275660000003,1.6499999999999997,0.011,0.002,0.073,0.08259808833333333,0.1719824,0.2425564,C404
E1975,C1188,1188,IT,ITC32,44.4414519999999,8.30394169999999,3,Glass,11,glass-container,352.0989568,140,146,145,(NG)-CC,(EL)-CC,(EL),0.44358809,0.338,0.097,0.021,0.0,0.0,251.80920304444447,260.61025659999996,267.09275660000003,68.483,53.919,50.0,183.32620304444447,206.6912566,217.09275660000003,1.6499999999999997,0.011,0.002,0.073,0.08259808833333333,0.1719824,0.2425564,C404
E2074,C1189,1189,IT,ITF47,40.8320366,16.9330257999999,3,Glass,11,glass-container,182.5692431,140,146,145,(NG)-CC,(EL)-CC,(EL),0.44358809,0.338,0.097,0.021,0.0,0.0,251.80920304444447,260.61025659999996,267.09275660000003,68.483,53.919,50.0,183.32620304444447,206.6912566,217.09275660000003,1.6499999999999997,0.011,0.002,0.073,0.08259808833333333,0.1719824,0.2425564,C409
E122,C1190,1190,IT,ITH57,44.4804145,12.2567438,4,Refineries,15,refineries-light-liquid-fuel,146.2,178,177,175,REF-SMR-MEA,REF(H2)-MEA,REF-SMR,0.622573543,0.231,0.208,0.17,0.0,0.0,678.4894344371378,682.5657872661224,704.4289424577778,47.98003797936,46.4356079639,44.0,630.5093964577778,636.1301793022224,660.4289424577778,3.4499999999999997,0.023,0.019,0.231,0.4144009225333334,0.4040080408666667,0.6181601225333334,C351
E2049,C1191,1191,IT,ITI21,42.9765953,12.0901108,3,Glass,11,glass-container,281.1543846,140,146,145,(NG)-CC,(EL)-CC,(EL),0.44358809,0.338,0.097,0.021,0.0,0.0,251.80920304444447,260.61025659999996,267.09275660000003,68.483,53.919,50.0,183.32620304444447,206.6912566,217.09275660000003,1.6499999999999997,0.011,0.002,0.073,0.08259808833333333,0.1719824,0.2425564,C410
E2078,C1192,1192,IT,ITC32,44.33209,8.3272227,3,Glass,11,glass-container,148.6143052,140,146,145,(NG)-CC,(EL)-CC,(EL),0.44358809,0.338,0.097,0.021,0.0,0.0,251.80920304444447,260.61025659999996,267.09275660000003,68.483,53.919,50.0,183.32620304444447,206.6912566,217.09275660000003,1.6499999999999997,0.011,0.002,0.073,0.08259808833333333,0.1719824,0.2425564,C404
E2069,C1193,1193,IT,ITF47,40.8907512999999,17.1619494,3,Glass,11,glass-container,219.7088624,140,146,145,(NG)-CC,(EL)-CC,(EL),0.44358809,0.338,0.097,0.021,0.0,0.0,251.80920304444447,260.61025659999996,267.09275660000003,68.483,53.919,50.0,183.32620304444447,206.6912566,217.09275660000003,1.6499999999999997,0.011,0.002,0.073,0.08259808833333333,0.1719824,0.2425564,C411
E2039,C1194,1194,IT,ITH34,45.7698248,12.4126092,3,Glass,11,glass-container,95.2596407,140,146,145,(NG)-CC,(EL)-CC,(EL),0.44358809,0.338,0.097,0.021,0.0,0.0,251.80920304444447,260.61025659999996,267.09275660000003,68.483,53.919,50.0,183.32620304444447,206.6912566,217.09275660000003,1.6499999999999997,0.011,0.002,0.073,0.08259808833333333,0.1719824,0.2425564,C361
E1994,C1195,1195,IT,ITI22,42.6116752,12.547853,3,Glass,11,glass-container,83.23001033,140,146,145,(NG)-CC,(EL)-CC,(EL),0.44358809,0.338,0.097,0.021,0.0,0.0,251.80920304444447,260.61025659999996,267.09275660000003,68.483,53.919,50.0,183.32620304444447,206.6912566,217.09275660000003,1.6499999999999997,0.011,0.002,0.073,0.08259808833333333,0.1719824,0.2425564,C342
E123,C1199,1199,IT,ITC33,44.5722464999999,8.9495182,4,Refineries,15,refineries-light-liquid-fuel,584.8,178,177,175,REF-SMR-MEA,REF(H2)-MEA,REF-SMR,0.622573543,0.231,0.208,0.17,0.0,0.0,678.4894344371378,682.5657872661224,704.4289424577778,47.98003797936,46.4356079639,44.0,630.5093964577778,636.1301793022224,660.4289424577778,3.4499999999999997,0.023,0.019,0.231,0.4144009225333334,0.4040080408666667,0.6181601225333334,C412
E1739,C1200,1200,IT,ITF51,40.9446537999999,15.6723743,2,Cement,8,cement,452.5701402,34,63,36,CEM2-(Afm)Oxy-MEA,EU-mix-2050,CEM2-(BMW),0.536074117,0.49818,0.485,0.501418443,0.0,0.0,69.07946884110001,69.18344591111111,104.71368770000001,18.088320381099997,12.345486,3.0,50.991148460000005,56.83795991111111,101.71368770000001,13.799999999999999,0.092,0.033971836,0.342,0.11191325199999999,0.05687816046263333,0.3516348,C413
E1740,C1202,1202,IT,ITC46,45.7155403,10.0475688,2,Cement,8,cement,529.9976155,34,63,36,CEM2-(Afm)Oxy-MEA,EU-mix-2050,CEM2-(BMW),0.536074117,0.49818,0.485,0.501418443,0.0,0.0,69.07946884110001,69.18344591111111,104.71368770000001,18.088320381099997,12.345486,3.0,50.991148460000005,56.83795991111111,101.71368770000001,13.799999999999999,0.092,0.033971836,0.342,0.11191325199999999,0.05687816046263333,0.3516348,C336
E893,C1203,1203,IT,ITC47,45.4626962,10.4576282,1,Steel,2,steel-secondary,977.4955595,214,218,214,Scraps EAF,EU-mix-2050,Scraps EAF,0.143477203,0.04,0.0,0.0,0.0,0.0,531.9477585,531.9477585,531.9477585,18.0,18.0,18.0,513.9477585,513.9477585,513.9477585,6.0,0.04,0.04,0.04,0.0973878205,0.0973878205,0.0973878205,C336
E2093,C1204,1204,IT,ITH51,45.0104144,9.4447265,3,Glass,11,glass-container,118.9831017,140,146,145,(NG)-CC,(EL)-CC,(EL),0.44358809,0.338,0.097,0.021,0.0,0.0,251.80920304444447,260.61025659999996,267.09275660000003,68.483,53.919,50.0,183.32620304444447,206.6912566,217.09275660000003,1.6499999999999997,0.011,0.002,0.073,0.08259808833333333,0.1719824,0.2425564,C414
E2369,C1205,1205,IT,ITC41,45.7275603,8.8064253,6,Chemical,19,chemical-olefins,43.56271,83,82,82,(LN)O-MEA,(LN)O,(LN)O,1.348312693,0.967,1.002,0.0,0.0,0.0,730.4031431035622,746.908569,746.908569,106.49401988134,55.0,55.0,623.9091232222222,691.908569,691.908569,16.65,0.111,0.967,0.967,0.5322865194666667,1.3156651228,1.3156651228,C415
E2507,C1205,1205,IT,ITC41,45.7275603,8.8064253,6,Chemical,20,chemical-PEA,43.406178,74,77,77,(NG)PEA-MEA,(EL)PEA,(EL)PEA,0.600555118,0.459,0.443,0.0,0.0,0.0,1250.9949502544825,1272.57565,1272.57565,120.499307810038,111.0,111.0,1130.4956424444445,1161.57565,1161.57565,7.35,0.049,0.0,0.0,0.16401245333333336,0.284634,0.284634,C415
E2634,C1205,1205,IT,ITC41,45.7275603,8.8064253,6,Chemical,21,chemical-PE,47.165769,65,68,68,(NG)PE-MEA,(EL)PE,(EL)PE,0.050040025,0.016,0.015,0.0,0.0,0.0,1000.7329960451451,1001.8245000000001,1001.8245000000001,37.033860045145,37.0,37.0,963.6991360000001,964.8245000000001,964.8245000000001,0.3,0.002,0.0,0.0,0.02090579,0.024953999999999997,0.024953999999999997,C415
E1745,C1210,1210,IT,ITC41,45.8861939,8.6674538,2,Cement,8,cement,787.0132925,34,63,36,CEM2-(Afm)Oxy-MEA,EU-mix-2050,CEM2-(BMW),0.536074117,0.49818,0.485,0.501418443,0.0,0.0,69.07946884110001,69.18344591111111,104.71368770000001,18.088320381099997,12.345486,3.0,50.991148460000005,56.83795991111111,101.71368770000001,13.799999999999999,0.092,0.033971836,0.342,0.11191325199999999,0.05687816046263333,0.3516348,C415
E894,C1211,1211,IT,ITC41,45.5971511999999,9.034739,1,Steel,2,steel-secondary,693.1332149,214,218,214,Scraps EAF,EU-mix-2050,Scraps EAF,0.143477203,0.04,0.0,0.0,0.0,0.0,531.9477585,531.9477585,531.9477585,18.0,18.0,18.0,513.9477585,513.9477585,513.9477585,6.0,0.04,0.04,0.04,0.0973878205,0.0973878205,0.0973878205,C333
E895,C1212,1212,IT,ITH31,45.3423274,11.0693178,1,Steel,2,steel-secondary,399.8845471,214,218,214,Scraps EAF,EU-mix-2050,Scraps EAF,0.143477203,0.04,0.0,0.0,0.0,0.0,531.9477585,531.9477585,531.9477585,18.0,18.0,18.0,513.9477585,513.9477585,513.9477585,6.0,0.04,0.04,0.04,0.0973878205,0.0973878205,0.0973878205,C346
E1746,C1213,1213,IT,ITC41,45.7826956999999,8.68154039999999,2,Cement,8,cement,799.8583182,34,63,36,CEM2-(Afm)Oxy-MEA,EU-mix-2050,CEM2-(BMW),0.536074117,0.49818,0.485,0.501418443,0.0,0.0,69.07946884110001,69.18344591111111,104.71368770000001,18.088320381099997,12.345486,3.0,50.991148460000005,56.83795991111111,101.71368770000001,13.799999999999999,0.092,0.033971836,0.342,0.11191325199999999,0.05687816046263333,0.3516348,C415
E1749,C1215,1215,LT,LT026,56.3213216999999,22.9149165,2,Cement,8,cement,1295.334212,34,63,36,CEM2-(Afm)Oxy-MEA,EU-mix-2050,CEM2-(BMW),0.536074117,0.49818,0.485,0.501418443,0.0,0.0,69.07946884110001,69.18344591111111,104.71368770000001,18.088320381099997,12.345486,3.0,50.991148460000005,56.83795991111111,101.71368770000001,13.799999999999999,0.092,0.033971836,0.342,0.11191325199999999,0.05687816046263333,0.3516348,C416
E2122,C1216,1216,LT,LT022,54.8753426999999,23.8959779999999,3,Glass,11,glass-container,48.84594874,140,146,145,(NG)-CC,(EL)-CC,(EL),0.44358809,0.338,0.097,0.021,0.0,0.0,251.80920304444447,260.61025659999996,267.09275660000003,68.483,53.919,50.0,183.32620304444447,206.6912566,217.09275660000003,1.6499999999999997,0.011,0.002,0.073,0.08259808833333333,0.1719824,0.2425564,C417
E2119,C1217,1217,LT,LT025,55.7511702999999,24.3112184999999,3,Glass,11,glass-container,58.93660634,140,146,145,(NG)-CC,(EL)-CC,(EL),0.44358809,0.338,0.097,0.021,0.0,0.0,251.80920304444447,260.61025659999996,267.09275660000003,68.483,53.919,50.0,183.32620304444447,206.6912566,217.09275660000003,1.6499999999999997,0.011,0.002,0.073,0.08259808833333333,0.1719824,0.2425564,C418
E124,C1218,1218,LT,LT028,56.3814107,22.1762653999999,4,Refineries,15,refineries-light-liquid-fuel,2777.7999999999997,178,177,175,REF-SMR-MEA,REF(H2)-MEA,REF-SMR,0.622573543,0.231,0.208,0.17,0.0,0.0,678.4894344371378,682.5657872661224,704.4289424577778,47.98003797936,46.4356079639,44.0,630.5093964577778,636.1301793022224,660.4289424577778,3.4499999999999997,0.023,0.019,0.231,0.4144009225333334,0.4040080408666667,0.6181601225333334,C419
E2224,C1219,1219,LT,LT022,55.0744359999999,24.3132324,5,Fertilisers,18,fertiliser-ammonia,770.7299999999999,105,107,107,(NG)NH3-MVR-DEA,(BM)NH3,(BM)NH3,2.07811468,1.742,1.42,0.0,0.0,0.0,482.6432713651555,490.9891,490.9891,120.3508298096,170.0,170.0,362.2924415555555,320.9891,320.9891,30.3,0.202,0.0,0.0,0.46096393166666666,0.1487316,0.1487316,C420
E2225,C1219,1219,LT,LT022,55.0744359999999,24.3132324,5,Fertilisers,18,fertiliser-nitric-acid,1138.5,117,118,117,(BM)HNO3,(BM)HNO3-DEA,(BM)HNO3,0.455609314,0.409,0.0,0.736,0.0,0.736,97.43214512,105.90694141568,97.43214512,30.0,38.47479629568,30.0,67.43214512,67.43214512,67.43214512,0.0,0.0,-0.736,0.0,0.0,-0.736,0.0,C420
E4043,C1219,1219,LT,LT022,55.0744359999999,24.3132324,5,Fertilisers,18,fertiliser-urea,541.65,130,131,130,(BM)Urea,(BM)Urea-DEA,(BM)Urea,0.345423371,0.186,0.0,1.451,0.0,1.451,195.9229408,212.63072534488,195.9229408,11.0,27.707784544880003,11.0,184.9229408,184.9229408,184.9229408,0.0,0.0,-1.451,0.0,0.0578748,-1.3931252,0.0578748,C420
E897,C1222,1222,LU,LU000,49.5228824,5.8948184,1,Steel,2,steel-secondary,1336.8,214,218,214,Scraps EAF,EU-mix-2050,Scraps EAF,0.143477203,0.04,0.0,0.0,0.0,0.0,531.9477585,531.9477585,531.9477585,18.0,18.0,18.0,513.9477585,513.9477585,513.9477585,6.0,0.04,0.04,0.04,0.0973878205,0.0973878205,0.0973878205,C421
E898,C1223,1223,LU,LU000,49.4940264999999,5.9667292,1,Steel,2,steel-secondary,990.2222222,214,218,214,Scraps EAF,EU-mix-2050,Scraps EAF,0.143477203,0.04,0.0,0.0,0.0,0.0,531.9477585,531.9477585,531.9477585,18.0,18.0,18.0,513.9477585,513.9477585,513.9477585,6.0,0.04,0.04,0.04,0.0973878205,0.0973878205,0.0973878205,C421
E2158,C1226,1226,LU,LU000,49.5656855,5.9318927,3,Glass,12,glass-float,212.9646365,164,170,169,(NG)-CC,(EL)-CC,(EL),0.580169919,0.487,0.14,0.052,0.0,0.0,250.42840994222226,260.07431572,277.62331572,83.46000000000001,66.228,58.0,166.96840994222225,193.84631572000004,219.62331572,2.4,0.016,0.006,0.182,0.08442004666666666,0.1873836,0.36231559999999996,C421
E2159,C1227,1227,LU,LU000,49.5046110999999,6.0844063,3,Glass,12,glass-float,226.0785855,164,170,169,(NG)-CC,(EL)-CC,(EL),0.580169919,0.487,0.14,0.052,0.0,0.0,250.42840994222226,260.07431572,277.62331572,83.46000000000001,66.228,58.0,166.96840994222225,193.84631572000004,219.62331572,2.4,0.016,0.006,0.182,0.08442004666666666,0.1873836,0.36231559999999996,C421
E1751,C1228,1228,LU,LU000,49.5151414999999,5.9982839,2,Cement,8,cement,951.977356,34,63,36,CEM2-(Afm)Oxy-MEA,EU-mix-2050,CEM2-(BMW),0.536074117,0.49818,0.485,0.501418443,0.0,0.0,69.07946884110001,69.18344591111111,104.71368770000001,18.088320381099997,12.345486,3.0,50.991148460000005,56.83795991111111,101.71368770000001,13.799999999999999,0.092,0.033971836,0.342,0.11191325199999999,0.05687816046263333,0.3516348,C421
E1752,C1229,1229,LV,LV003,56.673312,22.5743879999999,2,Cement,8,cement,1083.277506,34,63,36,CEM2-(Afm)Oxy-MEA,EU-mix-2050,CEM2-(BMW),0.536074117,0.49818,0.485,0.501418443,0.0,0.0,69.07946884110001,69.18344591111111,104.71368770000001,18.088320381099997,12.345486,3.0,50.991148460000005,56.83795991111111,101.71368770000001,13.799999999999999,0.092,0.033971836,0.342,0.11191325199999999,0.05687816046263333,0.3516348,C422
E2205,C1231,1231,LV,LV008,57.5256835,25.4530762999999,3,Glass,13,glass-fibre,74.477657,158,152,157,(EL)-CC,(NG)-CC,(EL),0.827356012,0.634,0.066,0.183,0.0,0.0,328.847314,329.405778,350.893514,81.174,109.437,71.0,247.673314,219.968778,279.893514,1.05,0.007,0.02,0.227,0.2712316,0.14762786,0.48989479999999996,C423
E125,C1233,1233,NL,NL342,51.4492382,3.7271259,4,Refineries,15,refineries-light-liquid-fuel,2426.92,178,177,175,REF-SMR-MEA,REF(H2)-MEA,REF-SMR,0.622573543,0.231,0.208,0.17,0.0,0.0,678.4894344371378,682.5657872661224,704.4289424577778,47.98003797936,46.4356079639,44.0,630.5093964577778,636.1301793022224,660.4289424577778,3.4499999999999997,0.023,0.019,0.231,0.4144009225333334,0.4040080408666667,0.6181601225333334,C22
E126,C1234,1234,NL,NL33C,51.9094652,4.2225481,4,Refineries,15,refineries-light-liquid-fuel,1257.32,178,177,175,REF-SMR-MEA,REF(H2)-MEA,REF-SMR,0.622573543,0.231,0.208,0.17,0.0,0.0,678.4894344371378,682.5657872661224,704.4289424577778,47.98003797936,46.4356079639,44.0,630.5093964577778,636.1301793022224,660.4289424577778,3.4499999999999997,0.023,0.019,0.231,0.4144009225333334,0.4040080408666667,0.6181601225333334,C424
E2370,C1236,1236,NL,NL329,52.3939027999999,4.8254518,6,Chemical,19,chemical-olefins,43.56271,83,82,82,(LN)O-MEA,(LN)O,(LN)O,1.348312693,0.967,1.002,0.0,0.0,0.0,730.4031431035622,746.908569,746.908569,106.49401988134,55.0,55.0,623.9091232222222,691.908569,691.908569,16.65,0.111,0.967,0.967,0.5322865194666667,1.3156651228,1.3156651228,C425
E2508,C1236,1236,NL,NL329,52.3939027999999,4.8254518,6,Chemical,20,chemical-PEA,43.406178,74,77,77,(NG)PEA-MEA,(EL)PEA,(EL)PEA,0.600555118,0.459,0.443,0.0,0.0,0.0,1250.9949502544825,1272.57565,1272.57565,120.499307810038,111.0,111.0,1130.4956424444445,1161.57565,1161.57565,7.35,0.049,0.0,0.0,0.16401245333333336,0.284634,0.284634,C425
E2635,C1236,1236,NL,NL329,52.3939027999999,4.8254518,6,Chemical,21,chemical-PE,47.165769,65,68,68,(NG)PE-MEA,(EL)PE,(EL)PE,0.050040025,0.016,0.015,0.0,0.0,0.0,1000.7329960451451,1001.8245000000001,1001.8245000000001,37.033860045145,37.0,37.0,963.6991360000001,964.8245000000001,964.8245000000001,0.3,0.002,0.0,0.0,0.02090579,0.024953999999999997,0.024953999999999997,C425
E2371,C1237,1237,NL,NL33C,51.8862536,4.2607447,6,Chemical,19,chemical-olefins,43.56271,83,82,82,(LN)O-MEA,(LN)O,(LN)O,1.348312693,0.967,1.002,0.0,0.0,0.0,730.4031431035622,746.908569,746.908569,106.49401988134,55.0,55.0,623.9091232222222,691.908569,691.908569,16.65,0.111,0.967,0.967,0.5322865194666667,1.3156651228,1.3156651228,C424
E2509,C1237,1237,NL,NL33C,51.8862536,4.2607447,6,Chemical,20,chemical-PEA,43.406178,74,77,77,(NG)PEA-MEA,(EL)PEA,(EL)PEA,0.600555118,0.459,0.443,0.0,0.0,0.0,1250.9949502544825,1272.57565,1272.57565,120.499307810038,111.0,111.0,1130.4956424444445,1161.57565,1161.57565,7.35,0.049,0.0,0.0,0.16401245333333336,0.284634,0.284634,C424
E2636,C1237,1237,NL,NL33C,51.8862536,4.2607447,6,Chemical,21,chemical-PE,47.165769,65,68,68,(NG)PE-MEA,(EL)PE,(EL)PE,0.050040025,0.016,0.015,0.0,0.0,0.0,1000.7329960451451,1001.8245000000001,1001.8245000000001,37.033860045145,37.0,37.0,963.6991360000001,964.8245000000001,964.8245000000001,0.3,0.002,0.0,0.0,0.02090579,0.024953999999999997,0.024953999999999997,C424
E2372,C1238,1238,NL,NL33A,51.8153302999999,4.7270973,6,Chemical,19,chemical-olefins,43.56271,83,82,82,(LN)O-MEA,(LN)O,(LN)O,1.348312693,0.967,1.002,0.0,0.0,0.0,730.4031431035622,746.908569,746.908569,106.49401988134,55.0,55.0,623.9091232222222,691.908569,691.908569,16.65,0.111,0.967,0.967,0.5322865194666667,1.3156651228,1.3156651228,C426
E2510,C1238,1238,NL,NL33A,51.8153302999999,4.7270973,6,Chemical,20,chemical-PEA,43.406178,74,77,77,(NG)PEA-MEA,(EL)PEA,(EL)PEA,0.600555118,0.459,0.443,0.0,0.0,0.0,1250.9949502544825,1272.57565,1272.57565,120.499307810038,111.0,111.0,1130.4956424444445,1161.57565,1161.57565,7.35,0.049,0.0,0.0,0.16401245333333336,0.284634,0.284634,C426
E2637,C1238,1238,NL,NL33A,51.8153302999999,4.7270973,6,Chemical,21,chemical-PE,47.165769,65,68,68,(NG)PE-MEA,(EL)PE,(EL)PE,0.050040025,0.016,0.015,0.0,0.0,0.0,1000.7329960451451,1001.8245000000001,1001.8245000000001,37.033860045145,37.0,37.0,963.6991360000001,964.8245000000001,964.8245000000001,0.3,0.002,0.0,0.0,0.02090579,0.024953999999999997,0.024953999999999997,C426
E2373,C1239,1239,NL,NL342,51.4928505999999,3.6462368,6,Chemical,19,chemical-olefins,43.56271,83,82,82,(LN)O-MEA,(LN)O,(LN)O,1.348312693,0.967,1.002,0.0,0.0,0.0,730.4031431035622,746.908569,746.908569,106.49401988134,55.0,55.0,623.9091232222222,691.908569,691.908569,16.65,0.111,0.967,0.967,0.5322865194666667,1.3156651228,1.3156651228,C22
E2511,C1239,1239,NL,NL342,51.4928505999999,3.6462368,6,Chemical,20,chemical-PEA,43.406178,74,77,77,(NG)PEA-MEA,(EL)PEA,(EL)PEA,0.600555118,0.459,0.443,0.0,0.0,0.0,1250.9949502544825,1272.57565,1272.57565,120.499307810038,111.0,111.0,1130.4956424444445,1161.57565,1161.57565,7.35,0.049,0.0,0.0,0.16401245333333336,0.284634,0.284634,C22
E2638,C1239,1239,NL,NL342,51.4928505999999,3.6462368,6,Chemical,21,chemical-PE,47.165769,65,68,68,(NG)PE-MEA,(EL)PE,(EL)PE,0.050040025,0.016,0.015,0.0,0.0,0.0,1000.7329960451451,1001.8245000000001,1001.8245000000001,37.033860045145,37.0,37.0,963.6991360000001,964.8245000000001,964.8245000000001,0.3,0.002,0.0,0.0,0.02090579,0.024953999999999997,0.024953999999999997,C22
E2221,C1240,1240,NL,NL341,51.2721690999999,3.8497956,5,Fertilisers,18,fertiliser-ammonia,1311.0,105,107,107,(NG)NH3-MVR-DEA,(BM)NH3,(BM)NH3,2.07811468,1.742,1.42,0.0,0.0,0.0,482.6432713651555,490.9891,490.9891,120.3508298096,170.0,170.0,362.2924415555555,320.9891,320.9891,30.3,0.202,0.0,0.0,0.46096393166666666,0.1487316,0.1487316,C22
E2222,C1240,1240,NL,NL341,51.2721690999999,3.8497956,5,Fertilisers,18,fertiliser-nitric-acid,965.9999999999999,117,118,117,(BM)HNO3,(BM)HNO3-DEA,(BM)HNO3,0.455609314,0.409,0.0,0.736,0.0,0.736,97.43214512,105.90694141568,97.43214512,30.0,38.47479629568,30.0,67.43214512,67.43214512,67.43214512,0.0,0.0,-0.736,0.0,0.0,-0.736,0.0,C22
E4044,C1240,1240,NL,NL341,51.2721690999999,3.8497956,5,Fertilisers,18,fertiliser-urea,896.9999999999999,130,131,130,(BM)Urea,(BM)Urea-DEA,(BM)Urea,0.345423371,0.186,0.0,1.451,0.0,1.451,195.9229408,212.63072534488,195.9229408,11.0,27.707784544880003,11.0,184.9229408,184.9229408,184.9229408,0.0,0.0,-1.451,0.0,0.0578748,-1.3931252,0.0578748,C22
E2009,C1241,1241,NL,NL33A,51.8881628,5.0858943,3,Glass,11,glass-container,355.7894211,140,146,145,(NG)-CC,(EL)-CC,(EL),0.44358809,0.338,0.097,0.021,0.0,0.0,251.80920304444447,260.61025659999996,267.09275660000003,68.483,53.919,50.0,183.32620304444447,206.6912566,217.09275660000003,1.6499999999999997,0.011,0.002,0.073,0.08259808833333333,0.1719824,0.2425564,C427
E2010,C1242,1242,NL,NL423,50.8597965,5.7037763,3,Glass,11,glass-container,313.9927674,140,146,145,(NG)-CC,(EL)-CC,(EL),0.44358809,0.338,0.097,0.021,0.0,0.0,251.80920304444447,260.61025659999996,267.09275660000003,68.483,53.919,50.0,183.32620304444447,206.6912566,217.09275660000003,1.6499999999999997,0.011,0.002,0.073,0.08259808833333333,0.1719824,0.2425564,C25
E2073,C1243,1243,NL,NL411,51.6771049,4.5949383,3,Glass,11,glass-container,199.9125087,140,146,145,(NG)-CC,(EL)-CC,(EL),0.44358809,0.338,0.097,0.021,0.0,0.0,251.80920304444447,260.61025659999996,267.09275660000003,68.483,53.919,50.0,183.32620304444447,206.6912566,217.09275660000003,1.6499999999999997,0.011,0.002,0.073,0.08259808833333333,0.1719824,0.2425564,C426
E2198,C1244,1244,NL,NL113,53.1761302999999,6.6814621,3,Glass,13,glass-fibre,99.59057971,158,152,157,(EL)-CC,(NG)-CC,(EL),0.827356012,0.634,0.066,0.183,0.0,0.0,328.847314,329.405778,350.893514,81.174,109.437,71.0,247.673314,219.968778,279.893514,1.05,0.007,0.02,0.227,0.2712316,0.14762786,0.48989479999999996,C428
E2045,C1245,1245,NL,NL412,51.6107966,4.9950676,3,Glass,11,glass-container,308.9666033,140,146,145,(NG)-CC,(EL)-CC,(EL),0.44358809,0.338,0.097,0.021,0.0,0.0,251.80920304444447,260.61025659999996,267.09275660000003,68.483,53.919,50.0,183.32620304444447,206.6912566,217.09275660000003,1.6499999999999997,0.011,0.002,0.073,0.08259808833333333,0.1719824,0.2425564,C429
E902,C1246,1246,NL,NL323,52.4739099999999,4.620476,1,Steel,1,steel-primary,6813.0,204,203,203,(NG)DRI-EAF-MEA,(NG)DRI-EAF,(NG)DRI-EAF,2.36399401,2.002,0.586,0.0,0.0,0.0,435.4523586444444,502.38245864444445,502.38245864444445,46.0,32.0,32.0,389.4523586444444,470.38245864444445,470.38245864444445,9.75,0.065,0.651,0.651,0.20736103233333333,0.7814126323333334,0.7814126323333334,C430
E2374,C1247,1247,NL,NL33C,51.9610659,4.1034733,6,Chemical,19,chemical-olefins,43.56271,83,82,82,(LN)O-MEA,(LN)O,(LN)O,1.348312693,0.967,1.002,0.0,0.0,0.0,730.4031431035622,746.908569,746.908569,106.49401988134,55.0,55.0,623.9091232222222,691.908569,691.908569,16.65,0.111,0.967,0.967,0.5322865194666667,1.3156651228,1.3156651228,C424
E2512,C1247,1247,NL,NL33C,51.9610659,4.1034733,6,Chemical,20,chemical-PEA,43.406178,74,77,77,(NG)PEA-MEA,(EL)PEA,(EL)PEA,0.600555118,0.459,0.443,0.0,0.0,0.0,1250.9949502544825,1272.57565,1272.57565,120.499307810038,111.0,111.0,1130.4956424444445,1161.57565,1161.57565,7.35,0.049,0.0,0.0,0.16401245333333336,0.284634,0.284634,C424
E2639,C1247,1247,NL,NL33C,51.9610659,4.1034733,6,Chemical,21,chemical-PE,47.165769,65,68,68,(NG)PE-MEA,(EL)PE,(EL)PE,0.050040025,0.016,0.015,0.0,0.0,0.0,1000.7329960451451,1001.8245000000001,1001.8245000000001,37.033860045145,37.0,37.0,963.6991360000001,964.8245000000001,964.8245000000001,0.3,0.002,0.0,0.0,0.02090579,0.024953999999999997,0.024953999999999997,C424
E2375,C1251,1251,NL,NL33C,51.8732972,4.2798724,6,Chemical,19,chemical-olefins,43.56271,83,82,82,(LN)O-MEA,(LN)O,(LN)O,1.348312693,0.967,1.002,0.0,0.0,0.0,730.4031431035622,746.908569,746.908569,106.49401988134,55.0,55.0,623.9091232222222,691.908569,691.908569,16.65,0.111,0.967,0.967,0.5322865194666667,1.3156651228,1.3156651228,C424
E2513,C1251,1251,NL,NL33C,51.8732972,4.2798724,6,Chemical,20,chemical-PEA,43.406178,74,77,77,(NG)PEA-MEA,(EL)PEA,(EL)PEA,0.600555118,0.459,0.443,0.0,0.0,0.0,1250.9949502544825,1272.57565,1272.57565,120.499307810038,111.0,111.0,1130.4956424444445,1161.57565,1161.57565,7.35,0.049,0.0,0.0,0.16401245333333336,0.284634,0.284634,C424
E2640,C1251,1251,NL,NL33C,51.8732972,4.2798724,6,Chemical,21,chemical-PE,47.165769,65,68,68,(NG)PE-MEA,(EL)PE,(EL)PE,0.050040025,0.016,0.015,0.0,0.0,0.0,1000.7329960451451,1001.8245000000001,1001.8245000000001,37.033860045145,37.0,37.0,963.6991360000001,964.8245000000001,964.8245000000001,0.3,0.002,0.0,0.0,0.02090579,0.024953999999999997,0.024953999999999997,C424
E1849,C1252,1252,NL,NL341,51.3339118,3.7894798,6,Chemical,19,chemical-olefins,1810.0,83,82,82,(LN)O-MEA,(LN)O,(LN)O,1.348312693,0.967,1.002,0.0,0.0,0.0,730.4031431035622,746.908569,746.908569,106.49401988134,55.0,55.0,623.9091232222222,691.908569,691.908569,16.65,0.111,0.967,0.967,0.5322865194666667,1.3156651228,1.3156651228,C22
E1850,C1252,1252,NL,NL341,51.3339118,3.7894798,6,Chemical,20,chemical-PEA,1485.0,74,77,77,(NG)PEA-MEA,(EL)PEA,(EL)PEA,0.600555118,0.459,0.443,0.0,0.0,0.0,1250.9949502544825,1272.57565,1272.57565,120.499307810038,111.0,111.0,1130.4956424444445,1161.57565,1161.57565,7.35,0.049,0.0,0.0,0.16401245333333336,0.284634,0.284634,C22
E2376,C1254,1254,NL,NL112,53.313166,6.962736,6,Chemical,19,chemical-olefins,43.56271,83,82,82,(LN)O-MEA,(LN)O,(LN)O,1.348312693,0.967,1.002,0.0,0.0,0.0,730.4031431035622,746.908569,746.908569,106.49401988134,55.0,55.0,623.9091232222222,691.908569,691.908569,16.65,0.111,0.967,0.967,0.5322865194666667,1.3156651228,1.3156651228,C431
E2514,C1254,1254,NL,NL112,53.313166,6.962736,6,Chemical,20,chemical-PEA,43.406178,74,77,77,(NG)PEA-MEA,(EL)PEA,(EL)PEA,0.600555118,0.459,0.443,0.0,0.0,0.0,1250.9949502544825,1272.57565,1272.57565,120.499307810038,111.0,111.0,1130.4956424444445,1161.57565,1161.57565,7.35,0.049,0.0,0.0,0.16401245333333336,0.284634,0.284634,C431
E2641,C1254,1254,NL,NL112,53.313166,6.962736,6,Chemical,21,chemical-PE,47.165769,65,68,68,(NG)PE-MEA,(EL)PE,(EL)PE,0.050040025,0.016,0.015,0.0,0.0,0.0,1000.7329960451451,1001.8245000000001,1001.8245000000001,37.033860045145,37.0,37.0,963.6991360000001,964.8245000000001,964.8245000000001,0.3,0.002,0.0,0.0,0.02090579,0.024953999999999997,0.024953999999999997,C431
E2377,C1255,1255,NL,NL33C,51.9297832,4.1831461,6,Chemical,19,chemical-olefins,43.56271,83,82,82,(LN)O-MEA,(LN)O,(LN)O,1.348312693,0.967,1.002,0.0,0.0,0.0,730.4031431035622,746.908569,746.908569,106.49401988134,55.0,55.0,623.9091232222222,691.908569,691.908569,16.65,0.111,0.967,0.967,0.5322865194666667,1.3156651228,1.3156651228,C424
E2515,C1255,1255,NL,NL33C,51.9297832,4.1831461,6,Chemical,20,chemical-PEA,43.406178,74,77,77,(NG)PEA-MEA,(EL)PEA,(EL)PEA,0.600555118,0.459,0.443,0.0,0.0,0.0,1250.9949502544825,1272.57565,1272.57565,120.499307810038,111.0,111.0,1130.4956424444445,1161.57565,1161.57565,7.35,0.049,0.0,0.0,0.16401245333333336,0.284634,0.284634,C424
E2642,C1255,1255,NL,NL33C,51.9297832,4.1831461,6,Chemical,21,chemical-PE,47.165769,65,68,68,(NG)PE-MEA,(EL)PE,(EL)PE,0.050040025,0.016,0.015,0.0,0.0,0.0,1000.7329960451451,1001.8245000000001,1001.8245000000001,37.033860045145,37.0,37.0,963.6991360000001,964.8245000000001,964.8245000000001,0.3,0.002,0.0,0.0,0.02090579,0.024953999999999997,0.024953999999999997,C424
E2562,C1256,1256,NL,NL411,51.6669577999999,4.5752387,6,Chemical,21,chemical-PE,47.165769,65,68,68,(NG)PE-MEA,(EL)PE,(EL)PE,0.050040025,0.016,0.015,0.0,0.0,0.0,1000.7329960451451,1001.8245000000001,1001.8245000000001,37.033860045145,37.0,37.0,963.6991360000001,964.8245000000001,964.8245000000001,0.3,0.002,0.0,0.0,0.02090579,0.024953999999999997,0.024953999999999997,C426
E2378,C1257,1257,NL,NL33C,51.8741878,4.2798897,6,Chemical,19,chemical-olefins,43.56271,83,82,82,(LN)O-MEA,(LN)O,(LN)O,1.348312693,0.967,1.002,0.0,0.0,0.0,730.4031431035622,746.908569,746.908569,106.49401988134,55.0,55.0,623.9091232222222,691.908569,691.908569,16.65,0.111,0.967,0.967,0.5322865194666667,1.3156651228,1.3156651228,C424
E2516,C1257,1257,NL,NL33C,51.8741878,4.2798897,6,Chemical,20,chemical-PEA,43.406178,74,77,77,(NG)PEA-MEA,(EL)PEA,(EL)PEA,0.600555118,0.459,0.443,0.0,0.0,0.0,1250.9949502544825,1272.57565,1272.57565,120.499307810038,111.0,111.0,1130.4956424444445,1161.57565,1161.57565,7.35,0.049,0.0,0.0,0.16401245333333336,0.284634,0.284634,C424
E2643,C1257,1257,NL,NL33C,51.8741878,4.2798897,6,Chemical,21,chemical-PE,47.165769,65,68,68,(NG)PE-MEA,(EL)PE,(EL)PE,0.050040025,0.016,0.015,0.0,0.0,0.0,1000.7329960451451,1001.8245000000001,1001.8245000000001,37.033860045145,37.0,37.0,963.6991360000001,964.8245000000001,964.8245000000001,0.3,0.002,0.0,0.0,0.02090579,0.024953999999999997,0.024953999999999997,C424
E2379,C1258,1258,NL,NL112,53.3139803999999,6.9542013,6,Chemical,19,chemical-olefins,43.56271,83,82,82,(LN)O-MEA,(LN)O,(LN)O,1.348312693,0.967,1.002,0.0,0.0,0.0,730.4031431035622,746.908569,746.908569,106.49401988134,55.0,55.0,623.9091232222222,691.908569,691.908569,16.65,0.111,0.967,0.967,0.5322865194666667,1.3156651228,1.3156651228,C431
E2517,C1258,1258,NL,NL112,53.3139803999999,6.9542013,6,Chemical,20,chemical-PEA,43.406178,74,77,77,(NG)PEA-MEA,(EL)PEA,(EL)PEA,0.600555118,0.459,0.443,0.0,0.0,0.0,1250.9949502544825,1272.57565,1272.57565,120.499307810038,111.0,111.0,1130.4956424444445,1161.57565,1161.57565,7.35,0.049,0.0,0.0,0.16401245333333336,0.284634,0.284634,C431
E2644,C1258,1258,NL,NL112,53.3139803999999,6.9542013,6,Chemical,21,chemical-PE,47.165769,65,68,68,(NG)PE-MEA,(EL)PE,(EL)PE,0.050040025,0.016,0.015,0.0,0.0,0.0,1000.7329960451451,1001.8245000000001,1001.8245000000001,37.033860045145,37.0,37.0,963.6991360000001,964.8245000000001,964.8245000000001,0.3,0.002,0.0,0.0,0.02090579,0.024953999999999997,0.024953999999999997,C431
E2380,C1259,1259,NL,NL33C,51.8760339,4.3466723,6,Chemical,19,chemical-olefins,43.56271,83,82,82,(LN)O-MEA,(LN)O,(LN)O,1.348312693,0.967,1.002,0.0,0.0,0.0,730.4031431035622,746.908569,746.908569,106.49401988134,55.0,55.0,623.9091232222222,691.908569,691.908569,16.65,0.111,0.967,0.967,0.5322865194666667,1.3156651228,1.3156651228,C424
E2518,C1259,1259,NL,NL33C,51.8760339,4.3466723,6,Chemical,20,chemical-PEA,43.406178,74,77,77,(NG)PEA-MEA,(EL)PEA,(EL)PEA,0.600555118,0.459,0.443,0.0,0.0,0.0,1250.9949502544825,1272.57565,1272.57565,120.499307810038,111.0,111.0,1130.4956424444445,1161.57565,1161.57565,7.35,0.049,0.0,0.0,0.16401245333333336,0.284634,0.284634,C424
E2645,C1259,1259,NL,NL33C,51.8760339,4.3466723,6,Chemical,21,chemical-PE,47.165769,65,68,68,(NG)PE-MEA,(EL)PE,(EL)PE,0.050040025,0.016,0.015,0.0,0.0,0.0,1000.7329960451451,1001.8245000000001,1001.8245000000001,37.033860045145,37.0,37.0,963.6991360000001,964.8245000000001,964.8245000000001,0.3,0.002,0.0,0.0,0.02090579,0.024953999999999997,0.024953999999999997,C424
E2381,C1260,1260,NL,NL33C,51.9650382,4.015557,6,Chemical,19,chemical-olefins,43.56271,83,82,82,(LN)O-MEA,(LN)O,(LN)O,1.348312693,0.967,1.002,0.0,0.0,0.0,730.4031431035622,746.908569,746.908569,106.49401988134,55.0,55.0,623.9091232222222,691.908569,691.908569,16.65,0.111,0.967,0.967,0.5322865194666667,1.3156651228,1.3156651228,C424
E2519,C1260,1260,NL,NL33C,51.9650382,4.015557,6,Chemical,20,chemical-PEA,43.406178,74,77,77,(NG)PEA-MEA,(EL)PEA,(EL)PEA,0.600555118,0.459,0.443,0.0,0.0,0.0,1250.9949502544825,1272.57565,1272.57565,120.499307810038,111.0,111.0,1130.4956424444445,1161.57565,1161.57565,7.35,0.049,0.0,0.0,0.16401245333333336,0.284634,0.284634,C424
E2646,C1260,1260,NL,NL33C,51.9650382,4.015557,6,Chemical,21,chemical-PE,47.165769,65,68,68,(NG)PE-MEA,(EL)PE,(EL)PE,0.050040025,0.016,0.015,0.0,0.0,0.0,1000.7329960451451,1001.8245000000001,1001.8245000000001,37.033860045145,37.0,37.0,963.6991360000001,964.8245000000001,964.8245000000001,0.3,0.002,0.0,0.0,0.02090579,0.024953999999999997,0.024953999999999997,C424
E2382,C1261,1261,NL,NL33C,51.8833788999999,4.2535597,6,Chemical,19,chemical-olefins,43.56271,83,82,82,(LN)O-MEA,(LN)O,(LN)O,1.348312693,0.967,1.002,0.0,0.0,0.0,730.4031431035622,746.908569,746.908569,106.49401988134,55.0,55.0,623.9091232222222,691.908569,691.908569,16.65,0.111,0.967,0.967,0.5322865194666667,1.3156651228,1.3156651228,C424
E2520,C1261,1261,NL,NL33C,51.8833788999999,4.2535597,6,Chemical,20,chemical-PEA,43.406178,74,77,77,(NG)PEA-MEA,(EL)PEA,(EL)PEA,0.600555118,0.459,0.443,0.0,0.0,0.0,1250.9949502544825,1272.57565,1272.57565,120.499307810038,111.0,111.0,1130.4956424444445,1161.57565,1161.57565,7.35,0.049,0.0,0.0,0.16401245333333336,0.284634,0.284634,C424
E2647,C1261,1261,NL,NL33C,51.8833788999999,4.2535597,6,Chemical,21,chemical-PE,47.165769,65,68,68,(NG)PE-MEA,(EL)PE,(EL)PE,0.050040025,0.016,0.015,0.0,0.0,0.0,1000.7329960451451,1001.8245000000001,1001.8245000000001,37.033860045145,37.0,37.0,963.6991360000001,964.8245000000001,964.8245000000001,0.3,0.002,0.0,0.0,0.02090579,0.024953999999999997,0.024953999999999997,C424
E2383,C1262,1262,NL,NL33C,51.8760756,4.3466147,6,Chemical,19,chemical-olefins,43.56271,83,82,82,(LN)O-MEA,(LN)O,(LN)O,1.348312693,0.967,1.002,0.0,0.0,0.0,730.4031431035622,746.908569,746.908569,106.49401988134,55.0,55.0,623.9091232222222,691.908569,691.908569,16.65,0.111,0.967,0.967,0.5322865194666667,1.3156651228,1.3156651228,C424
E2521,C1262,1262,NL,NL33C,51.8760756,4.3466147,6,Chemical,20,chemical-PEA,43.406178,74,77,77,(NG)PEA-MEA,(EL)PEA,(EL)PEA,0.600555118,0.459,0.443,0.0,0.0,0.0,1250.9949502544825,1272.57565,1272.57565,120.499307810038,111.0,111.0,1130.4956424444445,1161.57565,1161.57565,7.35,0.049,0.0,0.0,0.16401245333333336,0.284634,0.284634,C424
E2648,C1262,1262,NL,NL33C,51.8760756,4.3466147,6,Chemical,21,chemical-PE,47.165769,65,68,68,(NG)PE-MEA,(EL)PE,(EL)PE,0.050040025,0.016,0.015,0.0,0.0,0.0,1000.7329960451451,1001.8245000000001,1001.8245000000001,37.033860045145,37.0,37.0,963.6991360000001,964.8245000000001,964.8245000000001,0.3,0.002,0.0,0.0,0.02090579,0.024953999999999997,0.024953999999999997,C424
E2384,C1263,1263,NL,NL33C,51.8905789,4.2630416,6,Chemical,19,chemical-olefins,43.56271,83,82,82,(LN)O-MEA,(LN)O,(LN)O,1.348312693,0.967,1.002,0.0,0.0,0.0,730.4031431035622,746.908569,746.908569,106.49401988134,55.0,55.0,623.9091232222222,691.908569,691.908569,16.65,0.111,0.967,0.967,0.5322865194666667,1.3156651228,1.3156651228,C424
E2522,C1263,1263,NL,NL33C,51.8905789,4.2630416,6,Chemical,20,chemical-PEA,43.406178,74,77,77,(NG)PEA-MEA,(EL)PEA,(EL)PEA,0.600555118,0.459,0.443,0.0,0.0,0.0,1250.9949502544825,1272.57565,1272.57565,120.499307810038,111.0,111.0,1130.4956424444445,1161.57565,1161.57565,7.35,0.049,0.0,0.0,0.16401245333333336,0.284634,0.284634,C424
E2649,C1263,1263,NL,NL33C,51.8905789,4.2630416,6,Chemical,21,chemical-PE,47.165769,65,68,68,(NG)PE-MEA,(EL)PE,(EL)PE,0.050040025,0.016,0.015,0.0,0.0,0.0,1000.7329960451451,1001.8245000000001,1001.8245000000001,37.033860045145,37.0,37.0,963.6991360000001,964.8245000000001,964.8245000000001,0.3,0.002,0.0,0.0,0.02090579,0.024953999999999997,0.024953999999999997,C424
E128,C1267,1267,NL,NL33C,51.8701312,4.3009669,4,Refineries,15,refineries-light-liquid-fuel,2807.04,178,177,175,REF-SMR-MEA,REF(H2)-MEA,REF-SMR,0.622573543,0.231,0.208,0.17,0.0,0.0,678.4894344371378,682.5657872661224,704.4289424577778,47.98003797936,46.4356079639,44.0,630.5093964577778,636.1301793022224,660.4289424577778,3.4499999999999997,0.023,0.019,0.231,0.4144009225333334,0.4040080408666667,0.6181601225333334,C424
E129,C1268,1268,NL,NL33C,51.9322925,4.1680114,4,Refineries,15,refineries-light-liquid-fuel,1228.08,178,177,175,REF-SMR-MEA,REF(H2)-MEA,REF-SMR,0.622573543,0.231,0.208,0.17,0.0,0.0,678.4894344371378,682.5657872661224,704.4289424577778,47.98003797936,46.4356079639,44.0,630.5093964577778,636.1301793022224,660.4289424577778,3.4499999999999997,0.023,0.019,0.231,0.4144009225333334,0.4040080408666667,0.6181601225333334,C424
E130,C1269,1269,NL,NL33C,51.9537221,4.1019441,4,Refineries,15,refineries-light-liquid-fuel,5233.96,178,177,175,REF-SMR-MEA,REF(H2)-MEA,REF-SMR,0.622573543,0.231,0.208,0.17,0.0,0.0,678.4894344371378,682.5657872661224,704.4289424577778,47.98003797936,46.4356079639,44.0,630.5093964577778,636.1301793022224,660.4289424577778,3.4499999999999997,0.023,0.019,0.231,0.4144009225333334,0.4040080408666667,0.6181601225333334,C424
E131,C1270,1270,NL,NL33C,51.8760339,4.3466723,4,Refineries,15,refineries-light-liquid-fuel,5906.48,178,177,175,REF-SMR-MEA,REF(H2)-MEA,REF-SMR,0.622573543,0.231,0.208,0.17,0.0,0.0,678.4894344371378,682.5657872661224,704.4289424577778,47.98003797936,46.4356079639,44.0,630.5093964577778,636.1301793022224,660.4289424577778,3.4499999999999997,0.023,0.019,0.231,0.4144009225333334,0.4040080408666667,0.6181601225333334,C424
E2385,C1272,1272,PL,PL524,50.3541808,18.2692076,6,Chemical,19,chemical-olefins,43.56271,83,82,82,(LN)O-MEA,(LN)O,(LN)O,1.348312693,0.967,1.002,0.0,0.0,0.0,730.4031431035622,746.908569,746.908569,106.49401988134,55.0,55.0,623.9091232222222,691.908569,691.908569,16.65,0.111,0.967,0.967,0.5322865194666667,1.3156651228,1.3156651228,C432
E2523,C1272,1272,PL,PL524,50.3541808,18.2692076,6,Chemical,20,chemical-PEA,43.406178,74,77,77,(NG)PEA-MEA,(EL)PEA,(EL)PEA,0.600555118,0.459,0.443,0.0,0.0,0.0,1250.9949502544825,1272.57565,1272.57565,120.499307810038,111.0,111.0,1130.4956424444445,1161.57565,1161.57565,7.35,0.049,0.0,0.0,0.16401245333333336,0.284634,0.284634,C432
E2650,C1272,1272,PL,PL524,50.3541808,18.2692076,6,Chemical,21,chemical-PE,47.165769,65,68,68,(NG)PE-MEA,(EL)PE,(EL)PE,0.050040025,0.016,0.015,0.0,0.0,0.0,1000.7329960451451,1001.8245000000001,1001.8245000000001,37.033860045145,37.0,37.0,963.6991360000001,964.8245000000001,964.8245000000001,0.3,0.002,0.0,0.0,0.02090579,0.024953999999999997,0.024953999999999997,C432
E2433,C1274,1274,PL,PL21A,50.0363862,19.2542052999999,6,Chemical,20,chemical-PEA,43.406178,74,77,77,(NG)PEA-MEA,(EL)PEA,(EL)PEA,0.600555118,0.459,0.443,0.0,0.0,0.0,1250.9949502544825,1272.57565,1272.57565,120.499307810038,111.0,111.0,1130.4956424444445,1161.57565,1161.57565,7.35,0.049,0.0,0.0,0.16401245333333336,0.284634,0.284634,C433
E2255,C1276,1276,PL,PL428,53.5706465,14.5497384,5,Fertilisers,18,fertiliser-ammonia,377.775,105,107,107,(NG)NH3-MVR-DEA,(BM)NH3,(BM)NH3,2.07811468,1.742,1.42,0.0,0.0,0.0,482.6432713651555,490.9891,490.9891,120.3508298096,170.0,170.0,362.2924415555555,320.9891,320.9891,30.3,0.202,0.0,0.0,0.46096393166666666,0.1487316,0.1487316,C434
E2434,C1277,1277,PL,PL524,50.300161,18.265256,6,Chemical,20,chemical-PEA,43.406178,74,77,77,(NG)PEA-MEA,(EL)PEA,(EL)PEA,0.600555118,0.459,0.443,0.0,0.0,0.0,1250.9949502544825,1272.57565,1272.57565,120.499307810038,111.0,111.0,1130.4956424444445,1161.57565,1161.57565,7.35,0.049,0.0,0.0,0.16401245333333336,0.284634,0.284634,C432
E2386,C1278,1278,PL,PL619,52.7092764,18.9735465999999,6,Chemical,19,chemical-olefins,43.56271,83,82,82,(LN)O-MEA,(LN)O,(LN)O,1.348312693,0.967,1.002,0.0,0.0,0.0,730.4031431035622,746.908569,746.908569,106.49401988134,55.0,55.0,623.9091232222222,691.908569,691.908569,16.65,0.111,0.967,0.967,0.5322865194666667,1.3156651228,1.3156651228,C435
E2524,C1278,1278,PL,PL619,52.7092764,18.9735465999999,6,Chemical,20,chemical-PEA,43.406178,74,77,77,(NG)PEA-MEA,(EL)PEA,(EL)PEA,0.600555118,0.459,0.443,0.0,0.0,0.0,1250.9949502544825,1272.57565,1272.57565,120.499307810038,111.0,111.0,1130.4956424444445,1161.57565,1161.57565,7.35,0.049,0.0,0.0,0.16401245333333336,0.284634,0.284634,C435
E2651,C1278,1278,PL,PL619,52.7092764,18.9735465999999,6,Chemical,21,chemical-PE,47.165769,65,68,68,(NG)PE-MEA,(EL)PE,(EL)PE,0.050040025,0.016,0.015,0.0,0.0,0.0,1000.7329960451451,1001.8245000000001,1001.8245000000001,37.033860045145,37.0,37.0,963.6991360000001,964.8245000000001,964.8245000000001,0.3,0.002,0.0,0.0,0.02090579,0.024953999999999997,0.024953999999999997,C435
E4050,C1280,1280,PL,PL815,51.4518711999999,21.9829256999999,5,Fertilisers,18,fertiliser-urea,838.3499999999999,130,131,130,(BM)Urea,(BM)Urea-DEA,(BM)Urea,0.345423371,0.186,0.0,1.451,0.0,1.451,195.9229408,212.63072534488,195.9229408,11.0,27.707784544880003,11.0,184.9229408,184.9229408,184.9229408,0.0,0.0,-1.451,0.0,0.0578748,-1.3931252,0.0578748,C436
E2435,C1281,1281,PL,PL427,53.6925323,16.7084316999999,6,Chemical,20,chemical-PEA,43.406178,74,77,77,(NG)PEA-MEA,(EL)PEA,(EL)PEA,0.600555118,0.459,0.443,0.0,0.0,0.0,1250.9949502544825,1272.57565,1272.57565,120.499307810038,111.0,111.0,1130.4956424444445,1161.57565,1161.57565,7.35,0.049,0.0,0.0,0.16401245333333336,0.284634,0.284634,C437
E2241,C1283,1283,PL,PL619,52.6995628,18.968729,5,Fertilisers,18,fertiliser-ammonia,189.05999999999997,105,107,107,(NG)NH3-MVR-DEA,(BM)NH3,(BM)NH3,2.07811468,1.742,1.42,0.0,0.0,0.0,482.6432713651555,490.9891,490.9891,120.3508298096,170.0,170.0,362.2924415555555,320.9891,320.9891,30.3,0.202,0.0,0.0,0.46096393166666666,0.1487316,0.1487316,C435
E4052,C1283,1283,PL,PL619,52.6995628,18.968729,5,Fertilisers,18,fertiliser-urea,845.9399999999999,130,131,130,(BM)Urea,(BM)Urea-DEA,(BM)Urea,0.345423371,0.186,0.0,1.451,0.0,1.451,195.9229408,212.63072534488,195.9229408,11.0,27.707784544880003,11.0,184.9229408,184.9229408,184.9229408,0.0,0.0,-1.451,0.0,0.0578748,-1.3931252,0.0578748,C435
E1908,C1284,1284,PL,PL619,52.6995628,18.968729,6,Chemical,21,chemical-PE,400.0,65,68,68,(NG)PE-MEA,(EL)PE,(EL)PE,0.050040025,0.016,0.015,0.0,0.0,0.0,1000.7329960451451,1001.8245000000001,1001.8245000000001,37.033860045145,37.0,37.0,963.6991360000001,964.8245000000001,964.8245000000001,0.3,0.002,0.0,0.0,0.02090579,0.024953999999999997,0.024953999999999997,C435
E1873,C1287,1287,PL,PL524,50.3114806999999,18.2471971,5,Fertilisers,18,fertiliser-ammonia,413.99999999999994,105,107,107,(NG)NH3-MVR-DEA,(BM)NH3,(BM)NH3,2.07811468,1.742,1.42,0.0,0.0,0.0,482.6432713651555,490.9891,490.9891,120.3508298096,170.0,170.0,362.2924415555555,320.9891,320.9891,30.3,0.202,0.0,0.0,0.46096393166666666,0.1487316,0.1487316,C432
E1874,C1287,1287,PL,PL524,50.3114806999999,18.2471971,5,Fertilisers,18,fertiliser-nitric-acid,206.99999999999997,117,118,117,(BM)HNO3,(BM)HNO3-DEA,(BM)HNO3,0.455609314,0.409,0.0,0.736,0.0,0.736,97.43214512,105.90694141568,97.43214512,30.0,38.47479629568,30.0,67.43214512,67.43214512,67.43214512,0.0,0.0,-0.736,0.0,0.0,-0.736,0.0,C432
E2257,C1288,1288,PL,PL217,50.0146875,20.9207901,5,Fertilisers,18,fertiliser-ammonia,133.48049999999998,105,107,107,(NG)NH3-MVR-DEA,(BM)NH3,(BM)NH3,2.07811468,1.742,1.42,0.0,0.0,0.0,482.6432713651555,490.9891,490.9891,120.3508298096,170.0,170.0,362.2924415555555,320.9891,320.9891,30.3,0.202,0.0,0.0,0.46096393166666666,0.1487316,0.1487316,C438
E2436,C1289,1289,PL,PL432,51.6322455,15.0989235999999,6,Chemical,20,chemical-PEA,43.406178,74,77,77,(NG)PEA-MEA,(EL)PEA,(EL)PEA,0.600555118,0.459,0.443,0.0,0.0,0.0,1250.9949502544825,1272.57565,1272.57565,120.499307810038,111.0,111.0,1130.4956424444445,1161.57565,1161.57565,7.35,0.049,0.0,0.0,0.16401245333333336,0.284634,0.284634,C439
E2055,C1293,1293,PL,PL224,50.8403209,19.1609699,3,Glass,11,glass-container,252.1539513,140,146,145,(NG)-CC,(EL)-CC,(EL),0.44358809,0.338,0.097,0.021,0.0,0.0,251.80920304444447,260.61025659999996,267.09275660000003,68.483,53.919,50.0,183.32620304444447,206.6912566,217.09275660000003,1.6499999999999997,0.011,0.002,0.073,0.08259808833333333,0.1719824,0.2425564,C440
E2132,C1294,1294,PL,PL621,53.245789,20.166457,3,Glass,11,glass-container,44.29807019,140,146,145,(NG)-CC,(EL)-CC,(EL),0.44358809,0.338,0.097,0.021,0.0,0.0,251.80920304444447,260.61025659999996,267.09275660000003,68.483,53.919,50.0,183.32620304444447,206.6912566,217.09275660000003,1.6499999999999997,0.011,0.002,0.073,0.08259808833333333,0.1719824,0.2425564,C441
E2142,C1296,1296,PL,PL617,52.809198,18.2483159999999,3,Glass,11,glass-container,15.1259874,140,146,145,(NG)-CC,(EL)-CC,(EL),0.44358809,0.338,0.097,0.021,0.0,0.0,251.80920304444447,260.61025659999996,267.09275660000003,68.483,53.919,50.0,183.32620304444447,206.6912566,217.09275660000003,1.6499999999999997,0.011,0.002,0.073,0.08259808833333333,0.1719824,0.2425564,C442
E2103,C1297,1297,PL,PL921,51.2053435999999,20.8561826,3,Glass,11,glass-container,37.63040363,140,146,145,(NG)-CC,(EL)-CC,(EL),0.44358809,0.338,0.097,0.021,0.0,0.0,251.80920304444447,260.61025659999996,267.09275660000003,68.483,53.919,50.0,183.32620304444447,206.6912566,217.09275660000003,1.6499999999999997,0.011,0.002,0.073,0.08259808833333333,0.1719824,0.2425564,C443
E132,C1299,1299,PL,PL633,54.3449231,18.724262,4,Refineries,15,refineries-light-liquid-fuel,1754.3999999999999,178,177,175,REF-SMR-MEA,REF(H2)-MEA,REF-SMR,0.622573543,0.231,0.208,0.17,0.0,0.0,678.4894344371378,682.5657872661224,704.4289424577778,47.98003797936,46.4356079639,44.0,630.5093964577778,636.1301793022224,660.4289424577778,3.4499999999999997,0.023,0.019,0.231,0.4144009225333334,0.4040080408666667,0.6181601225333334,C444
E133,C1300,1300,PL,PL923,52.5856897999999,19.6512023,4,Refineries,15,refineries-light-liquid-fuel,5467.88,178,177,175,REF-SMR-MEA,REF(H2)-MEA,REF-SMR,0.622573543,0.231,0.208,0.17,0.0,0.0,678.4894344371378,682.5657872661224,704.4289424577778,47.98003797936,46.4356079639,44.0,630.5093964577778,636.1301793022224,660.4289424577778,3.4499999999999997,0.023,0.019,0.231,0.4144009225333334,0.4040080408666667,0.6181601225333334,C445
E910,C1301,1301,PL,PL224,50.7988306,19.1866674999999,1,Steel,2,steel-secondary,800.0,214,218,214,Scraps EAF,EU-mix-2050,Scraps EAF,0.143477203,0.04,0.0,0.0,0.0,0.0,531.9477585,531.9477585,531.9477585,18.0,18.0,18.0,513.9477585,513.9477585,513.9477585,6.0,0.04,0.04,0.04,0.0973878205,0.0973878205,0.0973878205,C440
E924,C1304,1304,PL,PL213,50.0787442999999,20.0667949,1,Steel,1,steel-primary,1844.631579,204,203,203,(NG)DRI-EAF-MEA,(NG)DRI-EAF,(NG)DRI-EAF,2.36399401,2.002,0.586,0.0,0.0,0.0,435.4523586444444,502.38245864444445,502.38245864444445,46.0,32.0,32.0,389.4523586444444,470.38245864444445,470.38245864444445,9.75,0.065,0.651,0.651,0.20736103233333333,0.7814126323333334,0.7814126323333334,C446
E915,C1307,1307,PL,PL22B,50.4931484,19.4567081,1,Steel,2,steel-secondary,1340.0,214,218,214,Scraps EAF,EU-mix-2050,Scraps EAF,0.143477203,0.04,0.0,0.0,0.0,0.0,531.9477585,531.9477585,531.9477585,18.0,18.0,18.0,513.9477585,513.9477585,513.9477585,6.0,0.04,0.04,0.04,0.0973878205,0.0973878205,0.0973878205,C447
E916,C1308,1308,PL,PL229,50.3556113,18.6126691999999,1,Steel,2,steel-secondary,250.0,214,218,214,Scraps EAF,EU-mix-2050,Scraps EAF,0.143477203,0.04,0.0,0.0,0.0,0.0,531.9477585,531.9477585,531.9477585,18.0,18.0,18.0,513.9477585,513.9477585,513.9477585,6.0,0.04,0.04,0.04,0.0973878205,0.0973878205,0.0973878205,C448
E917,C1309,1309,PL,PL824,50.5557177,22.0533509,1,Steel,2,steel-secondary,240.0,214,218,214,Scraps EAF,EU-mix-2050,Scraps EAF,0.143477203,0.04,0.0,0.0,0.0,0.0,531.9477585,531.9477585,531.9477585,18.0,18.0,18.0,513.9477585,513.9477585,513.9477585,6.0,0.04,0.04,0.04,0.0973878205,0.0973878205,0.0973878205,C449
E1757,C1310,1310,PL,PL812,51.1374643999999,23.5438975,2,Cement,8,cement,1679.414639,34,63,36,CEM2-(Afm)Oxy-MEA,EU-mix-2050,CEM2-(BMW),0.536074117,0.49818,0.485,0.501418443,0.0,0.0,69.07946884110001,69.18344591111111,104.71368770000001,18.088320381099997,12.345486,3.0,50.991148460000005,56.83795991111111,101.71368770000001,13.799999999999999,0.092,0.033971836,0.342,0.11191325199999999,0.05687816046263333,0.3516348,C450
E1758,C1311,1311,PL,PL721,50.8147246999999,20.5362511,2,Cement,8,cement,1483.886206,34,63,36,CEM2-(Afm)Oxy-MEA,EU-mix-2050,CEM2-(BMW),0.536074117,0.49818,0.485,0.501418443,0.0,0.0,69.07946884110001,69.18344591111111,104.71368770000001,18.088320381099997,12.345486,3.0,50.991148460000005,56.83795991111111,101.71368770000001,13.799999999999999,0.092,0.033971836,0.342,0.11191325199999999,0.05687816046263333,0.3516348,C451
E1759,C1312,1312,PL,PL524,50.6804375999999,17.9153251,2,Cement,8,cement,481.5451011,34,63,36,CEM2-(Afm)Oxy-MEA,EU-mix-2050,CEM2-(BMW),0.536074117,0.49818,0.485,0.501418443,0.0,0.0,69.07946884110001,69.18344591111111,104.71368770000001,18.088320381099997,12.345486,3.0,50.991148460000005,56.83795991111111,101.71368770000001,13.799999999999999,0.092,0.033971836,0.342,0.11191325199999999,0.05687816046263333,0.3516348,C452
E1760,C1313,1313,PL,PL224,50.8753929,19.2559432999999,2,Cement,8,cement,493.3000212,34,63,36,CEM2-(Afm)Oxy-MEA,EU-mix-2050,CEM2-(BMW),0.536074117,0.49818,0.485,0.501418443,0.0,0.0,69.07946884110001,69.18344591111111,104.71368770000001,18.088320381099997,12.345486,3.0,50.991148460000005,56.83795991111111,101.71368770000001,13.799999999999999,0.092,0.033971836,0.342,0.11191325199999999,0.05687816046263333,0.3516348,C440
E1761,C1314,1314,PL,PL617,52.8401088999999,17.9869786,2,Cement,8,cement,1288.182267,34,63,36,CEM2-(Afm)Oxy-MEA,EU-mix-2050,CEM2-(BMW),0.536074117,0.49818,0.485,0.501418443,0.0,0.0,69.07946884110001,69.18344591111111,104.71368770000001,18.088320381099997,12.345486,3.0,50.991148460000005,56.83795991111111,101.71368770000001,13.799999999999999,0.092,0.033971836,0.342,0.11191325199999999,0.05687816046263333,0.3516348,C453
E1762,C1315,1315,PL,PL722,50.8246469999999,20.279852,2,Cement,8,cement,1723.68973,34,63,36,CEM2-(Afm)Oxy-MEA,EU-mix-2050,CEM2-(BMW),0.536074117,0.49818,0.485,0.501418443,0.0,0.0,69.07946884110001,69.18344591111111,104.71368770000001,18.088320381099997,12.345486,3.0,50.991148460000005,56.83795991111111,101.71368770000001,13.799999999999999,0.092,0.033971836,0.342,0.11191325199999999,0.05687816046263333,0.3516348,C454
E2106,C1322,1322,PL,PL622,53.2361739999999,20.1723639,3,Glass,11,glass-container,68.79812019,140,146,145,(NG)-CC,(EL)-CC,(EL),0.44358809,0.338,0.097,0.021,0.0,0.0,251.80920304444447,260.61025659999996,267.09275660000003,68.483,53.919,50.0,183.32620304444447,206.6912566,217.09275660000003,1.6499999999999997,0.011,0.002,0.073,0.08259808833333333,0.1719824,0.2425564,C441
E2163,C1323,1323,PL,PL21A,50.3368286999999,19.6059085,3,Glass,12,glass-float,28.06385069,164,170,169,(NG)-CC,(EL)-CC,(EL),0.580169919,0.487,0.14,0.052,0.0,0.0,250.42840994222226,260.07431572,277.62331572,83.46000000000001,66.228,58.0,166.96840994222225,193.84631572000004,219.62331572,2.4,0.016,0.006,0.182,0.08442004666666666,0.1873836,0.36231559999999996,C455
E2022,C1324,1324,PL,PL524,50.7019238999999,18.1861546999999,3,Glass,11,glass-container,208.8357831,140,146,145,(NG)-CC,(EL)-CC,(EL),0.44358809,0.338,0.097,0.021,0.0,0.0,251.80920304444447,260.61025659999996,267.09275660000003,68.483,53.919,50.0,183.32620304444447,206.6912566,217.09275660000003,1.6499999999999997,0.011,0.002,0.073,0.08259808833333333,0.1719824,0.2425564,C456
E2033,C1325,1325,PL,PL411,53.0535159,16.7232786,3,Glass,11,glass-container,79.41455854,140,146,145,(NG)-CC,(EL)-CC,(EL),0.44358809,0.338,0.097,0.021,0.0,0.0,251.80920304444447,260.61025659999996,267.09275660000003,68.483,53.919,50.0,183.32620304444447,206.6912566,217.09275660000003,1.6499999999999997,0.011,0.002,0.073,0.08259808833333333,0.1719824,0.2425564,C457
E2089,C1326,1326,PL,PL821,49.7023895,21.7345668,3,Glass,11,glass-container,145.4012932,140,146,145,(NG)-CC,(EL)-CC,(EL),0.44358809,0.338,0.097,0.021,0.0,0.0,251.80920304444447,260.61025659999996,267.09275660000003,68.483,53.919,50.0,183.32620304444447,206.6912566,217.09275660000003,1.6499999999999997,0.011,0.002,0.073,0.08259808833333333,0.1719824,0.2425564,C458
E2018,C1327,1327,PL,PL822,50.002057,22.712876,3,Glass,11,glass-container,544.9680032,140,146,145,(NG)-CC,(EL)-CC,(EL),0.44358809,0.338,0.097,0.021,0.0,0.0,251.80920304444447,260.61025659999996,267.09275660000003,68.483,53.919,50.0,183.32620304444447,206.6912566,217.09275660000003,1.6499999999999997,0.011,0.002,0.073,0.08259808833333333,0.1719824,0.2425564,C459
E2019,C1328,1328,PL,PL415,52.4074241,17.0325385,3,Glass,11,glass-container,98.83095024,140,146,145,(NG)-CC,(EL)-CC,(EL),0.44358809,0.338,0.097,0.021,0.0,0.0,251.80920304444447,260.61025659999996,267.09275660000003,68.483,53.919,50.0,183.32620304444447,206.6912566,217.09275660000003,1.6499999999999997,0.011,0.002,0.073,0.08259808833333333,0.1719824,0.2425564,C460
E2182,C1329,1329,PL,PL722,50.664611,21.7528259,3,Glass,12,glass-float,184.8217092,164,170,169,(NG)-CC,(EL)-CC,(EL),0.580169919,0.487,0.14,0.052,0.0,0.0,250.42840994222226,260.07431572,277.62331572,83.46000000000001,66.228,58.0,166.96840994222225,193.84631572000004,219.62331572,2.4,0.016,0.006,0.182,0.08442004666666666,0.1873836,0.36231559999999996,C461
E2032,C1330,1330,PL,PL417,51.886192,17.002102,3,Glass,11,glass-container,188.0545279,140,146,145,(NG)-CC,(EL)-CC,(EL),0.44358809,0.338,0.097,0.021,0.0,0.0,251.80920304444447,260.61025659999996,267.09275660000003,68.483,53.919,50.0,183.32620304444447,206.6912566,217.09275660000003,1.6499999999999997,0.011,0.002,0.073,0.08259808833333333,0.1719824,0.2425564,C462
E1770,C1332,1332,PL,PL524,50.5317258999999,17.9768686,2,Cement,8,cement,3676.434952,34,63,36,CEM2-(Afm)Oxy-MEA,EU-mix-2050,CEM2-(BMW),0.536074117,0.49818,0.485,0.501418443,0.0,0.0,69.07946884110001,69.18344591111111,104.71368770000001,18.088320381099997,12.345486,3.0,50.991148460000005,56.83795991111111,101.71368770000001,13.799999999999999,0.092,0.033971836,0.342,0.11191325199999999,0.05687816046263333,0.3516348,C452
E1771,C1333,1333,PL,PL722,50.929119,21.6795931999999,2,Cement,8,cement,2989.08311,34,63,36,CEM2-(Afm)Oxy-MEA,EU-mix-2050,CEM2-(BMW),0.536074117,0.49818,0.485,0.501418443,0.0,0.0,69.07946884110001,69.18344591111111,104.71368770000001,18.088320381099997,12.345486,3.0,50.991148460000005,56.83795991111111,101.71368770000001,13.799999999999999,0.092,0.033971836,0.342,0.11191325199999999,0.05687816046263333,0.3516348,C463
E1772,C1334,1334,PL,PL714,51.104018,18.9348032,2,Cement,8,cement,2433.339045,34,63,36,CEM2-(Afm)Oxy-MEA,EU-mix-2050,CEM2-(BMW),0.536074117,0.49818,0.485,0.501418443,0.0,0.0,69.07946884110001,69.18344591111111,104.71368770000001,18.088320381099997,12.345486,3.0,50.991148460000005,56.83795991111111,101.71368770000001,13.799999999999999,0.092,0.033971836,0.342,0.11191325199999999,0.05687816046263333,0.3516348,C464
E2169,C1347,1347,PL,PL224,50.7807919999999,19.190238,3,Glass,12,glass-float,240.0299607,164,170,169,(NG)-CC,(EL)-CC,(EL),0.580169919,0.487,0.14,0.052,0.0,0.0,250.42840994222226,260.07431572,277.62331572,83.46000000000001,66.228,58.0,166.96840994222225,193.84631572000004,219.62331572,2.4,0.016,0.006,0.182,0.08442004666666666,0.1873836,0.36231559999999996,C440
E2094,C1348,1348,PL,PL925,51.948537,21.5917825999999,3,Glass,11,glass-container,93.37482918,140,146,145,(NG)-CC,(EL)-CC,(EL),0.44358809,0.338,0.097,0.021,0.0,0.0,251.80920304444447,260.61025659999996,267.09275660000003,68.483,53.919,50.0,183.32620304444447,206.6912566,217.09275660000003,1.6499999999999997,0.011,0.002,0.073,0.08259808833333333,0.1719824,0.2425564,C465
E2023,C1349,1349,PL,PL417,52.6439614,16.0894170999999,3,Glass,11,glass-container,254.5845415,140,146,145,(NG)-CC,(EL)-CC,(EL),0.44358809,0.338,0.097,0.021,0.0,0.0,251.80920304444447,260.61025659999996,267.09275660000003,68.483,53.919,50.0,183.32620304444447,206.6912566,217.09275660000003,1.6499999999999997,0.011,0.002,0.073,0.08259808833333333,0.1719824,0.2425564,C466
E2117,C1350,1350,PL,PL432,51.512635,15.084155,3,Glass,11,glass-container,60.95640436,140,146,145,(NG)-CC,(EL)-CC,(EL),0.44358809,0.338,0.097,0.021,0.0,0.0,251.80920304444447,260.61025659999996,267.09275660000003,68.483,53.919,50.0,183.32620304444447,206.6912566,217.09275660000003,1.6499999999999997,0.011,0.002,0.073,0.08259808833333333,0.1719824,0.2425564,C439
E2034,C1352,1352,PL,PL924,52.6038509999999,21.4456166,3,Glass,11,glass-container,81.79515382,140,146,145,(NG)-CC,(EL)-CC,(EL),0.44358809,0.338,0.097,0.021,0.0,0.0,251.80920304444447,260.61025659999996,267.09275660000003,68.483,53.919,50.0,183.32620304444447,206.6912566,217.09275660000003,1.6499999999999997,0.011,0.002,0.073,0.08259808833333333,0.1719824,0.2425564,C467
E2161,C1353,1353,PL,PL22B,50.3055379999999,19.2966957999999,3,Glass,12,glass-float,337.7946955,164,170,169,(NG)-CC,(EL)-CC,(EL),0.580169919,0.487,0.14,0.052,0.0,0.0,250.42840994222226,260.07431572,277.62331572,83.46000000000001,66.228,58.0,166.96840994222225,193.84631572000004,219.62331572,2.4,0.016,0.006,0.182,0.08442004666666666,0.1873836,0.36231559999999996,C468
E2144,C1355,1355,PL,PL224,50.875739,19.2197849,3,Glass,11,glass-container,99.07592574,140,146,145,(NG)-CC,(EL)-CC,(EL),0.44358809,0.338,0.097,0.021,0.0,0.0,251.80920304444447,260.61025659999996,267.09275660000003,68.483,53.919,50.0,183.32620304444447,206.6912566,217.09275660000003,1.6499999999999997,0.011,0.002,0.073,0.08259808833333333,0.1719824,0.2425564,C440
E138,C1358,1358,PL,PL821,49.7113687,21.6559196,4,Refineries,15,refineries-light-liquid-fuel,58.48,178,177,175,REF-SMR-MEA,REF(H2)-MEA,REF-SMR,0.622573543,0.231,0.208,0.17,0.0,0.0,678.4894344371378,682.5657872661224,704.4289424577778,47.98003797936,46.4356079639,44.0,630.5093964577778,636.1301793022224,660.4289424577778,3.4499999999999997,0.023,0.019,0.231,0.4144009225333334,0.4040080408666667,0.6181601225333334,C458
E927,C1363,1363,PL,PL721,50.9488509999999,21.431556,1,Steel,2,steel-secondary,900.0,214,218,214,Scraps EAF,EU-mix-2050,Scraps EAF,0.143477203,0.04,0.0,0.0,0.0,0.0,531.9477585,531.9477585,531.9477585,18.0,18.0,18.0,513.9477585,513.9477585,513.9477585,6.0,0.04,0.04,0.04,0.0973878205,0.0973878205,0.0973878205,C469
E922,C1364,1364,PL,PL911,52.2614208,21.0488125,1,Steel,2,steel-secondary,750.0,214,218,214,Scraps EAF,EU-mix-2050,Scraps EAF,0.143477203,0.04,0.0,0.0,0.0,0.0,531.9477585,531.9477585,531.9477585,18.0,18.0,18.0,513.9477585,513.9477585,513.9477585,6.0,0.04,0.04,0.04,0.0973878205,0.0973878205,0.0973878205,C470
E139,C1370,1370,PL,PL21A,50.1626089,19.4455329,4,Refineries,15,refineries-light-liquid-fuel,116.96,178,177,175,REF-SMR-MEA,REF(H2)-MEA,REF-SMR,0.622573543,0.231,0.208,0.17,0.0,0.0,678.4894344371378,682.5657872661224,704.4289424577778,47.98003797936,46.4356079639,44.0,630.5093964577778,636.1301793022224,660.4289424577778,3.4499999999999997,0.023,0.019,0.231,0.4144009225333334,0.4040080408666667,0.6181601225333334,C471
E928,C1371,1371,PL,PL22A,50.2763209,18.93804,1,Steel,2,steel-secondary,145.0,214,218,214,Scraps EAF,EU-mix-2050,Scraps EAF,0.143477203,0.04,0.0,0.0,0.0,0.0,531.9477585,531.9477585,531.9477585,18.0,18.0,18.0,513.9477585,513.9477585,513.9477585,6.0,0.04,0.04,0.04,0.0973878205,0.0973878205,0.0973878205,C472
E2145,C1372,1372,PL,PL22C,50.1602780999999,18.7790791,3,Glass,11,glass-container,217.1599507,140,146,145,(NG)-CC,(EL)-CC,(EL),0.44358809,0.338,0.097,0.021,0.0,0.0,251.80920304444447,260.61025659999996,267.09275660000003,68.483,53.919,50.0,183.32620304444447,206.6912566,217.09275660000003,1.6499999999999997,0.011,0.002,0.073,0.08259808833333333,0.1719824,0.2425564,C472
E2136,C1373,1373,PL,PL721,50.8901315,20.6012485,3,Glass,11,glass-container,20.20714595,140,146,145,(NG)-CC,(EL)-CC,(EL),0.44358809,0.338,0.097,0.021,0.0,0.0,251.80920304444447,260.61025659999996,267.09275660000003,68.483,53.919,50.0,183.32620304444447,206.6912566,217.09275660000003,1.6499999999999997,0.011,0.002,0.073,0.08259808833333333,0.1719824,0.2425564,C451
E2135,C1374,1374,PL,PL417,51.7602328999999,16.8164504,3,Glass,11,glass-container,18.15318468,140,146,145,(NG)-CC,(EL)-CC,(EL),0.44358809,0.338,0.097,0.021,0.0,0.0,251.80920304444447,260.61025659999996,267.09275660000003,68.483,53.919,50.0,183.32620304444447,206.6912566,217.09275660000003,1.6499999999999997,0.011,0.002,0.073,0.08259808833333333,0.1719824,0.2425564,C473
E2134,C1375,1375,PL,PL524,51.0125469999999,18.0503646999999,3,Glass,11,glass-container,28.54547879,140,146,145,(NG)-CC,(EL)-CC,(EL),0.44358809,0.338,0.097,0.021,0.0,0.0,251.80920304444447,260.61025659999996,267.09275660000003,68.483,53.919,50.0,183.32620304444447,206.6912566,217.09275660000003,1.6499999999999997,0.011,0.002,0.073,0.08259808833333333,0.1719824,0.2425564,C474
E2211,C1377,1377,PL,PL22B,50.3695865999999,19.2657075,3,Glass,13,glass-fibre,31.52173913,158,152,157,(EL)-CC,(NG)-CC,(EL),0.827356012,0.634,0.066,0.183,0.0,0.0,328.847314,329.405778,350.893514,81.174,109.437,71.0,247.673314,219.968778,279.893514,1.05,0.007,0.02,0.227,0.2712316,0.14762786,0.48989479999999996,C468
E925,C1380,1380,PL,PL22B,50.3420490999999,19.2674352999999,1,Steel,1,steel-primary,3547.368421,204,203,203,(NG)DRI-EAF-MEA,(NG)DRI-EAF,(NG)DRI-EAF,2.36399401,2.002,0.586,0.0,0.0,0.0,435.4523586444444,502.38245864444445,502.38245864444445,46.0,32.0,32.0,389.4523586444444,470.38245864444445,470.38245864444445,9.75,0.065,0.651,0.651,0.20736103233333333,0.7814126323333334,0.7814126323333334,C468
E2091,C1387,1387,PL,PL921,51.4200287,21.199981,3,Glass,11,glass-container,171.2953705,140,146,145,(NG)-CC,(EL)-CC,(EL),0.44358809,0.338,0.097,0.021,0.0,0.0,251.80920304444447,260.61025659999996,267.09275660000003,68.483,53.919,50.0,183.32620304444447,206.6912566,217.09275660000003,1.6499999999999997,0.011,0.002,0.073,0.08259808833333333,0.1719824,0.2425564,C475
E2157,C1388,1388,PL,PL713,51.6231209999999,19.9378089,3,Glass,12,glass-float,399.6532417,164,170,169,(NG)-CC,(EL)-CC,(EL),0.580169919,0.487,0.14,0.052,0.0,0.0,250.42840994222226,260.07431572,277.62331572,83.46000000000001,66.228,58.0,166.96840994222225,193.84631572000004,219.62331572,2.4,0.016,0.006,0.182,0.08442004666666666,0.1873836,0.36231559999999996,C476
E2197,C1390,1390,PL,PL924,52.7057332999999,22.0161133999999,3,Glass,13,glass-fibre,113.7385266,158,152,157,(EL)-CC,(NG)-CC,(EL),0.827356012,0.634,0.066,0.183,0.0,0.0,328.847314,329.405778,350.893514,81.174,109.437,71.0,247.673314,219.968778,279.893514,1.05,0.007,0.02,0.227,0.2712316,0.14762786,0.48989479999999996,C477
E937,C1391,1391,PT,PT170,38.6283127,-9.0816658,1,Steel,2,steel-secondary,1100.0,214,218,214,Scraps EAF,EU-mix-2050,Scraps EAF,0.143477203,0.04,0.0,0.0,0.0,0.0,531.9477585,531.9477585,531.9477585,18.0,18.0,18.0,513.9477585,513.9477585,513.9477585,6.0,0.04,0.04,0.04,0.0973878205,0.0973878205,0.0973878205,C478
E1792,C1392,1392,PT,PT185,39.4542215,-8.8482857,2,Cement,8,cement,40.40568891,34,63,36,CEM2-(Afm)Oxy-MEA,EU-mix-2050,CEM2-(BMW),0.536074117,0.49818,0.485,0.501418443,0.0,0.0,69.07946884110001,69.18344591111111,104.71368770000001,18.088320381099997,12.345486,3.0,50.991148460000005,56.83795991111111,101.71368770000001,13.799999999999999,0.092,0.033971836,0.342,0.11191325199999999,0.05687816046263333,0.3516348,C479
E2092,C1393,1393,PT,PT16F,39.7234959999999,-8.929019,3,Glass,11,glass-container,128.0071993,140,146,145,(NG)-CC,(EL)-CC,(EL),0.44358809,0.338,0.097,0.021,0.0,0.0,251.80920304444447,260.61025659999996,267.09275660000003,68.483,53.919,50.0,183.32620304444447,206.6912566,217.09275660000003,1.6499999999999997,0.011,0.002,0.073,0.08259808833333333,0.1719824,0.2425564,C480
E938,C1394,1394,PT,PT11A,41.257618,-8.5542981,1,Steel,2,steel-secondary,600.0,214,218,214,Scraps EAF,EU-mix-2050,Scraps EAF,0.143477203,0.04,0.0,0.0,0.0,0.0,531.9477585,531.9477585,531.9477585,18.0,18.0,18.0,513.9477585,513.9477585,513.9477585,6.0,0.04,0.04,0.04,0.0973878205,0.0973878205,0.0973878205,C481
E1793,C1395,1395,PT,PT16B,39.6888197,-8.9439597,2,Cement,8,cement,572.3240043,34,63,36,CEM2-(Afm)Oxy-MEA,EU-mix-2050,CEM2-(BMW),0.536074117,0.49818,0.485,0.501418443,0.0,0.0,69.07946884110001,69.18344591111111,104.71368770000001,18.088320381099997,12.345486,3.0,50.991148460000005,56.83795991111111,101.71368770000001,13.799999999999999,0.092,0.033971836,0.342,0.11191325199999999,0.05687816046263333,0.3516348,C480
E1794,C1396,1396,PT,PT170,38.5027521,-8.9318834,2,Cement,8,cement,1391.674863,34,63,36,CEM2-(Afm)Oxy-MEA,EU-mix-2050,CEM2-(BMW),0.536074117,0.49818,0.485,0.501418443,0.0,0.0,69.07946884110001,69.18344591111111,104.71368770000001,18.088320381099997,12.345486,3.0,50.991148460000005,56.83795991111111,101.71368770000001,13.799999999999999,0.092,0.033971836,0.342,0.11191325199999999,0.05687816046263333,0.3516348,C478
E2012,C1397,1397,PT,PT16F,39.7383342999999,-8.92282679999999,3,Glass,11,glass-container,308.0308636,140,146,145,(NG)-CC,(EL)-CC,(EL),0.44358809,0.338,0.097,0.021,0.0,0.0,251.80920304444447,260.61025659999996,267.09275660000003,68.483,53.919,50.0,183.32620304444447,206.6912566,217.09275660000003,1.6499999999999997,0.011,0.002,0.073,0.08259808833333333,0.1719824,0.2425564,C480
E2011,C1398,1398,PT,PT11A,41.0860851999999,-8.53020549999999,3,Glass,11,glass-container,330.0069993,140,146,145,(NG)-CC,(EL)-CC,(EL),0.44358809,0.338,0.097,0.021,0.0,0.0,251.80920304444447,260.61025659999996,267.09275660000003,68.483,53.919,50.0,183.32620304444447,206.6912566,217.09275660000003,1.6499999999999997,0.011,0.002,0.073,0.08259808833333333,0.1719824,0.2425564,C481
E1795,C1399,1399,PT,PT16F,39.6808602999999,-8.8984967,2,Cement,8,cement,19.71024606,34,63,36,CEM2-(Afm)Oxy-MEA,EU-mix-2050,CEM2-(BMW),0.536074117,0.49818,0.485,0.501418443,0.0,0.0,69.07946884110001,69.18344591111111,104.71368770000001,18.088320381099997,12.345486,3.0,50.991148460000005,56.83795991111111,101.71368770000001,13.799999999999999,0.092,0.033971836,0.342,0.11191325199999999,0.05687816046263333,0.3516348,C480
E2052,C1400,1400,PT,PT170,38.7547511,-9.22263429999999,3,Glass,11,glass-container,271.050395,140,146,145,(NG)-CC,(EL)-CC,(EL),0.44358809,0.338,0.097,0.021,0.0,0.0,251.80920304444447,260.61025659999996,267.09275660000003,68.483,53.919,50.0,183.32620304444447,206.6912566,217.09275660000003,1.6499999999999997,0.011,0.002,0.073,0.08259808833333333,0.1719824,0.2425564,C478
E1796,C1401,1401,PT,PT170,38.9241694999999,-9.009415,2,Cement,8,cement,1615.016372,34,63,36,CEM2-(Afm)Oxy-MEA,EU-mix-2050,CEM2-(BMW),0.536074117,0.49818,0.485,0.501418443,0.0,0.0,69.07946884110001,69.18344591111111,104.71368770000001,18.088320381099997,12.345486,3.0,50.991148460000005,56.83795991111111,101.71368770000001,13.799999999999999,0.092,0.033971836,0.342,0.11191325199999999,0.05687816046263333,0.3516348,C482
E1797,C1402,1402,PT,PT150,37.1341745,-8.10013979999999,2,Cement,8,cement,415.5909484,34,63,36,CEM2-(Afm)Oxy-MEA,EU-mix-2050,CEM2-(BMW),0.536074117,0.49818,0.485,0.501418443,0.0,0.0,69.07946884110001,69.18344591111111,104.71368770000001,18.088320381099997,12.345486,3.0,50.991148460000005,56.83795991111111,101.71368770000001,13.799999999999999,0.092,0.033971836,0.342,0.11191325199999999,0.05687816046263333,0.3516348,C483
E1798,C1403,1403,PT,PT16E,40.2949653,-8.4192243,2,Cement,8,cement,1384.188866,34,63,36,CEM2-(Afm)Oxy-MEA,EU-mix-2050,CEM2-(BMW),0.536074117,0.49818,0.485,0.501418443,0.0,0.0,69.07946884110001,69.18344591111111,104.71368770000001,18.088320381099997,12.345486,3.0,50.991148460000005,56.83795991111111,101.71368770000001,13.799999999999999,0.092,0.033971836,0.342,0.11191325199999999,0.05687816046263333,0.3516348,C484
E2387,C1404,1404,PT,PT16D,40.7528385,-8.5709856,6,Chemical,19,chemical-olefins,43.56271,83,82,82,(LN)O-MEA,(LN)O,(LN)O,1.348312693,0.967,1.002,0.0,0.0,0.0,730.4031431035622,746.908569,746.908569,106.49401988134,55.0,55.0,623.9091232222222,691.908569,691.908569,16.65,0.111,0.967,0.967,0.5322865194666667,1.3156651228,1.3156651228,C485
E2525,C1404,1404,PT,PT16D,40.7528385,-8.5709856,6,Chemical,20,chemical-PEA,43.406178,74,77,77,(NG)PEA-MEA,(EL)PEA,(EL)PEA,0.600555118,0.459,0.443,0.0,0.0,0.0,1250.9949502544825,1272.57565,1272.57565,120.499307810038,111.0,111.0,1130.4956424444445,1161.57565,1161.57565,7.35,0.049,0.0,0.0,0.16401245333333336,0.284634,0.284634,C485
E2652,C1404,1404,PT,PT16D,40.7528385,-8.5709856,6,Chemical,21,chemical-PE,47.165769,65,68,68,(NG)PE-MEA,(EL)PE,(EL)PE,0.050040025,0.016,0.015,0.0,0.0,0.0,1000.7329960451451,1001.8245000000001,1001.8245000000001,37.033860045145,37.0,37.0,963.6991360000001,964.8245000000001,964.8245000000001,0.3,0.002,0.0,0.0,0.02090579,0.024953999999999997,0.024953999999999997,C485
E2284,C1405,1405,PT,PT170,38.6670039999999,-9.0550262,5,Fertilisers,18,fertiliser-nitric-acid,82.8,117,118,117,(BM)HNO3,(BM)HNO3-DEA,(BM)HNO3,0.455609314,0.409,0.0,0.736,0.0,0.736,97.43214512,105.90694141568,97.43214512,30.0,38.47479629568,30.0,67.43214512,67.43214512,67.43214512,0.0,0.0,-0.736,0.0,0.0,-0.736,0.0,C478
E2437,C1406,1406,PT,PT16D,40.6451441,-8.7024161,6,Chemical,20,chemical-PEA,43.406178,74,77,77,(NG)PEA-MEA,(EL)PEA,(EL)PEA,0.600555118,0.459,0.443,0.0,0.0,0.0,1250.9949502544825,1272.57565,1272.57565,120.499307810038,111.0,111.0,1130.4956424444445,1161.57565,1161.57565,7.35,0.049,0.0,0.0,0.16401245333333336,0.284634,0.284634,C485
E2563,C1407,1407,PT,PT181,37.9876948,-8.80996859999999,6,Chemical,21,chemical-PE,47.165769,65,68,68,(NG)PE-MEA,(EL)PE,(EL)PE,0.050040025,0.016,0.015,0.0,0.0,0.0,1000.7329960451451,1001.8245000000001,1001.8245000000001,37.033860045145,37.0,37.0,963.6991360000001,964.8245000000001,964.8245000000001,0.3,0.002,0.0,0.0,0.02090579,0.024953999999999997,0.024953999999999997,C486
E2388,C1408,1408,PT,PT181,37.9792481,-8.8181279,6,Chemical,19,chemical-olefins,43.56271,83,82,82,(LN)O-MEA,(LN)O,(LN)O,1.348312693,0.967,1.002,0.0,0.0,0.0,730.4031431035622,746.908569,746.908569,106.49401988134,55.0,55.0,623.9091232222222,691.908569,691.908569,16.65,0.111,0.967,0.967,0.5322865194666667,1.3156651228,1.3156651228,C486
E2526,C1408,1408,PT,PT181,37.9792481,-8.8181279,6,Chemical,20,chemical-PEA,43.406178,74,77,77,(NG)PEA-MEA,(EL)PEA,(EL)PEA,0.600555118,0.459,0.443,0.0,0.0,0.0,1250.9949502544825,1272.57565,1272.57565,120.499307810038,111.0,111.0,1130.4956424444445,1161.57565,1161.57565,7.35,0.049,0.0,0.0,0.16401245333333336,0.284634,0.284634,C486
E2653,C1408,1408,PT,PT181,37.9792481,-8.8181279,6,Chemical,21,chemical-PE,47.165769,65,68,68,(NG)PE-MEA,(EL)PE,(EL)PE,0.050040025,0.016,0.015,0.0,0.0,0.0,1000.7329960451451,1001.8245000000001,1001.8245000000001,37.033860045145,37.0,37.0,963.6991360000001,964.8245000000001,964.8245000000001,0.3,0.002,0.0,0.0,0.02090579,0.024953999999999997,0.024953999999999997,C486
E2564,C1409,1409,PT,PT16D,40.779859,-8.573968,6,Chemical,21,chemical-PE,47.165769,65,68,68,(NG)PE-MEA,(EL)PE,(EL)PE,0.050040025,0.016,0.015,0.0,0.0,0.0,1000.7329960451451,1001.8245000000001,1001.8245000000001,37.033860045145,37.0,37.0,963.6991360000001,964.8245000000001,964.8245000000001,0.3,0.002,0.0,0.0,0.02090579,0.024953999999999997,0.024953999999999997,C485
E2389,C1411,1411,PT,PT11A,41.2211362999999,-8.479543,6,Chemical,19,chemical-olefins,43.56271,83,82,82,(LN)O-MEA,(LN)O,(LN)O,1.348312693,0.967,1.002,0.0,0.0,0.0,730.4031431035622,746.908569,746.908569,106.49401988134,55.0,55.0,623.9091232222222,691.908569,691.908569,16.65,0.111,0.967,0.967,0.5322865194666667,1.3156651228,1.3156651228,C481
E2527,C1411,1411,PT,PT11A,41.2211362999999,-8.479543,6,Chemical,20,chemical-PEA,43.406178,74,77,77,(NG)PEA-MEA,(EL)PEA,(EL)PEA,0.600555118,0.459,0.443,0.0,0.0,0.0,1250.9949502544825,1272.57565,1272.57565,120.499307810038,111.0,111.0,1130.4956424444445,1161.57565,1161.57565,7.35,0.049,0.0,0.0,0.16401245333333336,0.284634,0.284634,C481
E2654,C1411,1411,PT,PT11A,41.2211362999999,-8.479543,6,Chemical,21,chemical-PE,47.165769,65,68,68,(NG)PE-MEA,(EL)PE,(EL)PE,0.050040025,0.016,0.015,0.0,0.0,0.0,1000.7329960451451,1001.8245000000001,1001.8245000000001,37.033860045145,37.0,37.0,963.6991360000001,964.8245000000001,964.8245000000001,0.3,0.002,0.0,0.0,0.02090579,0.024953999999999997,0.024953999999999997,C481
E1800,C1412,1412,PT,PT16B,39.6577361,-8.9857452,2,Cement,8,cement,402.3886015,34,63,36,CEM2-(Afm)Oxy-MEA,EU-mix-2050,CEM2-(BMW),0.536074117,0.49818,0.485,0.501418443,0.0,0.0,69.07946884110001,69.18344591111111,104.71368770000001,18.088320381099997,12.345486,3.0,50.991148460000005,56.83795991111111,101.71368770000001,13.799999999999999,0.092,0.033971836,0.342,0.11191325199999999,0.05687816046263333,0.3516348,C480
E1801,C1413,1413,PT,PT185,39.4492450999999,-8.84503089999999,2,Cement,8,cement,582.0864447,34,63,36,CEM2-(Afm)Oxy-MEA,EU-mix-2050,CEM2-(BMW),0.536074117,0.49818,0.485,0.501418443,0.0,0.0,69.07946884110001,69.18344591111111,104.71368770000001,18.088320381099997,12.345486,3.0,50.991148460000005,56.83795991111111,101.71368770000001,13.799999999999999,0.092,0.033971836,0.342,0.11191325199999999,0.05687816046263333,0.3516348,C479
E140,C1414,1414,PT,PT181,37.9639141999999,-8.80025129999999,4,Refineries,15,refineries-light-liquid-fuel,3099.44,178,177,175,REF-SMR-MEA,REF(H2)-MEA,REF-SMR,0.622573543,0.231,0.208,0.17,0.0,0.0,678.4894344371378,682.5657872661224,704.4289424577778,47.98003797936,46.4356079639,44.0,630.5093964577778,636.1301793022224,660.4289424577778,3.4499999999999997,0.023,0.019,0.231,0.4144009225333334,0.4040080408666667,0.6181601225333334,C486
E141,C1414,1414,PT,PT181,37.9639141999999,-8.80025129999999,6,Chemical,19,chemical-olefins,410.0,83,82,82,(LN)O-MEA,(LN)O,(LN)O,1.348312693,0.967,1.002,0.0,0.0,0.0,730.4031431035622,746.908569,746.908569,106.49401988134,55.0,55.0,623.9091232222222,691.908569,691.908569,16.65,0.111,0.967,0.967,0.5322865194666667,1.3156651228,1.3156651228,C486
E142,C1414,1414,PT,PT181,37.9639141999999,-8.80025129999999,6,Chemical,19,chemical-olefins,211.2121212,83,82,82,(LN)O-MEA,(LN)O,(LN)O,1.348312693,0.967,1.002,0.0,0.0,0.0,730.4031431035622,746.908569,746.908569,106.49401988134,55.0,55.0,623.9091232222222,691.908569,691.908569,16.65,0.111,0.967,0.967,0.5322865194666667,1.3156651228,1.3156651228,C486
E143,C1414,1414,PT,PT181,37.9639141999999,-8.80025129999999,6,Chemical,19,chemical-olefins,621.2121212,83,82,82,(LN)O-MEA,(LN)O,(LN)O,1.348312693,0.967,1.002,0.0,0.0,0.0,730.4031431035622,746.908569,746.908569,106.49401988134,55.0,55.0,623.9091232222222,691.908569,691.908569,16.65,0.111,0.967,0.967,0.5322865194666667,1.3156651228,1.3156651228,C486
E2048,C1416,1416,PT,PT16E,40.1432076999999,-8.8178296,3,Glass,11,glass-container,285.7047629,140,146,145,(NG)-CC,(EL)-CC,(EL),0.44358809,0.338,0.097,0.021,0.0,0.0,251.80920304444447,260.61025659999996,267.09275660000003,68.483,53.919,50.0,183.32620304444447,206.6912566,217.09275660000003,1.6499999999999997,0.011,0.002,0.073,0.08259808833333333,0.1719824,0.2425564,C487
E2054,C1417,1417,PT,PT16F,39.754902,-8.931647,3,Glass,11,glass-container,265.2534747,140,146,145,(NG)-CC,(EL)-CC,(EL),0.44358809,0.338,0.097,0.021,0.0,0.0,251.80920304444447,260.61025659999996,267.09275660000003,68.483,53.919,50.0,183.32620304444447,206.6912566,217.09275660000003,1.6499999999999997,0.011,0.002,0.073,0.08259808833333333,0.1719824,0.2425564,C480
E2024,C1418,1418,PT,PT16F,39.7363401,-8.9231383,3,Glass,11,glass-container,454.4403893,140,146,145,(NG)-CC,(EL)-CC,(EL),0.44358809,0.338,0.097,0.021,0.0,0.0,251.80920304444447,260.61025659999996,267.09275660000003,68.483,53.919,50.0,183.32620304444447,206.6912566,217.09275660000003,1.6499999999999997,0.011,0.002,0.073,0.08259808833333333,0.1719824,0.2425564,C480
E1803,C1420,1420,RO,RO311,33.836081,-81.1637245,2,Cement,8,cement,1570.744042,34,63,36,CEM2-(Afm)Oxy-MEA,EU-mix-2050,CEM2-(BMW),0.536074117,0.49818,0.485,0.501418443,0.0,0.0,69.07946884110001,69.18344591111111,104.71368770000001,18.088320381099997,12.345486,3.0,50.991148460000005,56.83795991111111,101.71368770000001,13.799999999999999,0.092,0.033971836,0.342,0.11191325199999999,0.05687816046263333,0.3516348,C488
E1804,C1421,1421,RO,RO111,33.836081,-81.1637245,2,Cement,8,cement,1454.949501,34,63,36,CEM2-(Afm)Oxy-MEA,EU-mix-2050,CEM2-(BMW),0.536074117,0.49818,0.485,0.501418443,0.0,0.0,69.07946884110001,69.18344591111111,104.71368770000001,18.088320381099997,12.345486,3.0,50.991148460000005,56.83795991111111,101.71368770000001,13.799999999999999,0.092,0.033971836,0.342,0.11191325199999999,0.05687816046263333,0.3516348,C488
E2390,C1423,1423,RO,RO415,45.0395309,24.29785,6,Chemical,19,chemical-olefins,43.56271,83,82,82,(LN)O-MEA,(LN)O,(LN)O,1.348312693,0.967,1.002,0.0,0.0,0.0,730.4031431035622,746.908569,746.908569,106.49401988134,55.0,55.0,623.9091232222222,691.908569,691.908569,16.65,0.111,0.967,0.967,0.5322865194666667,1.3156651228,1.3156651228,C489
E2528,C1423,1423,RO,RO415,45.0395309,24.29785,6,Chemical,20,chemical-PEA,43.406178,74,77,77,(NG)PEA-MEA,(EL)PEA,(EL)PEA,0.600555118,0.459,0.443,0.0,0.0,0.0,1250.9949502544825,1272.57565,1272.57565,120.499307810038,111.0,111.0,1130.4956424444445,1161.57565,1161.57565,7.35,0.049,0.0,0.0,0.16401245333333336,0.284634,0.284634,C489
E2655,C1423,1423,RO,RO415,45.0395309,24.29785,6,Chemical,21,chemical-PE,47.165769,65,68,68,(NG)PE-MEA,(EL)PE,(EL)PE,0.050040025,0.016,0.015,0.0,0.0,0.0,1000.7329960451451,1001.8245000000001,1001.8245000000001,37.033860045145,37.0,37.0,963.6991360000001,964.8245000000001,964.8245000000001,0.3,0.002,0.0,0.0,0.02090579,0.024953999999999997,0.024953999999999997,C489
E145,C1425,1425,RO,RO316,44.9424612999999,26.0737330999999,4,Refineries,15,refineries-light-liquid-fuel,701.76,178,177,175,REF-SMR-MEA,REF(H2)-MEA,REF-SMR,0.622573543,0.231,0.208,0.17,0.0,0.0,678.4894344371378,682.5657872661224,704.4289424577778,47.98003797936,46.4356079639,44.0,630.5093964577778,636.1301793022224,660.4289424577778,3.4499999999999997,0.023,0.019,0.231,0.4144009225333334,0.4040080408666667,0.6181601225333334,C490
E146,C1428,1428,RO,RO223,44.3459563999999,28.6549854,4,Refineries,15,refineries-light-liquid-fuel,1549.72,178,177,175,REF-SMR-MEA,REF(H2)-MEA,REF-SMR,0.622573543,0.231,0.208,0.17,0.0,0.0,678.4894344371378,682.5657872661224,704.4289424577778,47.98003797936,46.4356079639,44.0,630.5093964577778,636.1301793022224,660.4289424577778,3.4499999999999997,0.023,0.019,0.231,0.4144009225333334,0.4040080408666667,0.6181601225333334,C491
E147,C1429,1429,RO,RO316,44.9625346999999,26.0242945,4,Refineries,15,refineries-light-liquid-fuel,116.96,178,177,175,REF-SMR-MEA,REF(H2)-MEA,REF-SMR,0.622573543,0.231,0.208,0.17,0.0,0.0,678.4894344371378,682.5657872661224,704.4289424577778,47.98003797936,46.4356079639,44.0,630.5093964577778,636.1301793022224,660.4289424577778,3.4499999999999997,0.023,0.019,0.231,0.4144009225333334,0.4040080408666667,0.6181601225333334,C490
E2184,C1430,1430,RO,RO312,33.836081,-81.1637245,3,Glass,12,glass-float,193.219057,164,170,169,(NG)-CC,(EL)-CC,(EL),0.580169919,0.487,0.14,0.052,0.0,0.0,250.42840994222226,260.07431572,277.62331572,83.46000000000001,66.228,58.0,166.96840994222225,193.84631572000004,219.62331572,2.4,0.016,0.006,0.182,0.08442004666666666,0.1873836,0.36231559999999996,C488
E2059,C1434,1434,RO,RO321,44.4085655,26.1884619,3,Glass,11,glass-container,244.5955404,140,146,145,(NG)-CC,(EL)-CC,(EL),0.44358809,0.338,0.097,0.021,0.0,0.0,251.80920304444447,260.61025659999996,267.09275660000003,68.483,53.919,50.0,183.32620304444447,206.6912566,217.09275660000003,1.6499999999999997,0.011,0.002,0.073,0.08259808833333333,0.1719824,0.2425564,C492
E2391,C1437,1437,RO,RO215,47.853807,25.9690344,6,Chemical,19,chemical-olefins,43.56271,83,82,82,(LN)O-MEA,(LN)O,(LN)O,1.348312693,0.967,1.002,0.0,0.0,0.0,730.4031431035622,746.908569,746.908569,106.49401988134,55.0,55.0,623.9091232222222,691.908569,691.908569,16.65,0.111,0.967,0.967,0.5322865194666667,1.3156651228,1.3156651228,C493
E2529,C1437,1437,RO,RO215,47.853807,25.9690344,6,Chemical,20,chemical-PEA,43.406178,74,77,77,(NG)PEA-MEA,(EL)PEA,(EL)PEA,0.600555118,0.459,0.443,0.0,0.0,0.0,1250.9949502544825,1272.57565,1272.57565,120.499307810038,111.0,111.0,1130.4956424444445,1161.57565,1161.57565,7.35,0.049,0.0,0.0,0.16401245333333336,0.284634,0.284634,C493
E2656,C1437,1437,RO,RO215,47.853807,25.9690344,6,Chemical,21,chemical-PE,47.165769,65,68,68,(NG)PE-MEA,(EL)PE,(EL)PE,0.050040025,0.016,0.015,0.0,0.0,0.0,1000.7329960451451,1001.8245000000001,1001.8245000000001,37.033860045145,37.0,37.0,963.6991360000001,964.8245000000001,964.8245000000001,0.3,0.002,0.0,0.0,0.02090579,0.024953999999999997,0.024953999999999997,C493
E2392,C1438,1438,RO,RO121,45.9709349999999,23.5571677999999,6,Chemical,19,chemical-olefins,43.56271,83,82,82,(LN)O-MEA,(LN)O,(LN)O,1.348312693,0.967,1.002,0.0,0.0,0.0,730.4031431035622,746.908569,746.908569,106.49401988134,55.0,55.0,623.9091232222222,691.908569,691.908569,16.65,0.111,0.967,0.967,0.5322865194666667,1.3156651228,1.3156651228,C494
E2530,C1438,1438,RO,RO121,45.9709349999999,23.5571677999999,6,Chemical,20,chemical-PEA,43.406178,74,77,77,(NG)PEA-MEA,(EL)PEA,(EL)PEA,0.600555118,0.459,0.443,0.0,0.0,0.0,1250.9949502544825,1272.57565,1272.57565,120.499307810038,111.0,111.0,1130.4956424444445,1161.57565,1161.57565,7.35,0.049,0.0,0.0,0.16401245333333336,0.284634,0.284634,C494
E2657,C1438,1438,RO,RO121,45.9709349999999,23.5571677999999,6,Chemical,21,chemical-PE,47.165769,65,68,68,(NG)PE-MEA,(EL)PE,(EL)PE,0.050040025,0.016,0.015,0.0,0.0,0.0,1000.7329960451451,1001.8245000000001,1001.8245000000001,37.033860045145,37.0,37.0,963.6991360000001,964.8245000000001,964.8245000000001,0.3,0.002,0.0,0.0,0.02090579,0.024953999999999997,0.024953999999999997,C494
E945,C1440,1440,RO,RO422,45.2948659999999,21.9016759,1,Steel,2,steel-secondary,269.0217391,214,218,214,Scraps EAF,EU-mix-2050,Scraps EAF,0.143477203,0.04,0.0,0.0,0.0,0.0,531.9477585,531.9477585,531.9477585,18.0,18.0,18.0,513.9477585,513.9477585,513.9477585,6.0,0.04,0.04,0.04,0.0973878205,0.0973878205,0.0973878205,C495
E2209,C1444,1444,RO,RO316,44.9412256,26.0603027,3,Glass,13,glass-fibre,22.44504831,158,152,157,(EL)-CC,(NG)-CC,(EL),0.827356012,0.634,0.066,0.183,0.0,0.0,328.847314,329.405778,350.893514,81.174,109.437,71.0,247.673314,219.968778,279.893514,1.05,0.007,0.02,0.227,0.2712316,0.14762786,0.48989479999999996,C490
E952,C1450,1450,RO,RO224,45.4410663,27.9868470999999,1,Steel,1,steel-primary,2175.0,204,203,203,(NG)DRI-EAF-MEA,(NG)DRI-EAF,(NG)DRI-EAF,2.36399401,2.002,0.586,0.0,0.0,0.0,435.4523586444444,502.38245864444445,502.38245864444445,46.0,32.0,32.0,389.4523586444444,470.38245864444445,470.38245864444445,9.75,0.065,0.651,0.651,0.20736103233333333,0.7814126323333334,0.7814126323333334,C496
E953,C1451,1451,RO,RO423,45.7875587999999,22.9201307999999,1,Steel,2,steel-secondary,328.8043478,214,218,214,Scraps EAF,EU-mix-2050,Scraps EAF,0.143477203,0.04,0.0,0.0,0.0,0.0,531.9477585,531.9477585,531.9477585,18.0,18.0,18.0,513.9477585,513.9477585,513.9477585,6.0,0.04,0.04,0.04,0.0973878205,0.0973878205,0.0973878205,C497
E1812,C1456,1456,RO,RO313,45.11972,25.4153899999999,2,Cement,8,cement,972.4432615,34,63,36,CEM2-(Afm)Oxy-MEA,EU-mix-2050,CEM2-(BMW),0.536074117,0.49818,0.485,0.501418443,0.0,0.0,69.07946884110001,69.18344591111111,104.71368770000001,18.088320381099997,12.345486,3.0,50.991148460000005,56.83795991111111,101.71368770000001,13.799999999999999,0.092,0.033971836,0.342,0.11191325199999999,0.05687816046263333,0.3516348,C498
E1813,C1457,1457,RO,RO423,45.9546968,22.8689848,2,Cement,8,cement,908.2485014,34,63,36,CEM2-(Afm)Oxy-MEA,EU-mix-2050,CEM2-(BMW),0.536074117,0.49818,0.485,0.501418443,0.0,0.0,69.07946884110001,69.18344591111111,104.71368770000001,18.088320381099997,12.345486,3.0,50.991148460000005,56.83795991111111,101.71368770000001,13.799999999999999,0.092,0.033971836,0.342,0.11191325199999999,0.05687816046263333,0.3516348,C497
E1814,C1458,1458,RO,RO122,45.9533479999999,25.2841969999999,2,Cement,8,cement,1176.70871,34,63,36,CEM2-(Afm)Oxy-MEA,EU-mix-2050,CEM2-(BMW),0.536074117,0.49818,0.485,0.501418443,0.0,0.0,69.07946884110001,69.18344591111111,104.71368770000001,18.088320381099997,12.345486,3.0,50.991148460000005,56.83795991111111,101.71368770000001,13.799999999999999,0.092,0.033971836,0.342,0.11191325199999999,0.05687816046263333,0.3516348,C499
E1815,C1459,1459,RO,RO214,46.9073271999999,26.0142732,2,Cement,8,cement,983.0729748,34,63,36,CEM2-(Afm)Oxy-MEA,EU-mix-2050,CEM2-(BMW),0.536074117,0.49818,0.485,0.501418443,0.0,0.0,69.07946884110001,69.18344591111111,104.71368770000001,18.088320381099997,12.345486,3.0,50.991148460000005,56.83795991111111,101.71368770000001,13.799999999999999,0.092,0.033971836,0.342,0.11191325199999999,0.05687816046263333,0.3516348,C500
E1816,C1460,1460,RO,RO223,44.2420047999999,28.3077617,2,Cement,8,cement,1393.6985,34,63,36,CEM2-(Afm)Oxy-MEA,EU-mix-2050,CEM2-(BMW),0.536074117,0.49818,0.485,0.501418443,0.0,0.0,69.07946884110001,69.18344591111111,104.71368770000001,18.088320381099997,12.345486,3.0,50.991148460000005,56.83795991111111,101.71368770000001,13.799999999999999,0.092,0.033971836,0.342,0.11191325199999999,0.05687816046263333,0.3516348,C501
E954,C1461,1461,RO,RO312,44.2166141,27.2999377,1,Steel,2,steel-secondary,280.9782609,214,218,214,Scraps EAF,EU-mix-2050,Scraps EAF,0.143477203,0.04,0.0,0.0,0.0,0.0,531.9477585,531.9477585,531.9477585,18.0,18.0,18.0,513.9477585,513.9477585,513.9477585,6.0,0.04,0.04,0.04,0.0973878205,0.0973878205,0.0973878205,C502
E956,C1463,1463,RO,RO422,45.1371109,26.8171122,1,Steel,2,steel-secondary,496.1956522,214,218,214,Scraps EAF,EU-mix-2050,Scraps EAF,0.143477203,0.04,0.0,0.0,0.0,0.0,531.9477585,531.9477585,531.9477585,18.0,18.0,18.0,513.9477585,513.9477585,513.9477585,6.0,0.04,0.04,0.04,0.0973878205,0.0973878205,0.0973878205,C503
E2276,C1465,1465,SE,SE125,59.5008288,16.0084012,5,Fertilisers,18,fertiliser-nitric-acid,206.99999999999997,117,118,117,(BM)HNO3,(BM)HNO3-DEA,(BM)HNO3,0.455609314,0.409,0.0,0.736,0.0,0.736,97.43214512,105.90694141568,97.43214512,30.0,38.47479629568,30.0,67.43214512,67.43214512,67.43214512,0.0,0.0,-0.736,0.0,0.0,-0.736,0.0,C504
E2565,C1466,1466,SE,SE224,20.5136183999999,-100.9710922,6,Chemical,21,chemical-PE,47.165769,65,68,68,(NG)PE-MEA,(EL)PE,(EL)PE,0.050040025,0.016,0.015,0.0,0.0,0.0,1000.7329960451451,1001.8245000000001,1001.8245000000001,37.033860045145,37.0,37.0,963.6991360000001,964.8245000000001,964.8245000000001,0.3,0.002,0.0,0.0,0.02090579,0.024953999999999997,0.024953999999999997,C505
E1817,C1468,1468,SE,SE232,58.3852491,13.8313366,2,Cement,8,cement,638.9056383,34,63,36,CEM2-(Afm)Oxy-MEA,EU-mix-2050,CEM2-(BMW),0.536074117,0.49818,0.485,0.501418443,0.0,0.0,69.07946884110001,69.18344591111111,104.71368770000001,18.088320381099997,12.345486,3.0,50.991148460000005,56.83795991111111,101.71368770000001,13.799999999999999,0.092,0.033971836,0.342,0.11191325199999999,0.05687816046263333,0.3516348,C506
E1818,C1469,1469,SE,SE214,57.7077201999999,18.8035153999999,2,Cement,8,cement,2611.076749,34,63,36,CEM2-(Afm)Oxy-MEA,EU-mix-2050,CEM2-(BMW),0.536074117,0.49818,0.485,0.501418443,0.0,0.0,69.07946884110001,69.18344591111111,104.71368770000001,18.088320381099997,12.345486,3.0,50.991148460000005,56.83795991111111,101.71368770000001,13.799999999999999,0.092,0.033971836,0.342,0.11191325199999999,0.05687816046263333,0.3516348,C507
E2066,C1473,1473,SE,SE232,57.5411812999999,13.3543809,3,Glass,11,glass-container,209.0357631,140,146,145,(NG)-CC,(EL)-CC,(EL),0.44358809,0.338,0.097,0.021,0.0,0.0,251.80920304444447,260.61025659999996,267.09275660000003,68.483,53.919,50.0,183.32620304444447,206.6912566,217.09275660000003,1.6499999999999997,0.011,0.002,0.073,0.08259808833333333,0.1719824,0.2425564,C508
E148,C1478,1478,SE,SE110,58.9187040999999,17.9613103999999,4,Refineries,15,refineries-light-liquid-fuel,438.59999999999997,178,177,175,REF-SMR-MEA,REF(H2)-MEA,REF-SMR,0.622573543,0.231,0.208,0.17,0.0,0.0,678.4894344371378,682.5657872661224,704.4289424577778,47.98003797936,46.4356079639,44.0,630.5093964577778,636.1301793022224,660.4289424577778,3.4499999999999997,0.023,0.019,0.231,0.4144009225333334,0.4040080408666667,0.6181601225333334,C509
E149,C1479,1479,SE,SE232,57.6991978,11.8967957,4,Refineries,15,refineries-light-liquid-fuel,204.68,178,177,175,REF-SMR-MEA,REF(H2)-MEA,REF-SMR,0.622573543,0.231,0.208,0.17,0.0,0.0,678.4894344371378,682.5657872661224,704.4289424577778,47.98003797936,46.4356079639,44.0,630.5093964577778,636.1301793022224,660.4289424577778,3.4499999999999997,0.023,0.019,0.231,0.4144009225333334,0.4040080408666667,0.6181601225333334,C510
E150,C1480,1480,SE,SE232,57.7088942999999,11.8322868,4,Refineries,15,refineries-light-liquid-fuel,1549.72,178,177,175,REF-SMR-MEA,REF(H2)-MEA,REF-SMR,0.622573543,0.231,0.208,0.17,0.0,0.0,678.4894344371378,682.5657872661224,704.4289424577778,47.98003797936,46.4356079639,44.0,630.5093964577778,636.1301793022224,660.4289424577778,3.4499999999999997,0.023,0.019,0.231,0.4144009225333334,0.4040080408666667,0.6181601225333334,C510
E151,C1481,1481,SE,SE232,57.7033680999999,11.8784869,4,Refineries,15,refineries-light-liquid-fuel,1169.6,178,177,175,REF-SMR-MEA,REF(H2)-MEA,REF-SMR,0.622573543,0.231,0.208,0.17,0.0,0.0,678.4894344371378,682.5657872661224,704.4289424577778,47.98003797936,46.4356079639,44.0,630.5093964577778,636.1301793022224,660.4289424577778,3.4499999999999997,0.023,0.019,0.231,0.4144009225333334,0.4040080408666667,0.6181601225333334,C510
E152,C1482,1482,SE,SE232,58.3484281,11.4172406,4,Refineries,15,refineries-light-liquid-fuel,3070.2,178,177,175,REF-SMR-MEA,REF(H2)-MEA,REF-SMR,0.622573543,0.231,0.208,0.17,0.0,0.0,678.4894344371378,682.5657872661224,704.4289424577778,47.98003797936,46.4356079639,44.0,630.5093964577778,636.1301793022224,660.4289424577778,3.4499999999999997,0.023,0.019,0.231,0.4144009225333334,0.4040080408666667,0.6181601225333334,C511
E957,C1483,1483,SE,SE313,60.6170414999999,16.7863629,1,Steel,2,steel-secondary,192.5065963,214,218,214,Scraps EAF,EU-mix-2050,Scraps EAF,0.143477203,0.04,0.0,0.0,0.0,0.0,531.9477585,531.9477585,531.9477585,18.0,18.0,18.0,513.9477585,513.9477585,513.9477585,6.0,0.04,0.04,0.04,0.0973878205,0.0973878205,0.0973878205,C512
E959,C1485,1485,SE,SE312,60.1379886,15.4119255,1,Steel,2,steel-secondary,462.0158311,214,218,214,Scraps EAF,EU-mix-2050,Scraps EAF,0.143477203,0.04,0.0,0.0,0.0,0.0,531.9477585,531.9477585,531.9477585,18.0,18.0,18.0,513.9477585,513.9477585,513.9477585,6.0,0.04,0.04,0.04,0.0973878205,0.0973878205,0.0973878205,C513
E962,C1488,1488,SE,SE312,60.1489838999999,16.1706822999999,1,Steel,2,steel-secondary,481.2664908,214,218,214,Scraps EAF,EU-mix-2050,Scraps EAF,0.143477203,0.04,0.0,0.0,0.0,0.0,531.9477585,531.9477585,531.9477585,18.0,18.0,18.0,513.9477585,513.9477585,513.9477585,6.0,0.04,0.04,0.04,0.0973878205,0.0973878205,0.0973878205,C514
E964,C1490,1490,SE,SE313,60.557521,16.2982002,1,Steel,2,steel-secondary,481.2664908,214,218,214,Scraps EAF,EU-mix-2050,Scraps EAF,0.143477203,0.04,0.0,0.0,0.0,0.0,531.9477585,531.9477585,531.9477585,18.0,18.0,18.0,513.9477585,513.9477585,513.9477585,6.0,0.04,0.04,0.04,0.0973878205,0.0973878205,0.0973878205,C515
E965,C1491,1491,SE,SE311,59.2418474999999,14.2403131999999,1,Steel,2,steel-secondary,91.44063325,214,218,214,Scraps EAF,EU-mix-2050,Scraps EAF,0.143477203,0.04,0.0,0.0,0.0,0.0,531.9477585,531.9477585,531.9477585,18.0,18.0,18.0,513.9477585,513.9477585,513.9477585,6.0,0.04,0.04,0.04,0.0973878205,0.0973878205,0.0973878205,C516
E966,C1492,1492,SE,SE122,58.6737582,17.1240507999999,1,Steel,1,steel-primary,1233.153846,204,203,203,(NG)DRI-EAF-MEA,(NG)DRI-EAF,(NG)DRI-EAF,2.36399401,2.002,0.586,0.0,0.0,0.0,435.4523586444444,502.38245864444445,502.38245864444445,46.0,32.0,32.0,389.4523586444444,470.38245864444445,470.38245864444445,9.75,0.065,0.651,0.651,0.20736103233333333,0.7814126323333334,0.7814126323333334,C517
E967,C1493,1493,SE,SE332,65.5633411,22.1997044,1,Steel,1,steel-primary,1595.846154,204,203,203,(NG)DRI-EAF-MEA,(NG)DRI-EAF,(NG)DRI-EAF,2.36399401,2.002,0.586,0.0,0.0,0.0,435.4523586444444,502.38245864444445,502.38245864444445,46.0,32.0,32.0,389.4523586444444,470.38245864444445,470.38245864444445,9.75,0.065,0.651,0.651,0.20736103233333333,0.7814126323333334,0.7814126323333334,C518
E968,C1494,1494,SE,SE311,60.0277593,13.6923505,1,Steel,2,steel-secondary,115.5039578,214,218,214,Scraps EAF,EU-mix-2050,Scraps EAF,0.143477203,0.04,0.0,0.0,0.0,0.0,531.9477585,531.9477585,531.9477585,18.0,18.0,18.0,513.9477585,513.9477585,513.9477585,6.0,0.04,0.04,0.04,0.0973878205,0.0973878205,0.0973878205,C519
E1828,C1500,1500,SI,SI043,46.0686687999999,13.6285313,2,Cement,8,cement,993.7989202,34,63,36,CEM2-(Afm)Oxy-MEA,EU-mix-2050,CEM2-(BMW),0.536074117,0.49818,0.485,0.501418443,0.0,0.0,69.07946884110001,69.18344591111111,104.71368770000001,18.088320381099997,12.345486,3.0,50.991148460000005,56.83795991111111,101.71368770000001,13.799999999999999,0.092,0.033971836,0.342,0.11191325199999999,0.05687816046263333,0.3516348,C520
E1829,C1501,1501,SI,SI035,46.129778,15.0356919999999,2,Cement,8,cement,0.087161125,34,63,36,CEM2-(Afm)Oxy-MEA,EU-mix-2050,CEM2-(BMW),0.536074117,0.49818,0.485,0.501418443,0.0,0.0,69.07946884110001,69.18344591111111,104.71368770000001,18.088320381099997,12.345486,3.0,50.991148460000005,56.83795991111111,101.71368770000001,13.799999999999999,0.092,0.033971836,0.342,0.11191325199999999,0.05687816046263333,0.3516348,C521
E2137,C1502,1502,SI,SI034,46.2255025999999,15.646504,3,Glass,11,glass-container,22.30110322,140,146,145,(NG)-CC,(EL)-CC,(EL),0.44358809,0.338,0.097,0.021,0.0,0.0,251.80920304444447,260.61025659999996,267.09275660000003,68.483,53.919,50.0,183.32620304444447,206.6912566,217.09275660000003,1.6499999999999997,0.011,0.002,0.073,0.08259808833333333,0.1719824,0.2425564,C317
E2081,C1506,1506,SI,SI035,46.1285782,15.0933008,3,Glass,11,glass-container,163.1645169,140,146,145,(NG)-CC,(EL)-CC,(EL),0.44358809,0.338,0.097,0.021,0.0,0.0,251.80920304444447,260.61025659999996,267.09275660000003,68.483,53.919,50.0,183.32620304444447,206.6912566,217.09275660000003,1.6499999999999997,0.011,0.002,0.073,0.08259808833333333,0.1719824,0.2425564,C521
E972,C1507,1507,SI,SI042,46.4255137,14.0936462,1,Steel,2,steel-secondary,413.9240506,214,218,214,Scraps EAF,EU-mix-2050,Scraps EAF,0.143477203,0.04,0.0,0.0,0.0,0.0,531.9477585,531.9477585,531.9477585,18.0,18.0,18.0,513.9477585,513.9477585,513.9477585,6.0,0.04,0.04,0.04,0.0973878205,0.0973878205,0.0973878205,C522
E973,C1508,1508,SI,SI033,46.5442006999999,14.9496143,1,Steel,2,steel-secondary,115.8987342,214,218,214,Scraps EAF,EU-mix-2050,Scraps EAF,0.143477203,0.04,0.0,0.0,0.0,0.0,531.9477585,531.9477585,531.9477585,18.0,18.0,18.0,513.9477585,513.9477585,513.9477585,6.0,0.04,0.04,0.04,0.0973878205,0.0973878205,0.0973878205,C523
E974,C1509,1509,SI,SI034,46.2255889999999,15.299049,1,Steel,2,steel-secondary,124.1772152,214,218,214,Scraps EAF,EU-mix-2050,Scraps EAF,0.143477203,0.04,0.0,0.0,0.0,0.0,531.9477585,531.9477585,531.9477585,18.0,18.0,18.0,513.9477585,513.9477585,513.9477585,6.0,0.04,0.04,0.04,0.0973878205,0.0973878205,0.0973878205,C524
E2099,C1510,1510,SK,SK022,49.0703304,18.2864727,3,Glass,11,glass-container,102.4847515,140,146,145,(NG)-CC,(EL)-CC,(EL),0.44358809,0.338,0.097,0.021,0.0,0.0,251.80920304444447,260.61025659999996,267.09275660000003,68.483,53.919,50.0,183.32620304444447,206.6912566,217.09275660000003,1.6499999999999997,0.011,0.002,0.073,0.08259808833333333,0.1719824,0.2425564,C525
E2139,C1512,1512,SK,SK032,48.4636453999999,19.6352473,3,Glass,11,glass-container,15.87091291,140,146,145,(NG)-CC,(EL)-CC,(EL),0.44358809,0.338,0.097,0.021,0.0,0.0,251.80920304444447,260.61025659999996,267.09275660000003,68.483,53.919,50.0,183.32620304444447,206.6912566,217.09275660000003,1.6499999999999997,0.011,0.002,0.073,0.08259808833333333,0.1719824,0.2425564,C526
E153,C1514,1514,SK,SK010,48.1281979999999,17.176601,4,Refineries,15,refineries-light-liquid-fuel,1695.92,178,177,175,REF-SMR-MEA,REF(H2)-MEA,REF-SMR,0.622573543,0.231,0.208,0.17,0.0,0.0,678.4894344371378,682.5657872661224,704.4289424577778,47.98003797936,46.4356079639,44.0,630.5093964577778,636.1301793022224,660.4289424577778,3.4499999999999997,0.023,0.019,0.231,0.4144009225333334,0.4040080408666667,0.6181601225333334,C527
E2072,C1515,1515,SK,SK022,48.9670515999999,18.1213812999999,3,Glass,11,glass-container,188.6044729,140,146,145,(NG)-CC,(EL)-CC,(EL),0.44358809,0.338,0.097,0.021,0.0,0.0,251.80920304444447,260.61025659999996,267.09275660000003,68.483,53.919,50.0,183.32620304444447,206.6912566,217.09275660000003,1.6499999999999997,0.011,0.002,0.073,0.08259808833333333,0.1719824,0.2425564,C525
E1834,C1516,1516,SK,SK042,48.5923972,20.8427982999999,2,Cement,8,cement,590.5631599,34,63,36,CEM2-(Afm)Oxy-MEA,EU-mix-2050,CEM2-(BMW),0.536074117,0.49818,0.485,0.501418443,0.0,0.0,69.07946884110001,69.18344591111111,104.71368770000001,18.088320381099997,12.345486,3.0,50.991148460000005,56.83795991111111,101.71368770000001,13.799999999999999,0.092,0.033971836,0.342,0.11191325199999999,0.05687816046263333,0.3516348,C528
E975,C1517,1517,SK,SK032,48.8092114,19.5287298999999,1,Steel,2,steel-secondary,350.0,214,218,214,Scraps EAF,EU-mix-2050,Scraps EAF,0.143477203,0.04,0.0,0.0,0.0,0.0,531.9477585,531.9477585,531.9477585,18.0,18.0,18.0,513.9477585,513.9477585,513.9477585,6.0,0.04,0.04,0.04,0.0973878205,0.0973878205,0.0973878205,C529
E1879,C1520,1520,SK,SK010,48.1281979999999,17.176601,6,Chemical,19,chemical-olefins,225.0,83,82,82,(LN)O-MEA,(LN)O,(LN)O,1.348312693,0.967,1.002,0.0,0.0,0.0,730.4031431035622,746.908569,746.908569,106.49401988134,55.0,55.0,623.9091232222222,691.908569,691.908569,16.65,0.111,0.967,0.967,0.5322865194666667,1.3156651228,1.3156651228,C527
E1880,C1520,1520,SK,SK010,48.1281979999999,17.176601,6,Chemical,21,chemical-PE,475.0,65,68,68,(NG)PE-MEA,(EL)PE,(EL)PE,0.050040025,0.016,0.015,0.0,0.0,0.0,1000.7329960451451,1001.8245000000001,1001.8245000000001,37.033860045145,37.0,37.0,963.6991360000001,964.8245000000001,964.8245000000001,0.3,0.002,0.0,0.0,0.02090579,0.024953999999999997,0.024953999999999997,C527
E3016,C1520,1520,SK,SK010,48.1281979999999,17.176601,6,Chemical,19,chemical-olefins,115.9091,83,82,82,(LN)O-MEA,(LN)O,(LN)O,1.348312693,0.967,1.002,0.0,0.0,0.0,730.4031431035622,746.908569,746.908569,106.49401988134,55.0,55.0,623.9091232222222,691.908569,691.908569,16.65,0.111,0.967,0.967,0.5322865194666667,1.3156651228,1.3156651228,C527
E3017,C1520,1520,SK,SK010,48.1281979999999,17.176601,6,Chemical,19,chemical-olefins,340.9091,83,82,82,(LN)O-MEA,(LN)O,(LN)O,1.348312693,0.967,1.002,0.0,0.0,0.0,730.4031431035622,746.908569,746.908569,106.49401988134,55.0,55.0,623.9091232222222,691.908569,691.908569,16.65,0.111,0.967,0.967,0.5322865194666667,1.3156651228,1.3156651228,C527
E2286,C1525,1525,SK,SK042,48.8733302999999,21.8192686999999,5,Fertilisers,18,fertiliser-ammonia,279.45,105,107,107,(NG)NH3-MVR-DEA,(BM)NH3,(BM)NH3,2.07811468,1.742,1.42,0.0,0.0,0.0,482.6432713651555,490.9891,490.9891,120.3508298096,170.0,170.0,362.2924415555555,320.9891,320.9891,30.3,0.202,0.0,0.0,0.46096393166666666,0.1487316,0.1487316,C530
E1840,C1527,1527,SK,SK022,48.9982048999999,18.0997197999999,2,Cement,8,cement,463.8573087,34,63,36,CEM2-(Afm)Oxy-MEA,EU-mix-2050,CEM2-(BMW),0.536074117,0.49818,0.485,0.501418443,0.0,0.0,69.07946884110001,69.18344591111111,104.71368770000001,18.088320381099997,12.345486,3.0,50.991148460000005,56.83795991111111,101.71368770000001,13.799999999999999,0.092,0.033971836,0.342,0.11191325199999999,0.05687816046263333,0.3516348,C525
E2438,C1528,1528,SK,SK042,48.8710657999999,21.8222127999999,6,Chemical,20,chemical-PEA,43.406178,74,77,77,(NG)PEA-MEA,(EL)PEA,(EL)PEA,0.600555118,0.459,0.443,0.0,0.0,0.0,1250.9949502544825,1272.57565,1272.57565,120.499307810038,111.0,111.0,1130.4956424444445,1161.57565,1161.57565,7.35,0.049,0.0,0.0,0.16401245333333336,0.284634,0.284634,C530
E2239,C1530,1530,SK,SK023,48.1867609999999,17.930052,5,Fertilisers,18,fertiliser-ammonia,698.9699999999999,105,107,107,(NG)NH3-MVR-DEA,(BM)NH3,(BM)NH3,2.07811468,1.742,1.42,0.0,0.0,0.0,482.6432713651555,490.9891,490.9891,120.3508298096,170.0,170.0,362.2924415555555,320.9891,320.9891,30.3,0.202,0.0,0.0,0.46096393166666666,0.1487316,0.1487316,C531
E1842,C1531,1531,SK,SK010,48.4439490999999,17.1984958,2,Cement,8,cement,1454.423379,34,63,36,CEM2-(Afm)Oxy-MEA,EU-mix-2050,CEM2-(BMW),0.536074117,0.49818,0.485,0.501418443,0.0,0.0,69.07946884110001,69.18344591111111,104.71368770000001,18.088320381099997,12.345486,3.0,50.991148460000005,56.83795991111111,101.71368770000001,13.799999999999999,0.092,0.033971836,0.342,0.11191325199999999,0.05687816046263333,0.3516348,C532
E2196,C1532,1532,SK,SK021,48.3532172999999,17.5726538,3,Glass,13,glass-fibre,119.446256,158,152,157,(EL)-CC,(NG)-CC,(EL),0.827356012,0.634,0.066,0.183,0.0,0.0,328.847314,329.405778,350.893514,81.174,109.437,71.0,247.673314,219.968778,279.893514,1.05,0.007,0.02,0.227,0.2712316,0.14762786,0.48989479999999996,C533
E1843,C1533,1533,SK,SK022,49.0347608,18.2950698,2,Cement,8,cement,835.8968798,34,63,36,CEM2-(Afm)Oxy-MEA,EU-mix-2050,CEM2-(BMW),0.536074117,0.49818,0.485,0.501418443,0.0,0.0,69.07946884110001,69.18344591111111,104.71368770000001,18.088320381099997,12.345486,3.0,50.991148460000005,56.83795991111111,101.71368770000001,13.799999999999999,0.092,0.033971836,0.342,0.11191325199999999,0.05687816046263333,0.3516348,C525
E978,C1534,1534,SK,SK042,48.62571,21.20301,1,Steel,1,steel-primary,4780.0,204,203,203,(NG)DRI-EAF-MEA,(NG)DRI-EAF,(NG)DRI-EAF,2.36399401,2.002,0.586,0.0,0.0,0.0,435.4523586444444,502.38245864444445,502.38245864444445,46.0,32.0,32.0,389.4523586444444,470.38245864444445,470.38245864444445,9.75,0.065,0.651,0.651,0.20736103233333333,0.7814126323333334,0.7814126323333334,C534
E979,C1535,1535,FR,FRE11,51.02534,2.2924,1,Steel,1,steel-primary,5994.683544,204,203,203,(NG)DRI-EAF-MEA,(NG)DRI-EAF,(NG)DRI-EAF,2.36399401,2.002,0.586,0.0,0.0,0.0,435.4523586444444,502.38245864444445,502.38245864444445,46.0,32.0,32.0,389.4523586444444,470.38245864444445,470.38245864444445,9.75,0.065,0.651,0.651,0.20736103233333333,0.7814126323333334,0.7814126323333334,C222
E157,C1536,1536,HU,HU120,47.29801,18.89106,4,Refineries,15,refineries-light-liquid-fuel,2368.44,178,177,175,REF-SMR-MEA,REF(H2)-MEA,REF-SMR,0.622573543,0.231,0.208,0.17,0.0,0.0,678.4894344371378,682.5657872661224,704.4289424577778,47.98003797936,46.4356079639,44.0,630.5093964577778,636.1301793022224,660.4289424577778,3.4499999999999997,0.023,0.019,0.231,0.4144009225333334,0.4040080408666667,0.6181601225333334,C535
